2010-06-29	23.889999
2010-06-30	23.83
2010-07-01	21.959999
2010-07-02	19.200001
2010-07-06	16.110001
2010-07-07	15.8
2010-07-08	17.459999
2010-07-09	17.4
2010-07-12	17.049999
2010-07-13	18.139999
2010-07-14	19.84
2010-07-15	19.889999
2010-07-16	20.639999
2010-07-19	21.91
2010-07-20	20.299999
2010-07-21	20.219999
2010-07-22	21.0
2010-07-23	21.290001
2010-07-26	20.950001
2010-07-27	20.549999
2010-07-28	20.719999
2010-07-29	20.35
2010-07-30	19.940001
2010-08-02	20.92
2010-08-03	21.950001
2010-08-04	21.26
2010-08-05	20.450001
2010-08-06	19.59
2010-08-09	19.6
2010-08-10	19.030001
2010-08-11	17.9
2010-08-12	17.6
2010-08-13	18.32
2010-08-16	18.780001
2010-08-17	19.15
2010-08-18	18.77
2010-08-19	18.790001
2010-08-20	19.1
2010-08-23	20.129999
2010-08-24	19.200001
2010-08-25	19.9
2010-08-26	19.75
2010-08-27	19.700001
2010-08-30	19.870001
2010-08-31	19.48
2010-09-01	20.450001
2010-09-02	21.059999
2010-09-03	21.049999
2010-09-07	20.540001
2010-09-08	20.9
2010-09-09	20.709999
2010-09-10	20.17
2010-09-13	20.719999
2010-09-14	21.120001
2010-09-15	21.98
2010-09-16	20.940001
2010-09-17	20.23
2010-09-20	21.059999
2010-09-21	20.77
2010-09-22	19.870001
2010-09-23	19.559999
2010-09-24	20.1
2010-09-27	20.530001
2010-09-28	21.4
2010-09-29	21.98
2010-09-30	20.41
2010-10-01	20.6
2010-10-04	20.99
2010-10-05	21.120001
2010-10-06	20.459999
2010-10-07	20.43
2010-10-08	20.43
2010-10-11	20.24
2010-10-12	20.24
2010-10-13	20.540001
2010-10-14	20.75
2010-10-15	20.540001
2010-10-18	20.23
2010-10-19	20.049999
2010-10-20	20.65
2010-10-21	20.75
2010-10-22	20.719999
2010-10-25	20.85
2010-10-26	21.360001
2010-10-27	21.0
2010-10-28	21.190001
2010-10-29	21.84
2010-11-01	21.41
2010-11-02	21.25
2010-11-03	21.77
2010-11-04	24.9
2010-11-05	24.440001
2010-11-08	24.98
2010-11-09	24.629999
2010-11-10	29.360001
2010-11-11	28.040001
2010-11-12	29.84
2010-11-15	30.799999
2010-11-16	29.67
2010-11-17	29.49
2010-11-18	29.889999
2010-11-19	30.99
2010-11-22	33.400002
2010-11-23	34.57
2010-11-24	35.470001
2010-11-26	35.32
2010-11-29	34.330002
2010-11-30	35.330002
2010-12-01	34.349998
2010-12-02	32.349998
2010-12-03	31.49
2010-12-06	30.309999
2010-12-07	31.559999
2010-12-08	32.369999
2010-12-09	32.049999
2010-12-10	31.52
2010-12-13	30.549999
2010-12-14	28.530001
2010-12-15	29.6
2010-12-16	30.809999
2010-12-17	31.360001
2010-12-20	31.700001
2010-12-21	32.259998
2010-12-22	32.630001
2010-12-23	30.09
2010-12-27	25.549999
2010-12-28	26.41
2010-12-29	27.73
2010-12-30	26.5
2010-12-31	26.629999
2011-01-03	26.620001
2011-01-04	26.67
2011-01-05	26.83
2011-01-06	27.879999
2011-01-07	28.24
2011-01-10	28.450001
2011-01-11	26.959999
2011-01-12	26.959999
2011-01-13	26.219999
2011-01-14	25.75
2011-01-18	25.639999
2011-01-19	24.030001
2011-01-20	22.620001
2011-01-21	23.040001
2011-01-24	24.49
2011-01-25	24.68
2011-01-26	24.75
2011-01-27	24.92
2011-01-28	24.01
2011-01-31	24.1
2011-02-01	23.91
2011-02-02	23.940001
2011-02-03	23.629999
2011-02-04	23.459999
2011-02-07	23.07
2011-02-08	24.49
2011-02-09	23.209999
2011-02-10	23.219999
2011-02-11	23.25
2011-02-14	23.08
2011-02-15	22.84
2011-02-16	24.73
2011-02-17	23.6
2011-02-18	23.18
2011-02-22	21.870001
2011-02-23	21.83
2011-02-24	22.530001
2011-02-25	23.610001
2011-02-28	23.889999
2011-03-01	23.940001
2011-03-02	24.02
2011-03-03	24.360001
2011-03-04	24.950001
2011-03-07	24.940001
2011-03-08	24.66
2011-03-09	24.719999
2011-03-10	24.01
2011-03-11	24.07
2011-03-14	23.25
2011-03-15	22.950001
2011-03-16	22.82
2011-03-17	22.809999
2011-03-18	22.959999
2011-03-21	22.73
2011-03-22	22.190001
2011-03-23	22.209999
2011-03-24	22.33
2011-03-25	22.75
2011-03-28	23.25
2011-03-29	23.92
2011-03-30	23.709999
2011-03-31	27.75
2011-04-01	26.66
2011-04-04	25.83
2011-04-05	26.700001
2011-04-06	26.49
2011-04-07	27.24
2011-04-08	26.49
2011-04-11	25.27
2011-04-12	24.65
2011-04-13	24.93
2011-04-14	25.139999
2011-04-15	25.58
2011-04-18	25.030001
2011-04-19	25.16
2011-04-20	25.75
2011-04-21	26.74
2011-04-25	26.389999
2011-04-26	26.93
2011-04-27	27.08
2011-04-28	27.66
2011-04-29	27.6
2011-05-02	27.450001
2011-05-03	26.870001
2011-05-04	26.690001
2011-05-05	26.440001
2011-05-06	27.120001
2011-05-09	27.91
2011-05-10	28.33
2011-05-11	27.07
2011-05-12	27.67
2011-05-13	27.549999
2011-05-16	26.6
2011-05-17	25.959999
2011-05-18	26.35
2011-05-19	28.200001
2011-05-20	27.969999
2011-05-23	26.82
2011-05-24	26.719999
2011-05-25	28.98
2011-05-26	29.48
2011-05-27	29.549999
2011-05-31	30.139999
2011-06-01	28.52
2011-06-02	28.76
2011-06-03	30.129999
2011-06-06	28.700001
2011-06-07	28.370001
2011-06-08	27.120001
2011-06-09	27.620001
2011-06-10	27.860001
2011-06-13	28.43
2011-06-14	28.6
2011-06-15	27.32
2011-06-16	26.5
2011-06-17	26.5
2011-06-20	26.01
2011-06-21	27.530001
2011-06-22	27.209999
2011-06-23	27.709999
2011-06-24	27.57
2011-06-27	27.459999
2011-06-28	28.110001
2011-06-29	28.290001
2011-06-30	29.129999
2011-07-01	29.02
2011-07-05	29.139999
2011-07-06	28.959999
2011-07-07	29.73
2011-07-08	28.809999
2011-07-11	28.35
2011-07-12	28.17
2011-07-13	28.639999
2011-07-14	27.610001
2011-07-15	27.58
2011-07-18	27.23
2011-07-19	27.889999
2011-07-20	28.690001
2011-07-21	28.700001
2011-07-22	29.290001
2011-07-25	28.49
2011-07-26	28.0
2011-07-27	27.639999
2011-07-28	28.17
2011-07-29	28.17
2011-08-01	28.77
2011-08-02	27.34
2011-08-03	27.200001
2011-08-04	24.75
2011-08-05	24.24
2011-08-08	23.639999
2011-08-09	25.059999
2011-08-10	23.82
2011-08-11	25.299999
2011-08-12	26.309999
2011-08-15	26.23
2011-08-16	26.1
2011-08-17	25.83
2011-08-18	24.26
2011-08-19	22.299999
2011-08-22	21.950001
2011-08-23	22.959999
2011-08-24	23.870001
2011-08-25	23.110001
2011-08-26	23.73
2011-08-29	24.709999
2011-08-30	24.629999
2011-08-31	24.74
2011-09-01	24.0
2011-09-02	23.07
2011-09-06	22.940001
2011-09-07	23.84
2011-09-08	23.610001
2011-09-09	22.969999
2011-09-12	22.879999
2011-09-13	24.08
2011-09-14	24.34
2011-09-15	24.82
2011-09-16	25.799999
2011-09-19	25.77
2011-09-20	26.01
2011-09-21	25.85
2011-09-22	25.629999
2011-09-23	26.379999
2011-09-26	25.52
2011-09-27	26.190001
2011-09-28	24.59
2011-09-29	24.120001
2011-09-30	24.389999
2011-10-03	23.73
2011-10-04	23.66
2011-10-05	25.370001
2011-10-06	26.959999
2011-10-07	26.99
2011-10-10	27.879999
2011-10-11	27.610001
2011-10-12	27.799999
2011-10-13	27.940001
2011-10-14	28.049999
2011-10-17	27.42
2011-10-18	28.34
2011-10-19	27.57
2011-10-20	27.34
2011-10-21	28.030001
2011-10-24	28.549999
2011-10-25	28.25
2011-10-26	27.98
2011-10-27	28.76
2011-10-28	29.870001
2011-10-31	29.370001
2011-11-01	28.879999
2011-11-02	28.709999
2011-11-03	32.459999
2011-11-04	32.310001
2011-11-07	31.27
2011-11-08	31.84
2011-11-09	30.879999
2011-11-10	31.33
2011-11-11	33.639999
2011-11-14	33.220001
2011-11-15	33.93
2011-11-16	34.939999
2011-11-17	33.68
2011-11-18	32.599998
2011-11-21	31.76
2011-11-22	32.07
2011-11-23	31.450001
2011-11-25	31.66
2011-11-28	32.560001
2011-11-29	31.75
2011-11-30	32.740002
2011-12-01	32.599998
2011-12-02	33.299999
2011-12-05	34.419998
2011-12-06	34.869999
2011-12-07	34.189999
2011-12-08	30.889999
2011-12-09	31.040001
2011-12-12	30.41
2011-12-13	29.450001
2011-12-14	28.530001
2011-12-15	28.620001
2011-12-16	28.0
2011-12-19	27.75
2011-12-20	27.9
2011-12-21	27.57
2011-12-22	27.77
2011-12-23	27.9
2011-12-27	28.57
2011-12-28	28.51
2011-12-29	28.73
2011-12-30	28.559999
2012-01-03	28.08
2012-01-04	27.709999
2012-01-05	27.120001
2012-01-06	26.91
2012-01-09	27.25
2012-01-10	27.620001
2012-01-11	28.23
2012-01-12	28.25
2012-01-13	22.790001
2012-01-17	26.6
2012-01-18	26.809999
2012-01-19	26.76
2012-01-20	26.6
2012-01-23	26.77
2012-01-24	27.42
2012-01-25	27.969999
2012-01-26	28.940001
2012-01-27	29.33
2012-01-30	29.57
2012-01-31	29.07
2012-02-01	29.58
2012-02-02	30.25
2012-02-03	31.15
2012-02-06	31.799999
2012-02-07	31.6
2012-02-08	31.93
2012-02-09	32.580002
2012-02-10	31.1
2012-02-13	31.49
2012-02-14	33.169998
2012-02-15	33.599998
2012-02-16	34.18
2012-02-17	34.970001
2012-02-21	34.5
2012-02-22	34.220001
2012-02-23	34.529999
2012-02-24	33.75
2012-02-27	33.619999
2012-02-28	33.810001
2012-02-29	33.41
2012-03-01	34.41
2012-03-02	34.040001
2012-03-05	33.77
2012-03-06	33.110001
2012-03-07	33.119999
2012-03-08	33.07
2012-03-09	34.740002
2012-03-12	36.009998
2012-03-13	36.09
2012-03-14	35.290001
2012-03-15	35.0
2012-03-16	35.32
2012-03-19	34.98
2012-03-20	34.959999
2012-03-21	35.150002
2012-03-22	34.400002
2012-03-23	34.080002
2012-03-26	37.400002
2012-03-27	37.939999
2012-03-28	37.849998
2012-03-29	37.330002
2012-03-30	37.240002
2012-04-02	36.580002
2012-04-03	38.009998
2012-04-04	35.0
2012-04-05	34.48
2012-04-09	33.150002
2012-04-10	32.459999
2012-04-11	33.09
2012-04-12	33.439999
2012-04-13	33.59
2012-04-16	32.25
2012-04-17	32.240002
2012-04-18	32.66
2012-04-19	33.16
2012-04-20	33.16
2012-04-23	31.940001
2012-04-24	31.82
2012-04-25	32.91
2012-04-26	33.490002
2012-04-27	33.34
2012-04-30	33.130001
2012-05-01	33.779999
2012-05-02	33.939999
2012-05-03	32.459999
2012-05-04	31.83
2012-05-07	32.470001
2012-05-08	30.190001
2012-05-09	30.059999
2012-05-10	32.959999
2012-05-11	32.25
2012-05-14	30.059999
2012-05-15	29.43
2012-05-16	29.18
2012-05-17	28.57
2012-05-18	27.559999
2012-05-21	28.77
2012-05-22	30.799999
2012-05-23	31.02
2012-05-24	30.280001
2012-05-25	29.809999
2012-05-29	31.690001
2012-05-30	30.41
2012-05-31	29.5
2012-06-01	28.15
2012-06-04	27.879999
2012-06-05	27.91
2012-06-06	29.219999
2012-06-07	28.93
2012-06-08	30.08
2012-06-11	29.120001
2012-06-12	29.66
2012-06-13	29.77
2012-06-14	29.389999
2012-06-15	29.91
2012-06-18	31.84
2012-06-19	32.09
2012-06-20	33.779999
2012-06-21	32.189999
2012-06-22	33.790001
2012-06-25	33.110001
2012-06-26	31.610001
2012-06-27	31.959999
2012-06-28	31.41
2012-06-29	31.290001
2012-07-02	30.4
2012-07-03	30.66
2012-07-05	31.23
2012-07-06	30.99
2012-07-09	31.49
2012-07-10	31.27
2012-07-11	31.51
2012-07-12	32.700001
2012-07-13	34.25
2012-07-16	35.959999
2012-07-17	33.349998
2012-07-18	32.150002
2012-07-19	32.27
2012-07-20	31.790001
2012-07-23	30.66
2012-07-24	29.84
2012-07-25	28.950001
2012-07-26	28.129999
2012-07-27	29.51
2012-07-30	27.35
2012-07-31	27.42
2012-08-01	26.25
2012-08-02	26.1
2012-08-03	27.27
2012-08-06	28.27
2012-08-07	30.25
2012-08-08	29.09
2012-08-09	29.41
2012-08-10	29.940001
2012-08-13	31.17
2012-08-14	29.42
2012-08-15	29.4
2012-08-16	30.299999
2012-08-17	30.01
2012-08-20	29.51
2012-08-21	29.110001
2012-08-22	29.950001
2012-08-23	30.73
2012-08-24	29.5
2012-08-27	28.32
2012-08-28	28.690001
2012-08-29	28.41
2012-08-30	28.41
2012-08-31	28.52
2012-09-04	28.139999
2012-09-05	27.940001
2012-09-06	28.549999
2012-09-07	29.35
2012-09-10	27.370001
2012-09-11	27.799999
2012-09-12	28.280001
2012-09-13	29.48
2012-09-14	30.389999
2012-09-17	32.540001
2012-09-18	31.34
2012-09-19	31.049999
2012-09-20	30.9
2012-09-21	30.02
2012-09-24	30.66
2012-09-25	27.66
2012-09-26	27.540001
2012-09-27	28.49
2012-09-28	29.280001
2012-10-01	29.16
2012-10-02	29.799999
2012-10-03	29.299999
2012-10-04	29.4
2012-10-05	28.889999
2012-10-08	29.25
2012-10-09	28.370001
2012-10-10	28.4
2012-10-11	28.32
2012-10-12	27.639999
2012-10-15	27.33
2012-10-16	28.059999
2012-10-17	28.82
2012-10-18	28.040001
2012-10-19	27.74
2012-10-22	27.85
2012-10-23	28.389999
2012-10-24	27.42
2012-10-25	27.52
2012-10-26	27.379999
2012-10-31	28.129999
2012-11-01	29.25
2012-11-02	28.92
2012-11-05	31.5
2012-11-06	31.15
2012-11-07	31.540001
2012-11-08	31.309999
2012-11-09	30.32
2012-11-12	31.07
2012-11-13	31.610001
2012-11-14	31.379999
2012-11-15	30.82
2012-11-16	31.84
2012-11-19	32.919998
2012-11-20	33.0
2012-11-21	32.470001
2012-11-23	32.130001
2012-11-26	32.27
2012-11-27	32.150002
2012-11-28	33.23
2012-11-29	33.689999
2012-11-30	33.82
2012-12-03	34.619999
2012-12-04	33.900002
2012-12-05	33.709999
2012-12-06	33.900002
2012-12-07	34.169998
2012-12-10	34.57
2012-12-11	35.279999
2012-12-12	35.259998
2012-12-13	33.610001
2012-12-14	33.810001
2012-12-17	34.400002
2012-12-18	34.59
2012-12-19	34.610001
2012-12-20	34.43
2012-12-21	34.0
2012-12-24	34.279999
2012-12-26	33.59
2012-12-27	33.689999
2012-12-28	33.220001
2012-12-31	33.869999
2013-01-02	35.360001
2013-01-03	34.77
2013-01-04	34.400002
2013-01-07	34.34
2013-01-08	33.68
2013-01-09	33.639999
2013-01-10	33.529999
2013-01-11	32.91
2013-01-14	33.259998
2013-01-15	33.900002
2013-01-16	34.099998
2013-01-17	34.380001
2013-01-18	34.52
2013-01-22	35.189999
2013-01-23	36.0
2013-01-24	36.990002
2013-01-25	36.98
2013-01-28	38.029999
2013-01-29	37.950001
2013-01-30	37.52
2013-01-31	37.509998
2013-02-01	38.299999
2013-02-04	37.740002
2013-02-05	38.130001
2013-02-06	39.169998
2013-02-07	39.48
2013-02-08	39.240002
2013-02-11	38.419998
2013-02-12	37.889999
2013-02-13	38.450001
2013-02-14	38.27
2013-02-15	37.040001
2013-02-19	39.279999
2013-02-20	38.540001
2013-02-21	35.16
2013-02-22	36.110001
2013-02-25	34.380001
2013-02-26	34.43
2013-02-27	35.099998
2013-02-28	34.830002
2013-03-01	34.650002
2013-03-04	35.580002
2013-03-05	36.650002
2013-03-06	37.689999
2013-03-07	38.23
2013-03-08	38.470001
2013-03-11	39.099998
2013-03-12	39.119999
2013-03-13	38.98
2013-03-14	36.849998
2013-03-15	35.290001
2013-03-18	35.150002
2013-03-19	35.080002
2013-03-20	35.950001
2013-03-21	36.009998
2013-03-22	36.619999
2013-03-25	37.529999
2013-03-26	37.860001
2013-03-27	38.16
2013-03-28	37.889999
2013-04-01	43.93
2013-04-02	44.34
2013-04-03	41.099998
2013-04-04	42.009998
2013-04-05	41.369999
2013-04-08	41.830002
2013-04-09	40.5
2013-04-10	41.860001
2013-04-11	43.59
2013-04-12	43.75
2013-04-15	43.299999
2013-04-16	45.59
2013-04-17	45.450001
2013-04-18	46.970001
2013-04-19	47.830002
2013-04-22	50.189999
2013-04-23	51.009998
2013-04-24	50.43
2013-04-25	52.0
2013-04-26	51.200001
2013-04-29	54.939999
2013-04-30	53.990002
2013-05-01	53.279999
2013-05-02	54.110001
2013-05-03	54.549999
2013-05-06	59.5
2013-05-07	55.509998
2013-05-08	55.790001
2013-05-09	69.400002
2013-05-10	76.760002
2013-05-13	87.800003
2013-05-14	83.239998
2013-05-15	84.839996
2013-05-16	92.25
2013-05-17	91.5
2013-05-20	89.940002
2013-05-21	87.589996
2013-05-22	87.239998
2013-05-23	92.730003
2013-05-24	97.080002
2013-05-28	110.330002
2013-05-29	104.629997
2013-05-30	104.949997
2013-05-31	97.760002
2013-06-03	92.589996
2013-06-04	94.839996
2013-06-05	95.370003
2013-06-06	97.349998
2013-06-07	102.040001
2013-06-10	100.050003
2013-06-11	94.470001
2013-06-12	97.730003
2013-06-13	98.18
2013-06-14	100.300003
2013-06-17	102.199997
2013-06-18	103.389999
2013-06-19	104.68
2013-06-20	100.650002
2013-06-21	99.550003
2013-06-24	101.489998
2013-06-25	102.400002
2013-06-26	105.720001
2013-06-27	109.25
2013-06-28	107.360001
2013-07-01	117.18
2013-07-02	117.82
2013-07-03	115.239998
2013-07-05	120.089996
2013-07-08	121.610001
2013-07-09	123.449997
2013-07-10	122.269997
2013-07-11	125.610001
2013-07-12	129.899994
2013-07-15	127.260002
2013-07-16	109.050003
2013-07-17	120.25
2013-07-18	119.029999
2013-07-19	119.68
2013-07-22	122.43
2013-07-23	122.739998
2013-07-24	121.699997
2013-07-25	124.07
2013-07-26	129.389999
2013-07-29	134.619995
2013-07-30	131.740005
2013-07-31	134.279999
2013-08-01	135.550003
2013-08-02	138.0
2013-08-05	144.679993
2013-08-06	142.149994
2013-08-07	134.229996
2013-08-08	153.479996
2013-08-09	153.0
2013-08-12	147.380005
2013-08-13	145.429993
2013-08-14	139.360001
2013-08-15	139.669998
2013-08-16	142.0
2013-08-19	144.899994
2013-08-20	149.580002
2013-08-21	147.860001
2013-08-22	157.100006
2013-08-23	161.839996
2013-08-26	164.220001
2013-08-27	167.009995
2013-08-28	166.449997
2013-08-29	166.059998
2013-08-30	169.0
2013-09-03	168.940002
2013-09-04	170.619995
2013-09-05	169.929993
2013-09-06	166.970001
2013-09-09	160.699997
2013-09-10	166.369995
2013-09-11	163.520004
2013-09-12	164.929993
2013-09-13	165.539993
2013-09-16	166.580002
2013-09-17	166.229996
2013-09-18	166.220001
2013-09-19	177.919998
2013-09-20	183.389999
2013-09-23	181.110001
2013-09-24	182.330002
2013-09-25	185.240005
2013-09-26	188.639999
2013-09-27	190.899994
2013-09-30	193.369995
2013-10-01	193.0
2013-10-02	180.949997
2013-10-03	173.309998
2013-10-04	180.979996
2013-10-07	183.070007
2013-10-08	174.729996
2013-10-09	168.779999
2013-10-10	172.929993
2013-10-11	178.699997
2013-10-14	179.720001
2013-10-15	183.940002
2013-10-16	183.559998
2013-10-17	182.800003
2013-10-18	183.399994
2013-10-21	172.600006
2013-10-22	171.539993
2013-10-23	164.5
2013-10-24	173.149994
2013-10-25	169.660004
2013-10-28	162.860001
2013-10-29	164.470001
2013-10-30	159.220001
2013-10-31	159.940002
2013-11-01	162.169998
2013-11-04	175.199997
2013-11-05	176.809998
2013-11-06	151.160004
2013-11-07	139.770004
2013-11-08	137.949997
2013-11-11	144.699997
2013-11-12	137.800003
2013-11-13	138.699997
2013-11-14	137.600006
2013-11-15	135.449997
2013-11-18	121.580002
2013-11-19	126.089996
2013-11-20	121.110001
2013-11-21	122.099998
2013-11-22	121.379997
2013-11-25	120.839996
2013-11-26	120.5
2013-11-27	126.940002
2013-11-29	127.279999
2013-12-02	124.169998
2013-12-03	144.699997
2013-12-04	138.949997
2013-12-05	140.479996
2013-12-06	137.360001
2013-12-09	141.600006
2013-12-10	142.190002
2013-12-11	139.649994
2013-12-12	147.470001
2013-12-13	147.649994
2013-12-16	147.940002
2013-12-17	152.460007
2013-12-18	147.979996
2013-12-19	140.720001
2013-12-20	143.240005
2013-12-23	143.550003
2013-12-24	151.410004
2013-12-26	155.5
2013-12-27	151.119995
2013-12-30	152.440002
2013-12-31	150.429993
2014-01-02	150.100006
2014-01-03	149.559998
2014-01-06	147.0
2014-01-07	149.360001
2014-01-08	151.279999
2014-01-09	147.529999
2014-01-10	145.720001
2014-01-13	139.339996
2014-01-14	161.270004
2014-01-15	164.130005
2014-01-16	170.970001
2014-01-17	170.009995
2014-01-21	176.679993
2014-01-22	178.559998
2014-01-23	181.5
2014-01-24	174.600006
2014-01-27	169.619995
2014-01-28	178.380005
2014-01-29	175.229996
2014-01-30	182.839996
2014-01-31	181.410004
2014-02-03	177.110001
2014-02-04	178.729996
2014-02-05	174.419998
2014-02-06	178.380005
2014-02-07	186.529999
2014-02-10	196.559998
2014-02-11	196.619995
2014-02-12	195.320007
2014-02-13	199.630005
2014-02-14	198.229996
2014-02-18	203.699997
2014-02-19	193.639999
2014-02-20	209.970001
2014-02-21	209.600006
2014-02-24	217.649994
2014-02-25	248.0
2014-02-26	253.0
2014-02-27	252.539993
2014-02-28	244.809998
2014-03-03	250.559998
2014-03-04	254.839996
2014-03-05	252.660004
2014-03-06	252.940002
2014-03-07	246.210007
2014-03-10	238.839996
2014-03-11	234.410004
2014-03-12	241.490005
2014-03-13	237.789993
2014-03-14	230.970001
2014-03-17	233.979996
2014-03-18	240.039993
2014-03-19	235.839996
2014-03-20	234.910004
2014-03-21	228.889999
2014-03-24	220.169998
2014-03-25	220.440002
2014-03-26	212.960007
2014-03-27	207.320007
2014-03-28	212.369995
2014-03-31	208.449997
2014-04-01	216.970001
2014-04-02	230.289993
2014-04-03	225.399994
2014-04-04	212.229996
2014-04-07	207.520004
2014-04-08	215.460007
2014-04-09	216.929993
2014-04-10	204.190002
2014-04-11	203.779999
2014-04-14	198.089996
2014-04-15	193.910004
2014-04-16	199.110001
2014-04-17	198.119995
2014-04-21	204.380005
2014-04-22	218.639999
2014-04-23	207.990005
2014-04-24	207.860001
2014-04-25	199.850006
2014-04-28	198.509995
2014-04-29	206.919998
2014-04-30	207.889999
2014-05-01	207.729996
2014-05-02	210.910004
2014-05-05	216.610001
2014-05-06	207.279999
2014-05-07	201.350006
2014-05-08	178.589996
2014-05-09	182.259995
2014-05-12	184.669998
2014-05-13	190.160004
2014-05-14	190.619995
2014-05-15	188.589996
2014-05-16	191.559998
2014-05-19	196.089996
2014-05-20	195.300003
2014-05-21	199.449997
2014-05-22	204.880005
2014-05-23	207.300003
2014-05-27	211.559998
2014-05-28	210.240005
2014-05-29	210.240005
2014-05-30	207.770004
2014-06-02	204.699997
2014-06-03	204.940002
2014-06-04	203.990005
2014-06-05	206.899994
2014-06-06	208.169998
2014-06-09	205.309998
2014-06-10	202.300003
2014-06-11	204.470001
2014-06-12	203.520004
2014-06-13	206.419998
2014-06-16	224.610001
2014-06-17	231.669998
2014-06-18	227.119995
2014-06-19	227.789993
2014-06-20	229.589996
2014-06-23	237.220001
2014-06-24	232.5
2014-06-25	236.889999
2014-06-26	235.600006
2014-06-27	239.059998
2014-06-30	240.059998
2014-07-01	239.720001
2014-07-02	229.429993
2014-07-03	229.25
2014-07-07	222.660004
2014-07-08	219.070007
2014-07-09	223.059998
2014-07-10	219.460007
2014-07-11	218.130005
2014-07-14	226.699997
2014-07-15	219.580002
2014-07-16	217.160004
2014-07-17	215.399994
2014-07-18	220.020004
2014-07-21	220.539993
2014-07-22	219.580002
2014-07-23	222.490005
2014-07-24	223.539993
2014-07-25	223.570007
2014-07-28	224.820007
2014-07-29	225.009995
2014-07-30	228.919998
2014-07-31	223.300003
2014-08-01	233.270004
2014-08-04	238.520004
2014-08-05	238.490005
2014-08-06	248.929993
2014-08-07	252.389999
2014-08-08	248.130005
2014-08-11	259.320007
2014-08-12	259.959991
2014-08-13	260.309998
2014-08-14	261.380005
2014-08-15	262.01001
2014-08-18	259.940002
2014-08-19	256.76001
2014-08-20	255.710007
2014-08-21	254.339996
2014-08-22	256.779999
2014-08-25	262.549988
2014-08-26	261.73999
2014-08-27	263.25
2014-08-28	263.859985
2014-08-29	269.700012
2014-09-02	284.119995
2014-09-03	281.190002
2014-09-04	286.040009
2014-09-05	277.390015
2014-09-08	282.109985
2014-09-09	278.480011
2014-09-10	281.100006
2014-09-11	280.309998
2014-09-12	279.200012
2014-09-15	253.860001
2014-09-16	260.73999
2014-09-17	261.380005
2014-09-18	263.820007
2014-09-19	259.320007
2014-09-22	250.029999
2014-09-23	250.410004
2014-09-24	252.139999
2014-09-25	246.949997
2014-09-26	246.600006
2014-09-29	245.259995
2014-09-30	242.679993
2014-10-01	240.240005
2014-10-02	251.419998
2014-10-03	255.210007
2014-10-06	260.619995
2014-10-07	259.570007
2014-10-08	259.279999
2014-10-09	257.01001
2014-10-10	236.910004
2014-10-13	224.589996
2014-10-14	227.059998
2014-10-15	229.699997
2014-10-16	226.350006
2014-10-17	227.479996
2014-10-20	230.470001
2014-10-21	235.339996
2014-10-22	231.100006
2014-10-23	235.289993
2014-10-24	235.240005
2014-10-27	221.669998
2014-10-28	242.770004
2014-10-29	238.100006
2014-10-30	238.660004
2014-10-31	241.699997
2014-11-03	242.589996
2014-11-04	238.929993
2014-11-05	230.970001
2014-11-06	241.220001
2014-11-07	240.199997
2014-11-10	241.929993
2014-11-11	251.080002
2014-11-12	249.100006
2014-11-13	251.699997
2014-11-14	258.679993
2014-11-17	253.979996
2014-11-18	257.700012
2014-11-19	247.740005
2014-11-20	248.710007
2014-11-21	242.779999
2014-11-24	246.720001
2014-11-25	248.089996
2014-11-26	248.440002
2014-11-28	244.520004
2014-12-01	231.639999
2014-12-02	231.429993
2014-12-03	229.300003
2014-12-04	228.279999
2014-12-05	223.710007
2014-12-08	214.360001
2014-12-09	216.889999
2014-12-10	209.839996
2014-12-11	208.880005
2014-12-12	207.0
2014-12-15	204.039993
2014-12-16	197.809998
2014-12-17	205.820007
2014-12-18	218.259995
2014-12-19	219.289993
2014-12-22	222.600006
2014-12-23	220.970001
2014-12-24	222.259995
2014-12-26	227.820007
2014-12-29	225.710007
2014-12-30	222.229996
2014-12-31	222.410004
2015-01-02	219.309998
2015-01-05	210.089996
2015-01-06	211.279999
2015-01-07	210.949997
2015-01-08	210.619995
2015-01-09	206.660004
2015-01-12	202.210007
2015-01-13	204.25
2015-01-14	192.690002
2015-01-15	191.869995
2015-01-16	193.070007
2015-01-20	191.929993
2015-01-21	196.570007
2015-01-22	201.619995
2015-01-23	201.289993
2015-01-26	206.550003
2015-01-27	205.979996
2015-01-28	199.369995
2015-01-29	205.199997
2015-01-30	203.600006
2015-02-02	210.940002
2015-02-03	218.360001
2015-02-04	218.550003
2015-02-05	220.990005
2015-02-06	217.360001
2015-02-09	217.479996
2015-02-10	216.289993
2015-02-11	212.800003
2015-02-12	202.880005
2015-02-13	203.770004
2015-02-17	204.350006
2015-02-18	204.460007
2015-02-19	211.710007
2015-02-20	217.110001
2015-02-23	207.339996
2015-02-24	204.110001
2015-02-25	203.759995
2015-02-26	207.190002
2015-02-27	203.339996
2015-03-02	197.330002
2015-03-03	199.559998
2015-03-04	202.440002
2015-03-05	200.630005
2015-03-06	193.880005
2015-03-09	190.880005
2015-03-10	190.320007
2015-03-11	193.740005
2015-03-12	191.070007
2015-03-13	188.679993
2015-03-16	195.699997
2015-03-17	194.729996
2015-03-18	200.710007
2015-03-19	195.649994
2015-03-20	198.080002
2015-03-23	199.630005
2015-03-24	201.720001
2015-03-25	194.300003
2015-03-26	190.410004
2015-03-27	185.0
2015-03-30	190.570007
2015-03-31	188.770004
2015-04-01	187.589996
2015-04-02	191.0
2015-04-06	203.100006
2015-04-07	203.25
2015-04-08	207.669998
2015-04-09	210.089996
2015-04-10	210.899994
2015-04-13	209.779999
2015-04-14	207.460007
2015-04-15	207.830002
2015-04-16	206.699997
2015-04-17	206.789993
2015-04-20	205.270004
2015-04-21	209.410004
2015-04-22	219.440002
2015-04-23	218.600006
2015-04-24	218.429993
2015-04-27	231.550003
2015-04-28	230.479996
2015-04-29	232.449997
2015-04-30	226.050003
2015-05-01	226.029999
2015-05-04	230.509995
2015-05-05	232.949997
2015-05-06	230.429993
2015-05-07	236.800003
2015-05-08	236.610001
2015-05-11	239.490005
2015-05-12	244.740005
2015-05-13	243.179993
2015-05-14	244.100006
2015-05-15	248.839996
2015-05-18	248.75
2015-05-19	247.139999
2015-05-20	244.350006
2015-05-21	245.619995
2015-05-22	247.729996
2015-05-26	247.460007
2015-05-27	247.429993
2015-05-28	251.449997
2015-05-29	250.800003
2015-06-01	249.449997
2015-06-02	248.350006
2015-06-03	248.990005
2015-06-04	245.919998
2015-06-05	249.139999
2015-06-08	256.290009
2015-06-09	256.0
2015-06-10	250.699997
2015-06-11	251.410004
2015-06-12	250.690002
2015-06-15	250.380005
2015-06-16	253.119995
2015-06-17	260.410004
2015-06-18	261.890015
2015-06-19	262.51001
2015-06-22	259.790009
2015-06-23	267.670013
2015-06-24	265.170013
2015-06-25	268.790009
2015-06-26	267.089996
2015-06-29	262.019989
2015-06-30	268.26001
2015-07-01	269.149994
2015-07-02	280.019989
2015-07-06	279.720001
2015-07-07	267.880005
2015-07-08	254.960007
2015-07-09	257.920013
2015-07-10	259.149994
2015-07-13	262.160004
2015-07-14	265.649994
2015-07-15	263.140015
2015-07-16	266.679993
2015-07-17	274.660004
2015-07-20	282.26001
2015-07-21	266.769989
2015-07-22	267.869995
2015-07-23	267.200012
2015-07-24	265.410004
2015-07-27	253.009995
2015-07-28	264.820007
2015-07-29	263.820007
2015-07-30	266.790009
2015-07-31	266.149994
2015-08-03	259.98999
2015-08-04	266.279999
2015-08-05	270.130005
2015-08-06	246.130005
2015-08-07	242.509995
2015-08-10	241.139999
2015-08-11	237.369995
2015-08-12	238.169998
2015-08-13	242.509995
2015-08-14	243.149994
2015-08-17	254.990005
2015-08-18	260.720001
2015-08-19	255.25
2015-08-20	242.179993
2015-08-21	230.770004
2015-08-24	218.869995
2015-08-25	220.029999
2015-08-26	224.839996
2015-08-27	242.990005
2015-08-28	248.479996
2015-08-31	249.059998
2015-09-01	238.630005
2015-09-02	247.690002
2015-09-03	245.570007
2015-09-04	241.929993
2015-09-08	248.169998
2015-09-09	248.910004
2015-09-10	248.479996
2015-09-11	250.240005
2015-09-14	253.190002
2015-09-15	253.570007
2015-09-16	262.25
2015-09-17	262.070007
2015-09-18	260.619995
2015-09-21	264.200012
2015-09-22	260.940002
2015-09-23	261.059998
2015-09-24	263.119995
2015-09-25	256.910004
2015-09-28	248.429993
2015-09-29	246.649994
2015-09-30	248.399994
2015-10-01	239.880005
2015-10-02	247.570007
2015-10-05	246.149994
2015-10-06	241.460007
2015-10-07	231.960007
2015-10-08	226.720001
2015-10-09	220.690002
2015-10-12	215.580002
2015-10-13	219.25
2015-10-14	216.880005
2015-10-15	221.309998
2015-10-16	227.009995
2015-10-19	228.100006
2015-10-20	213.029999
2015-10-21	210.089996
2015-10-22	211.720001
2015-10-23	209.089996
2015-10-26	215.259995
2015-10-27	210.350006
2015-10-28	212.960007
2015-10-29	211.630005
2015-10-30	206.929993
2015-11-02	213.789993
2015-11-03	208.350006
2015-11-04	231.630005
2015-11-05	231.770004
2015-11-06	232.360001
2015-11-09	225.330002
2015-11-10	216.5
2015-11-11	219.080002
2015-11-12	212.940002
2015-11-13	207.190002
2015-11-16	214.309998
2015-11-17	214.0
2015-11-18	221.070007
2015-11-19	221.800003
2015-11-20	220.009995
2015-11-23	217.75
2015-11-24	218.25
2015-11-25	229.639999
2015-11-27	231.610001
2015-11-30	230.259995
2015-12-01	237.190002
2015-12-02	231.990005
2015-12-03	232.710007
2015-12-04	230.380005
2015-12-07	231.130005
2015-12-08	226.720001
2015-12-09	224.520004
2015-12-10	227.070007
2015-12-11	217.020004
2015-12-14	218.580002
2015-12-15	221.089996
2015-12-16	234.509995
2015-12-17	233.389999
2015-12-18	230.460007
2015-12-21	232.559998
2015-12-22	229.949997
2015-12-23	229.699997
2015-12-24	230.570007
2015-12-28	228.949997
2015-12-29	237.190002
2015-12-30	238.089996
2015-12-31	240.009995
2016-01-04	223.410004
2016-01-05	223.429993
2016-01-06	219.039993
2016-01-07	215.649994
2016-01-08	211.0
2016-01-11	207.850006
2016-01-12	209.970001
2016-01-13	200.309998
2016-01-14	206.179993
2016-01-15	204.990005
2016-01-19	204.720001
2016-01-20	198.699997
2016-01-21	199.970001
2016-01-22	202.550003
2016-01-25	196.380005
2016-01-26	193.559998
2016-01-27	188.070007
2016-01-28	189.699997
2016-01-29	191.199997
2016-02-01	196.940002
2016-02-02	182.779999
2016-02-03	173.479996
2016-02-04	175.330002
2016-02-05	162.600006
2016-02-08	147.990005
2016-02-09	148.25
2016-02-10	143.669998
2016-02-11	150.470001
2016-02-12	151.039993
2016-02-16	155.169998
2016-02-17	168.679993
2016-02-18	166.770004
2016-02-19	166.580002
2016-02-22	177.740005
2016-02-23	177.210007
2016-02-24	179.0
2016-02-25	187.429993
2016-02-26	190.339996
2016-02-29	191.929993
2016-03-01	186.350006
2016-03-02	188.339996
2016-03-03	195.740005
2016-03-04	201.039993
2016-03-07	205.289993
2016-03-08	202.600006
2016-03-09	208.720001
2016-03-10	205.179993
2016-03-11	207.5
2016-03-14	215.149994
2016-03-15	218.339996
2016-03-16	221.929993
2016-03-17	226.380005
2016-03-18	232.740005
2016-03-21	238.320007
2016-03-22	234.240005
2016-03-23	222.580002
2016-03-24	227.75
2016-03-28	230.259995
2016-03-29	230.130005
2016-03-30	226.889999
2016-03-31	229.770004
2016-04-01	237.589996
2016-04-04	246.990005
2016-04-05	255.470001
2016-04-06	265.420013
2016-04-07	257.200012
2016-04-08	250.070007
2016-04-11	249.919998
2016-04-12	247.820007
2016-04-13	254.529999
2016-04-14	251.860001
2016-04-15	254.509995
2016-04-18	253.880005
2016-04-19	247.369995
2016-04-20	249.970001
2016-04-21	248.289993
2016-04-22	253.75
2016-04-25	251.820007
2016-04-26	253.740005
2016-04-27	251.470001
2016-04-28	247.710007
2016-04-29	240.759995
2016-05-02	241.800003
2016-05-03	232.320007
2016-05-04	222.559998
2016-05-05	211.529999
2016-05-06	214.929993
2016-05-09	208.919998
2016-05-10	208.690002
2016-05-11	208.960007
2016-05-12	207.279999
2016-05-13	207.610001
2016-05-16	208.289993
2016-05-17	204.660004
2016-05-18	211.169998
2016-05-19	215.210007
2016-05-20	220.279999
2016-05-23	216.220001
2016-05-24	217.910004
2016-05-25	219.580002
2016-05-26	225.119995
2016-05-27	223.039993
2016-05-31	223.229996
2016-06-01	219.559998
2016-06-02	218.960007
2016-06-03	218.990005
2016-06-06	220.679993
2016-06-07	232.339996
2016-06-08	235.520004
2016-06-09	229.360001
2016-06-10	218.789993
2016-06-13	217.869995
2016-06-14	214.960007
2016-06-15	217.699997
2016-06-16	217.929993
2016-06-17	215.470001
2016-06-20	219.699997
2016-06-21	219.610001
2016-06-22	196.660004
2016-06-23	196.399994
2016-06-24	193.149994
2016-06-27	198.550003
2016-06-28	201.789993
2016-06-29	210.190002
2016-06-30	212.279999
2016-07-01	216.5
2016-07-05	213.979996
2016-07-06	214.440002
2016-07-07	215.940002
2016-07-08	216.779999
2016-07-11	224.779999
2016-07-12	224.649994
2016-07-13	222.529999
2016-07-14	221.529999
2016-07-15	220.399994
2016-07-18	226.25
2016-07-19	225.259995
2016-07-20	228.360001
2016-07-21	220.5
2016-07-22	222.270004
2016-07-25	230.009995
2016-07-26	229.509995
2016-07-27	228.490005
2016-07-28	230.610001
2016-07-29	234.789993
2016-08-01	230.009995
2016-08-02	227.199997
2016-08-03	225.789993
2016-08-04	230.610001
2016-08-05	230.029999
2016-08-08	226.160004
2016-08-09	229.080002
2016-08-10	225.649994
2016-08-11	224.910004
2016-08-12	225.610001
2016-08-15	225.589996
2016-08-16	223.610001
2016-08-17	223.240005
2016-08-18	223.509995
2016-08-19	225.0
2016-08-22	222.929993
2016-08-23	224.839996
2016-08-24	222.619995
2016-08-25	220.960007
2016-08-26	219.990005
2016-08-29	215.199997
2016-08-30	211.339996
2016-08-31	212.009995
2016-09-01	200.770004
2016-09-02	197.779999
2016-09-06	202.830002
2016-09-07	201.710007
2016-09-08	197.360001
2016-09-09	194.470001
2016-09-12	198.300003
2016-09-13	196.050003
2016-09-14	196.410004
2016-09-15	200.419998
2016-09-16	205.399994
2016-09-19	206.339996
2016-09-20	204.639999
2016-09-21	205.220001
2016-09-22	206.429993
2016-09-23	207.449997
2016-09-26	208.990005
2016-09-27	205.809998
2016-09-28	206.270004
2016-09-29	200.699997
2016-09-30	204.029999
2016-10-03	213.699997
2016-10-04	211.410004
2016-10-05	208.460007
2016-10-06	201.0
2016-10-07	196.610001
2016-10-10	200.949997
2016-10-11	200.100006
2016-10-12	201.509995
2016-10-13	200.240005
2016-10-14	196.509995
2016-10-17	193.960007
2016-10-18	199.100006
2016-10-19	203.559998
2016-10-20	199.100006
2016-10-21	200.089996
2016-10-24	202.759995
2016-10-25	202.339996
2016-10-26	202.240005
2016-10-27	204.009995
2016-10-28	199.970001
2016-10-31	197.729996
2016-11-01	190.789993
2016-11-02	188.020004
2016-11-03	187.419998
2016-11-04	190.559998
2016-11-07	193.210007
2016-11-08	194.940002
2016-11-09	190.059998
2016-11-10	185.350006
2016-11-11	188.559998
2016-11-14	181.449997
2016-11-15	183.770004
2016-11-16	183.929993
2016-11-17	188.660004
2016-11-18	185.020004
2016-11-21	184.520004
2016-11-22	191.169998
2016-11-23	193.139999
2016-11-25	196.649994
2016-11-28	196.119995
2016-11-29	189.570007
2016-11-30	189.399994
2016-12-01	181.880005
2016-12-02	181.470001
2016-12-05	186.800003
2016-12-06	185.850006
2016-12-07	193.149994
2016-12-08	192.289993
2016-12-09	192.179993
2016-12-12	192.429993
2016-12-13	198.149994
2016-12-14	198.690002
2016-12-15	197.580002
2016-12-16	202.490005
2016-12-19	202.729996
2016-12-20	208.789993
2016-12-21	207.699997
2016-12-22	208.449997
2016-12-23	213.339996
2016-12-27	219.529999
2016-12-28	219.740005
2016-12-29	214.679993
2016-12-30	213.690002
2017-01-03	216.990005
2017-01-04	226.990005
2017-01-05	226.75
2017-01-06	229.009995
2017-01-09	231.279999
2017-01-10	229.869995
2017-01-11	229.729996
2017-01-12	229.589996
2017-01-13	237.75
2017-01-17	235.580002
2017-01-18	238.360001
2017-01-19	243.759995
2017-01-20	244.729996
2017-01-23	248.919998
2017-01-24	254.610001
2017-01-25	254.470001
2017-01-26	252.509995
2017-01-27	252.949997
2017-01-30	250.630005
2017-01-31	251.929993
2017-02-01	249.240005
2017-02-02	251.550003
2017-02-03	251.330002
2017-02-06	257.769989
2017-02-07	257.480011
2017-02-08	262.079987
2017-02-09	269.200012
2017-02-10	269.230011
2017-02-13	280.600006
2017-02-14	280.980011
2017-02-15	279.76001
2017-02-16	268.950012
2017-02-17	272.230011
2017-02-21	277.390015
2017-02-22	273.51001
2017-02-23	255.990005
2017-02-24	257.0
2017-02-27	246.229996
2017-02-28	249.990005
2017-03-01	250.020004
2017-03-02	250.479996
2017-03-03	251.570007
2017-03-06	251.210007
2017-03-07	248.589996
2017-03-08	246.869995
2017-03-09	244.899994
2017-03-10	243.690002
2017-03-13	246.169998
2017-03-14	258.0
2017-03-15	255.729996
2017-03-16	262.049988
2017-03-17	261.5
2017-03-20	261.920013
2017-03-21	250.679993
2017-03-22	255.009995
2017-03-23	254.779999
2017-03-24	263.160004
2017-03-27	270.220001
2017-03-28	277.450012
2017-03-29	277.380005
2017-03-30	277.920013
2017-03-31	278.299988
2017-04-03	298.519989
2017-04-04	303.700012
2017-04-05	295.0
2017-04-06	298.700012
2017-04-07	302.540009
2017-04-10	312.390015
2017-04-11	308.709991
2017-04-12	296.839996
2017-04-13	304.0
2017-04-17	301.440002
2017-04-18	300.25
2017-04-19	305.519989
2017-04-20	302.51001
2017-04-21	305.600006
2017-04-24	308.029999
2017-04-25	313.790009
2017-04-26	310.170013
2017-04-27	308.630005
2017-04-28	314.070007
2017-05-01	322.829987
2017-05-02	318.890015
2017-05-03	311.019989
2017-05-04	295.459991
2017-05-05	308.350006
2017-05-08	307.190002
2017-05-09	321.26001
2017-05-10	325.220001
2017-05-11	323.100006
2017-05-12	324.809998
2017-05-15	315.880005
2017-05-16	317.01001
2017-05-17	306.109985
2017-05-18	313.059998
2017-05-19	310.829987
2017-05-22	310.350006
2017-05-23	303.859985
2017-05-24	310.220001
2017-05-25	316.829987
2017-05-26	325.140015
2017-05-30	335.100006
2017-05-31	341.01001
2017-06-01	340.369995
2017-06-02	339.850006
2017-06-05	347.320007
2017-06-06	352.850006
2017-06-07	359.649994
2017-06-08	370.0
2017-06-09	357.320007
2017-06-12	359.01001
2017-06-13	375.950012
2017-06-14	380.660004
2017-06-15	375.339996
2017-06-16	371.399994
2017-06-19	369.799988
2017-06-20	372.23999
2017-06-21	376.399994
2017-06-22	382.609985
2017-06-23	383.450012
2017-06-26	377.48999
2017-06-27	362.369995
2017-06-28	371.23999
2017-06-29	360.75
2017-06-30	361.609985
2017-07-03	352.619995
2017-07-05	327.089996
2017-07-06	308.829987
2017-07-07	313.220001
2017-07-10	316.049988
2017-07-11	327.220001
2017-07-12	329.519989
2017-07-13	323.410004
2017-07-14	327.779999
2017-07-17	319.570007
2017-07-18	328.23999
2017-07-19	325.26001
2017-07-20	329.920013
2017-07-21	328.399994
2017-07-24	342.519989
2017-07-25	339.600006
2017-07-26	343.850006
2017-07-27	334.459991
2017-07-28	335.070007
2017-07-31	323.470001
2017-08-01	319.570007
2017-08-02	325.890015
2017-08-03	347.089996
2017-08-04	356.910004
2017-08-07	355.170013
2017-08-08	365.220001
2017-08-09	363.529999
2017-08-10	355.399994
2017-08-11	357.869995
2017-08-14	363.799988
2017-08-15	362.329987
2017-08-16	362.910004
2017-08-17	351.920013
2017-08-18	347.459991
2017-08-21	337.859985
2017-08-22	341.350006
2017-08-23	352.769989
2017-08-24	352.929993
2017-08-25	348.049988
2017-08-28	345.660004
2017-08-29	347.359985
2017-08-30	353.179993
2017-08-31	355.899994
2017-09-01	355.399994
2017-09-05	349.589996
2017-09-06	344.529999
2017-09-07	350.609985
2017-09-08	343.399994
2017-09-11	363.690002
2017-09-12	362.75
2017-09-13	366.230011
2017-09-14	377.640015
2017-09-15	379.809998
2017-09-18	385.0
2017-09-19	375.100006
2017-09-20	373.910004
2017-09-21	366.480011
2017-09-22	351.089996
2017-09-25	344.98999
2017-09-26	345.25
2017-09-27	340.970001
2017-09-28	339.600006
2017-09-29	341.100006
2017-10-02	341.529999
2017-10-03	348.140015
2017-10-04	355.01001
2017-10-05	355.329987
2017-10-06	356.880005
2017-10-09	342.940002
2017-10-10	355.589996
2017-10-11	354.600006
2017-10-12	355.679993
2017-10-13	355.570007
2017-10-16	350.600006
2017-10-17	355.75
2017-10-18	359.649994
2017-10-19	351.809998
2017-10-20	345.100006
2017-10-23	337.019989
2017-10-24	337.339996
2017-10-25	325.839996
2017-10-26	326.170013
2017-10-27	320.869995
2017-10-30	320.079987
2017-10-31	331.529999
2017-11-01	321.079987
2017-11-02	299.26001
2017-11-03	306.089996
2017-11-06	302.779999
2017-11-07	306.049988
2017-11-08	304.390015
2017-11-09	302.98999
2017-11-10	302.98999
2017-11-13	315.399994
2017-11-14	308.700012
2017-11-15	311.299988
2017-11-16	312.5
2017-11-17	315.049988
2017-11-20	308.73999
2017-11-21	317.809998
2017-11-22	312.600006
2017-11-24	315.549988
2017-11-27	316.809998
2017-11-28	317.549988
2017-11-29	307.540009
2017-11-30	308.850006
2017-12-01	306.529999
2017-12-04	305.200012
2017-12-05	303.700012
2017-12-06	313.26001
2017-12-07	311.23999
2017-12-08	315.130005
2017-12-11	328.910004
2017-12-12	341.029999
2017-12-13	339.029999
2017-12-14	337.890015
2017-12-15	343.450012
2017-12-18	338.869995
2017-12-19	331.100006
2017-12-20	328.980011
2017-12-21	331.660004
2017-12-22	325.200012
2017-12-26	317.290009
2017-12-27	311.640015
2017-12-28	315.359985
2017-12-29	311.350006
2018-01-02	320.529999
2018-01-03	317.25
2018-01-04	314.619995
2018-01-05	316.579987
2018-01-08	336.410004
2018-01-09	333.690002
2018-01-10	334.799988
2018-01-11	337.950012
2018-01-12	336.220001
2018-01-16	340.059998
2018-01-17	347.160004
2018-01-18	344.570007
2018-01-19	350.019989
2018-01-22	351.559998
2018-01-23	352.790009
2018-01-24	345.890015
2018-01-25	337.640015
2018-01-26	342.850006
2018-01-29	349.529999
2018-01-30	345.820007
2018-01-31	354.309998
2018-02-01	349.25
2018-02-02	343.75
2018-02-05	333.130005
2018-02-06	333.970001
2018-02-07	345.0
2018-02-08	315.230011
2018-02-09	310.420013
2018-02-12	315.730011
2018-02-13	323.660004
2018-02-14	322.309998
2018-02-15	334.070007
2018-02-16	335.48999
2018-02-20	334.769989
2018-02-21	333.299988
2018-02-22	346.170013
2018-02-23	352.049988
2018-02-26	357.420013
2018-02-27	350.98999
2018-02-28	343.059998
2018-03-01	330.929993
2018-03-02	335.119995
2018-03-05	333.350006
2018-03-06	328.200012
2018-03-07	332.299988
2018-03-08	329.100006
2018-03-09	327.170013
2018-03-12	345.51001
2018-03-13	341.839996
2018-03-14	326.630005
2018-03-15	325.600006
2018-03-16	321.350006
2018-03-19	313.559998
2018-03-20	310.549988
2018-03-21	316.529999
2018-03-22	309.100006
2018-03-23	301.540009
2018-03-26	304.179993
2018-03-27	279.179993
2018-03-28	257.779999
2018-03-29	266.130005
2018-04-02	252.479996
2018-04-03	267.529999
2018-04-04	286.940002
2018-04-05	305.720001
2018-04-06	299.299988
2018-04-09	289.660004
2018-04-10	304.700012
2018-04-11	300.929993
2018-04-12	294.079987
2018-04-13	300.339996
2018-04-16	291.209991
2018-04-17	287.690002
2018-04-18	293.350006
2018-04-19	300.079987
2018-04-20	290.23999
2018-04-23	283.369995
2018-04-24	283.459991
2018-04-25	280.690002
2018-04-26	285.480011
2018-04-27	294.079987
2018-04-30	293.899994
2018-05-01	299.920013
2018-05-02	301.149994
2018-05-03	284.450012
2018-05-04	294.089996
2018-05-07	302.769989
2018-05-08	301.970001
2018-05-09	306.850006
2018-05-10	305.019989
2018-05-11	301.059998
2018-05-14	291.970001
2018-05-15	284.179993
2018-05-16	286.480011
2018-05-17	284.540009
2018-05-18	276.820007
2018-05-21	284.48999
2018-05-22	275.01001
2018-05-23	279.070007
2018-05-24	277.850006
2018-05-25	278.850006
2018-05-29	283.76001
2018-05-30	291.720001
2018-05-31	284.730011
2018-06-01	291.820007
2018-06-04	296.73999
2018-06-05	291.130005
2018-06-06	319.5
2018-06-07	316.089996
2018-06-08	317.660004
2018-06-11	332.100006
2018-06-12	342.769989
2018-06-13	344.779999
2018-06-14	357.720001
2018-06-15	358.170013
2018-06-18	370.829987
2018-06-19	352.549988
2018-06-20	362.220001
2018-06-21	347.51001
2018-06-22	333.630005
2018-06-25	333.01001
2018-06-26	342.0
2018-06-27	344.5
2018-06-28	349.929993
2018-06-29	342.950012
2018-07-02	335.070007
2018-07-03	310.859985
2018-07-05	309.160004
2018-07-06	308.899994
2018-07-09	318.51001
2018-07-10	322.470001
2018-07-11	318.959991
2018-07-12	316.709991
2018-07-13	318.869995
2018-07-16	310.100006
2018-07-17	322.690002
2018-07-18	323.850006
2018-07-19	320.230011
2018-07-20	313.579987
2018-07-23	303.200012
2018-07-24	297.429993
2018-07-25	308.73999
2018-07-26	306.649994
2018-07-27	297.179993
2018-07-30	290.170013
2018-07-31	298.140015
2018-08-01	300.839996
2018-08-02	349.540009
2018-08-03	348.170013
2018-08-06	341.98999
2018-08-07	379.570007
2018-08-08	370.339996
2018-08-09	352.450012
2018-08-10	355.48999
2018-08-13	356.410004
2018-08-14	347.640015
2018-08-15	338.690002
2018-08-16	335.450012
2018-08-17	305.5
2018-08-20	308.440002
2018-08-21	321.899994
2018-08-22	321.640015
2018-08-23	320.100006
2018-08-24	322.820007
2018-08-27	319.269989
2018-08-28	311.859985
2018-08-29	305.01001
2018-08-30	303.149994
2018-08-31	301.660004
2018-09-04	288.950012
2018-09-05	280.73999
2018-09-06	280.950012
2018-09-07	263.23999
2018-09-10	285.5
2018-09-11	279.440002
2018-09-12	290.540009
2018-09-13	289.459991
2018-09-14	295.200012
2018-09-17	294.839996
2018-09-18	284.959991
2018-09-19	299.019989
2018-09-20	298.329987
2018-09-21	299.100006
2018-09-24	299.679993
2018-09-25	300.98999
2018-09-26	309.579987
2018-09-27	307.519989
2018-09-28	264.769989
2018-10-01	310.700012
2018-10-02	301.019989
2018-10-03	294.799988
2018-10-04	281.829987
2018-10-05	261.950012
2018-10-08	250.559998
2018-10-09	262.799988
2018-10-10	256.880005
2018-10-11	252.229996
2018-10-12	258.779999
2018-10-15	259.589996
2018-10-16	276.589996
2018-10-17	271.779999
2018-10-18	263.910004
2018-10-19	260.0
2018-10-22	260.950012
2018-10-23	294.140015
2018-10-24	288.5
2018-10-25	314.859985
2018-10-26	330.899994
2018-10-29	334.850006
2018-10-30	329.899994
2018-10-31	337.320007
2018-11-01	344.279999
2018-11-02	346.410004
2018-11-05	341.399994
2018-11-06	341.059998
2018-11-07	348.160004
2018-11-08	351.399994
2018-11-09	350.51001
2018-11-12	331.279999
2018-11-13	338.730011
2018-11-14	344.0
2018-11-15	348.440002
2018-11-16	354.309998
2018-11-19	353.470001
2018-11-20	347.48999
2018-11-21	338.190002
2018-11-23	325.829987
2018-11-26	346.0
2018-11-27	343.920013
2018-11-28	347.869995
2018-11-29	341.170013
2018-11-30	350.480011
2018-12-03	358.48999
2018-12-04	359.700012
2018-12-06	363.059998
2018-12-07	357.970001
2018-12-10	365.149994
2018-12-11	366.76001
2018-12-12	366.600006
2018-12-13	376.790009
2018-12-14	365.709991
2018-12-17	348.420013
2018-12-18	337.029999
2018-12-19	332.970001
2018-12-20	315.380005
2018-12-21	319.769989
2018-12-24	295.390015
2018-12-26	326.089996
2018-12-27	316.130005
2018-12-28	333.869995
2018-12-31	332.799988
2019-01-02	310.119995
2019-01-03	300.359985
2019-01-04	317.690002
2019-01-07	334.959991
2019-01-08	335.350006
2019-01-09	338.529999
2019-01-10	344.970001
2019-01-11	347.26001
2019-01-14	334.399994
2019-01-15	344.429993
2019-01-16	346.049988
2019-01-17	347.309998
2019-01-18	302.26001
2019-01-22	298.920013
2019-01-23	287.589996
2019-01-24	291.51001
2019-01-25	297.040009
2019-01-28	296.380005
2019-01-29	297.459991
2019-01-30	308.769989
2019-01-31	307.019989
2019-02-01	312.209991
2019-02-04	312.890015
2019-02-05	321.350006
2019-02-06	317.220001
2019-02-07	307.51001
2019-02-08	305.799988
2019-02-11	312.839996
2019-02-12	311.809998
2019-02-13	308.170013
2019-02-14	303.769989
2019-02-15	307.880005
2019-02-19	305.640015
2019-02-20	302.559998
2019-02-21	291.230011
2019-02-22	294.709991
2019-02-25	298.769989
2019-02-26	297.859985
2019-02-27	314.73999
2019-02-28	319.880005
2019-03-01	294.790009
2019-03-04	285.359985
2019-03-05	276.540009
2019-03-06	276.23999
2019-03-07	276.589996
2019-03-08	284.140015
2019-03-11	290.920013
2019-03-12	283.359985
2019-03-13	288.959991
2019-03-14	289.959991
2019-03-15	275.429993
2019-03-18	269.48999
2019-03-19	267.470001
2019-03-20	273.600006
2019-03-21	274.019989
2019-03-22	264.529999
2019-03-25	260.420013
2019-03-26	267.769989
2019-03-27	274.829987
2019-03-28	278.619995
2019-03-29	279.859985
2019-04-01	289.179993
2019-04-02	285.880005
2019-04-03	291.809998
2019-04-04	267.779999
2019-04-05	274.959991
2019-04-08	273.200012
2019-04-09	272.309998
2019-04-10	276.059998
2019-04-11	268.420013
2019-04-12	267.700012
2019-04-15	266.380005
2019-04-16	273.359985
2019-04-17	271.230011
2019-04-18	273.26001
2019-04-22	262.75
2019-04-23	263.899994
2019-04-24	258.660004
2019-04-25	247.630005
2019-04-26	235.139999
2019-04-29	241.470001
2019-04-30	238.690002
2019-05-01	234.009995
2019-05-02	244.100006
2019-05-03	255.029999
2019-05-06	255.339996
2019-05-07	247.059998
2019-05-08	244.839996
2019-05-09	241.979996
2019-05-10	239.520004
2019-05-13	227.009995
2019-05-14	232.309998
2019-05-15	231.949997
2019-05-16	228.330002
2019-05-17	211.029999
2019-05-20	205.360001
2019-05-21	205.080002
2019-05-22	192.729996
2019-05-23	195.490005
2019-05-24	190.630005
2019-05-28	188.699997
2019-05-29	189.860001
2019-05-30	188.220001
2019-05-31	185.160004
2019-06-03	178.970001
2019-06-04	193.600006
2019-06-05	196.589996
2019-06-06	205.949997
2019-06-07	204.5
2019-06-10	212.880005
2019-06-11	217.100006
2019-06-12	209.259995
2019-06-13	213.910004
2019-06-14	214.919998
2019-06-17	225.029999
2019-06-18	224.740005
2019-06-19	226.429993
2019-06-20	219.619995
2019-06-21	221.860001
2019-06-24	223.639999
2019-06-25	219.759995
2019-06-26	219.270004
2019-06-27	222.839996
2019-06-28	223.460007
2019-07-01	227.169998
2019-07-02	224.550003
2019-07-03	234.899994
2019-07-05	233.100006
2019-07-08	230.339996
2019-07-09	230.059998
2019-07-10	238.919998
2019-07-11	238.600006
2019-07-12	245.080002
2019-07-15	253.5
2019-07-16	252.380005
2019-07-17	254.860001
2019-07-18	253.539993
2019-07-19	258.179993
2019-07-22	255.679993
2019-07-23	260.170013
2019-07-24	264.880005
2019-07-25	228.820007
2019-07-26	228.039993
2019-07-29	235.770004
2019-07-30	242.259995
2019-07-31	241.610001
2019-08-01	233.850006
2019-08-02	234.339996
2019-08-05	228.320007
2019-08-06	230.75
2019-08-07	233.419998
2019-08-08	238.300003
2019-08-09	235.009995
2019-08-12	229.009995
2019-08-13	235.0
2019-08-14	219.619995
2019-08-15	215.639999
2019-08-16	219.940002
2019-08-19	226.830002
2019-08-20	225.860001
2019-08-21	220.830002
2019-08-22	222.149994
2019-08-23	211.399994
2019-08-26	215.0
2019-08-27	214.080002
2019-08-28	215.589996
2019-08-29	221.710007
2019-08-30	225.610001
2019-09-03	225.009995
2019-09-04	220.679993
2019-09-05	229.580002
2019-09-06	227.449997
2019-09-09	231.789993
2019-09-10	235.539993
2019-09-11	247.100006
2019-09-12	245.869995
2019-09-13	245.199997
2019-09-16	242.809998
2019-09-17	244.789993
2019-09-18	243.490005
2019-09-19	246.600006
2019-09-20	240.619995
2019-09-23	241.229996
2019-09-24	223.210007
2019-09-25	228.699997
2019-09-26	242.559998
2019-09-27	242.130005
2019-09-30	240.869995
2019-10-01	244.690002
2019-10-02	243.130005
2019-10-03	233.029999
2019-10-04	231.429993
2019-10-07	237.720001
2019-10-08	240.050003
2019-10-09	244.529999
2019-10-10	244.740005
2019-10-11	247.889999
2019-10-14	256.959991
2019-10-15	257.890015
2019-10-16	259.75
2019-10-17	261.970001
2019-10-18	256.950012
2019-10-21	253.5
2019-10-22	255.580002
2019-10-23	254.679993
2019-10-24	299.679993
2019-10-25	328.130005
2019-10-28	327.709991
2019-10-29	316.220001
2019-10-30	315.01001
2019-10-31	314.920013
2019-11-01	313.309998
2019-11-04	317.470001
2019-11-05	317.220001
2019-11-06	326.579987
2019-11-07	335.540009
2019-11-08	337.140015
2019-11-11	345.089996
2019-11-12	349.929993
2019-11-13	346.109985
2019-11-14	349.350006
2019-11-15	352.170013
2019-11-18	349.98999
2019-11-19	359.519989
2019-11-20	352.220001
2019-11-21	354.829987
2019-11-22	333.040009
2019-11-25	336.339996
2019-11-26	328.920013
2019-11-27	331.290009
2019-11-29	329.940002
2019-12-02	334.869995
2019-12-03	336.200012
2019-12-04	333.029999
2019-12-05	330.369995
2019-12-06	335.890015
2019-12-09	339.529999
2019-12-10	348.839996
2019-12-11	352.700012
2019-12-12	359.679993
2019-12-13	358.390015
2019-12-16	381.5
2019-12-17	378.98999
2019-12-18	393.149994
2019-12-19	404.040009
2019-12-20	405.589996
2019-12-23	419.220001
2019-12-24	425.25
2019-12-26	430.940002
2019-12-27	430.380005
2019-12-30	414.700012
2019-12-31	418.329987
2020-01-02	430.26001
2020-01-03	443.01001
2020-01-06	451.540009
2020-01-07	469.059998
2020-01-08	492.140015
2020-01-09	481.339996
2020-01-10	478.149994
2020-01-13	524.859985
2020-01-14	537.919983
2020-01-15	518.5
2020-01-16	513.48999
2020-01-17	510.5
2020-01-21	547.200012
2020-01-22	569.559998
2020-01-23	572.200012
2020-01-24	564.820007
2020-01-27	558.02002
2020-01-28	566.900024
2020-01-29	580.98999
2020-01-30	640.809998
2020-01-31	650.570007
2020-02-03	780.0
2020-02-04	887.059998
2020-02-05	734.700012
2020-02-06	748.960022
2020-02-07	748.070007
2020-02-10	771.280029
2020-02-11	774.380005
2020-02-12	767.289978
2020-02-13	804.0
2020-02-14	800.030029
2020-02-18	858.400024
2020-02-19	917.419983
2020-02-20	899.409973
2020-02-21	901.0
2020-02-24	833.789978
2020-02-25	799.909973
2020-02-26	778.799988
2020-02-27	679.0
2020-02-28	667.98999
2020-03-02	743.619995
2020-03-03	745.51001
2020-03-04	749.5
2020-03-05	724.539978
2020-03-06	703.47998
2020-03-09	608.0
2020-03-10	645.330017
2020-03-11	634.22998
2020-03-12	560.549988
2020-03-13	546.619995
2020-03-16	445.070007
2020-03-17	430.200012
2020-03-18	361.220001
2020-03-19	427.640015
2020-03-20	427.529999
2020-03-23	434.290009
2020-03-24	505.0
2020-03-25	539.25
2020-03-26	528.159973
2020-03-27	514.359985
2020-03-30	502.130005
2020-03-31	524.0
2020-04-01	481.559998
2020-04-02	454.470001
2020-04-03	480.01001
2020-04-06	516.23999
2020-04-07	545.450012
2020-04-08	548.840027
2020-04-09	573.0
2020-04-13	650.950012
2020-04-14	709.890015
2020-04-15	729.830017
2020-04-16	745.210022
2020-04-17	753.890015
