Period Number,Value,Date
1,2493823.5,2006-08-23
2,2478267.0,2006-08-24
3,2461010.25,2006-08-25
4,2444962.75,2006-08-28
5,2431148.25,2006-08-29
6,2420437.0,2006-08-30
7,2408170.0,2006-08-31
8,2397510.25,2006-09-01
9,2385666.25,2006-09-05
10,2373276.5,2006-09-06
11,2361966.5,2006-09-07
12,2354913.5,2006-09-08
13,2347301.0,2006-09-11
14,2340835.0,2006-09-12
15,2334716.75,2006-09-13
16,2326646.75,2006-09-14
17,2318263.5,2006-09-15
18,2309592.0,2006-09-18
19,2295268.75,2006-09-19
20,2280834.0,2006-09-20
21,2263886.5,2006-09-21
22,2245373.0,2006-09-22
23,2226287.25,2006-09-25
24,2210752.0,2006-09-26
25,2197424.0,2006-09-27
26,2183638.25,2006-09-28
27,2169721.0,2006-09-29
28,2160368.25,2006-10-02
29,2149334.75,2006-10-03
30,2139035.0,2006-10-04
31,2128729.75,2006-10-05
32,2120465.75,2006-10-06
33,2109500.25,2006-10-09
34,2097807.5,2006-10-10
35,2088883.5,2006-10-11
36,2082586.625,2006-10-12
37,2084014.5,2006-10-13
38,2082965.875,2006-10-16
39,2081706.0,2006-10-17
40,2081527.0,2006-10-18
41,2081321.5,2006-10-19
42,2080281.125,2006-10-20
43,2080141.125,2006-10-23
44,2082294.125,2006-10-24
45,2084166.5,2006-10-25
46,2084883.75,2006-10-26
47,2085597.5,2006-10-27
48,2086533.375,2006-10-30
49,2085226.5,2006-10-31
50,2081922.625,2006-11-01
51,2076879.25,2006-11-02
52,2073728.375,2006-11-03
53,2069863.375,2006-11-06
54,2067691.375,2006-11-07
55,2067433.125,2006-11-08
56,2072807.25,2006-11-09
57,2079547.125,2006-11-10
58,2088816.25,2006-11-13
59,2097194.75,2006-11-14
60,2107408.0,2006-11-15
61,2119108.75,2006-11-16
62,2129254.25,2006-11-17
63,2142378.25,2006-11-20
64,2170468.0,2006-11-21
65,2197062.5,2006-11-22
66,2224577.75,2006-11-24
67,2253731.5,2006-11-27
68,2282882.0,2006-11-28
69,2311938.25,2006-11-29
70,2338995.0,2006-11-30
71,2365501.5,2006-12-01
72,2391081.5,2006-12-04
73,2415856.0,2006-12-05
74,2441201.5,2006-12-06
75,2471644.75,2006-12-07
76,2503737.25,2006-12-08
77,2538285.75,2006-12-11
78,2570507.25,2006-12-12
79,2602508.5,2006-12-13
80,2633097.5,2006-12-14
81,2662305.75,2006-12-15
82,2692300.0,2006-12-18
83,2721890.0,2006-12-19
84,2750402.5,2006-12-20
85,2777718.25,2006-12-21
86,2801808.0,2006-12-22
87,2825155.75,2006-12-26
88,2845833.25,2006-12-27
89,2865253.5,2006-12-28
90,2881924.75,2006-12-29
91,2897429.5,2007-01-03
92,2910444.0,2007-01-04
93,2923185.0,2007-01-05
94,2937395.25,2007-01-08
95,2955683.75,2007-01-09
96,2972900.0,2007-01-10
97,2988379.75,2007-01-11
98,3004648.25,2007-01-12
99,3020727.5,2007-01-16
100,3038525.75,2007-01-17
101,3056269.75,2007-01-18
102,3072427.25,2007-01-19
103,3083246.0,2007-01-22
104,3098461.25,2007-01-23
105,3111412.0,2007-01-24
106,3121436.25,2007-01-25
107,3131927.25,2007-01-26
108,3144685.5,2007-01-29
109,3159709.0,2007-01-30
110,3173458.5,2007-01-31
111,3185091.75,2007-02-01
112,3195757.0,2007-02-02
113,3205635.75,2007-02-05
114,3218836.0,2007-02-06
115,3230796.25,2007-02-07
116,3240319.75,2007-02-08
117,3250798.75,2007-02-09
118,3264403.75,2007-02-12
119,3279548.75,2007-02-13
120,3296510.75,2007-02-14
121,3313422.25,2007-02-15
122,3331612.5,2007-02-16
123,3350088.25,2007-02-20
124,3366189.25,2007-02-21
125,3379943.0,2007-02-22
126,3395342.0,2007-02-23
127,3409811.5,2007-02-26
128,3422743.75,2007-02-27
129,3433603.75,2007-02-28
130,3442524.75,2007-03-01
131,3451460.0,2007-03-02
132,3460493.5,2007-03-05
133,3468657.25,2007-03-06
134,3483599.25,2007-03-07
135,3500105.25,2007-03-08
136,3516705.0,2007-03-09
137,3534187.25,2007-03-12
138,3553580.75,2007-03-13
139,3573563.75,2007-03-14
140,3592918.5,2007-03-15
141,3611180.5,2007-03-16
142,3631092.25,2007-03-19
143,3650642.25,2007-03-20
144,3671030.0,2007-03-21
145,3692630.25,2007-03-22
146,3712180.25,2007-03-23
147,3733928.75,2007-03-26
148,3754859.25,2007-03-27
149,3773890.25,2007-03-28
150,3794403.75,2007-03-29
151,3815037.75,2007-03-30
152,3836061.0,2007-04-02
153,3856118.25,2007-04-03
154,3873634.75,2007-04-04
155,3891219.5,2007-04-05
156,3910232.5,2007-04-09
157,3930775.75,2007-04-10
158,3954781.0,2007-04-11
159,3978272.25,2007-04-12
160,4003860.25,2007-04-13
161,4028450.25,2007-04-16
162,4056062.75,2007-04-17
163,4085437.0,2007-04-18
164,4119392.5,2007-04-19
165,4154443.0,2007-04-20
166,4192149.75,2007-04-23
167,4230883.0,2007-04-24
168,4271903.0,2007-04-25
169,4313544.5,2007-04-26
170,4353706.0,2007-04-27
171,4394587.0,2007-04-30
172,4434214.0,2007-05-01
173,4476777.0,2007-05-02
174,4523277.5,2007-05-03
175,4569028.5,2007-05-04
176,4610778.5,2007-05-07
177,4648366.0,2007-05-08
178,4678735.5,2007-05-09
179,4713456.0,2007-05-10
180,4753883.5,2007-05-11
181,4792271.0,2007-05-14
182,4829599.0,2007-05-15
183,4873328.0,2007-05-16
184,4921617.0,2007-05-17
185,4971656.5,2007-05-18
186,5021682.5,2007-05-21
187,5074418.0,2007-05-22
188,5125231.0,2007-05-23
189,5176149.0,2007-05-24
190,5230033.0,2007-05-25
191,5286661.0,2007-05-29
192,5345130.0,2007-05-30
193,5406976.5,2007-05-31
194,5467046.0,2007-06-01
195,5527358.0,2007-06-04
196,5587890.0,2007-06-05
197,5648076.0,2007-06-06
198,5709468.0,2007-06-07
199,5768897.5,2007-06-08
200,5825425.0,2007-06-11
201,5884270.0,2007-06-12
202,5939461.5,2007-06-13
203,5995223.0,2007-06-14
204,6047193.0,2007-06-15
205,6096394.0,2007-06-18
206,6147180.0,2007-06-19
207,6196007.5,2007-06-20
208,6246859.5,2007-06-21
209,6294506.0,2007-06-22
210,6337263.0,2007-06-25
211,6377058.0,2007-06-26
212,6414870.5,2007-06-27
213,6453471.0,2007-06-28
214,6487077.0,2007-06-29
215,6527277.5,2007-07-02
216,6569183.0,2007-07-03
217,6606486.5,2007-07-05
218,6641956.0,2007-07-06
219,6676578.0,2007-07-09
220,6718864.0,2007-07-10
221,6757858.0,2007-07-11
222,6797926.0,2007-07-12
223,6839008.5,2007-07-13
224,6885196.0,2007-07-16
225,6934823.5,2007-07-17
226,6984258.5,2007-07-18
227,7037153.0,2007-07-19
228,7088226.0,2007-07-20
229,7141287.5,2007-07-23
230,7196415.0,2007-07-24
231,7249308.5,2007-07-25
232,7299552.5,2007-07-26
233,7350271.5,2007-07-27
234,7401796.0,2007-07-30
235,7457484.5,2007-07-31
236,7519655.0,2007-08-01
237,7579641.5,2007-08-02
238,7637283.0,2007-08-03
239,7688055.5,2007-08-06
240,7730630.0,2007-08-07
241,7761250.5,2007-08-08
242,7790959.0,2007-08-09
243,7813672.0,2007-08-10
244,7829792.5,2007-08-13
245,7850252.5,2007-08-14
246,7871682.0,2007-08-15
247,7883504.5,2007-08-16
248,7902160.5,2007-08-17
249,7921715.5,2007-08-20
250,7940381.0,2007-08-21
251,7962911.5,2007-08-22
252,7981430.5,2007-08-23
253,7999626.0,2007-08-24
254,8016790.0,2007-08-27
255,8027500.5,2007-08-28
256,8035231.5,2007-08-29
257,8036933.5,2007-08-30
258,8029127.5,2007-08-31
259,8022210.5,2007-09-04
260,8009540.5,2007-09-05
261,7992816.5,2007-09-06
262,7978647.5,2007-09-07
263,7957321.0,2007-09-10
264,7937602.5,2007-09-11
265,7916020.5,2007-09-12
266,7890901.5,2007-09-13
267,7864431.5,2007-09-14
268,7834205.5,2007-09-17
269,7806862.0,2007-09-18
270,7776274.0,2007-09-19
271,7743510.0,2007-09-20
272,7708513.5,2007-09-21
273,7665911.0,2007-09-24
274,7626507.5,2007-09-25
275,7586078.5,2007-09-26
276,7543735.5,2007-09-27
277,7504980.0,2007-09-28
278,7465516.5,2007-10-01
279,7423535.5,2007-10-02
280,7379701.0,2007-10-03
281,7335447.0,2007-10-04
282,7287817.5,2007-10-05
283,7234092.0,2007-10-08
284,7176524.0,2007-10-09
285,7112004.5,2007-10-10
286,7049289.5,2007-10-11
287,6980980.5,2007-10-12
288,6915455.0,2007-10-15
289,6849709.0,2007-10-16
290,6788685.5,2007-10-17
291,6730968.0,2007-10-18
292,6669992.0,2007-10-19
293,6613809.0,2007-10-22
294,6557331.5,2007-10-23
295,6499380.5,2007-10-24
296,6437483.0,2007-10-25
297,6376852.0,2007-10-26
298,6314644.0,2007-10-29
299,6254278.0,2007-10-30
300,6193428.5,2007-10-31
301,6131127.0,2007-11-01
302,6069184.0,2007-11-02
303,6006285.5,2007-11-05
304,5945880.5,2007-11-06
305,5886362.5,2007-11-07
306,5827384.5,2007-11-08
307,5769556.5,2007-11-09
308,5706906.0,2007-11-12
309,5643882.0,2007-11-13
310,5577795.0,2007-11-14
311,5515024.5,2007-11-15
312,5451926.0,2007-11-16
313,5391682.5,2007-11-19
314,5331570.0,2007-11-20
315,5274188.0,2007-11-21
316,5215741.5,2007-11-23
317,5160930.0,2007-11-26
318,5112719.5,2007-11-27
319,5066937.5,2007-11-28
320,5022865.5,2007-11-29
321,4978551.0,2007-11-30
322,4937882.0,2007-12-03
323,4898686.5,2007-12-04
324,4859178.5,2007-12-05
325,4819841.0,2007-12-06
326,4781855.5,2007-12-07
327,4743402.0,2007-12-10
328,4704740.5,2007-12-11
329,4662925.0,2007-12-12
330,4622360.5,2007-12-13
331,4580699.5,2007-12-14
332,4543526.5,2007-12-17
333,4506362.0,2007-12-18
334,4470380.5,2007-12-19
335,4436182.5,2007-12-20
336,4400006.5,2007-12-21
337,4362882.0,2007-12-24
338,4324991.5,2007-12-26
339,4286595.0,2007-12-27
340,4246860.0,2007-12-28
341,4205922.5,2007-12-31
342,4161862.75,2008-01-02
343,4118113.5,2008-01-03
344,4075571.25,2008-01-04
345,4034576.75,2008-01-07
346,3992651.25,2008-01-08
347,3951769.0,2008-01-09
348,3911263.75,2008-01-10
349,3870078.5,2008-01-11
350,3830438.25,2008-01-14
351,3791552.25,2008-01-15
352,3754146.0,2008-01-16
353,3719521.0,2008-01-17
354,3685608.25,2008-01-18
355,3651261.5,2008-01-22
356,3615821.0,2008-01-23
357,3577741.75,2008-01-24
358,3537305.0,2008-01-25
359,3496816.25,2008-01-28
360,3456157.75,2008-01-29
361,3412207.75,2008-01-30
362,3369599.5,2008-01-31
363,3327946.75,2008-02-01
364,3283613.5,2008-02-04
365,3240545.25,2008-02-05
366,3196617.75,2008-02-06
367,3150979.0,2008-02-07
368,3105419.5,2008-02-08
369,3058932.5,2008-02-11
370,3009757.75,2008-02-12
371,2960337.25,2008-02-13
372,2909400.5,2008-02-14
373,2856672.25,2008-02-15
374,2802285.0,2008-02-19
375,2747012.0,2008-02-20
376,2694131.25,2008-02-21
377,2640371.25,2008-02-22
378,2584117.25,2008-02-25
379,2529185.75,2008-02-26
380,2473014.25,2008-02-27
381,2415290.75,2008-02-28
382,2356876.5,2008-02-29
383,2298172.0,2008-03-03
384,2240169.5,2008-03-04
385,2180785.75,2008-03-05
386,2120697.25,2008-03-06
387,2060855.375,2008-03-07
388,2000624.875,2008-03-10
389,1939766.5,2008-03-11
390,1877438.375,2008-03-12
391,1814684.375,2008-03-13
392,1751752.5,2008-03-14
393,1690043.25,2008-03-17
394,1626289.875,2008-03-18
395,1564311.625,2008-03-19
396,1504009.25,2008-03-20
397,1443428.875,2008-03-24
398,1384082.75,2008-03-25
399,1325022.75,2008-03-26
400,1266003.0,2008-03-27
401,1208688.0,2008-03-28
402,1152482.375,2008-03-31
403,1096886.75,2008-04-01
404,1042133.0625,2008-04-02
405,987920.6875,2008-04-03
406,934882.8125,2008-04-04
407,883658.875,2008-04-07
408,833874.8125,2008-04-08
409,785305.1875,2008-04-09
410,738116.5,2008-04-10
411,691775.4375,2008-04-11
412,646620.875,2008-04-14
413,602124.9375,2008-04-15
414,558341.875,2008-04-16
415,516134.90625,2008-04-17
416,475270.96875,2008-04-18
417,436112.40625,2008-04-21
418,398156.75,2008-04-22
419,361656.8125,2008-04-23
420,326935.09375,2008-04-24
421,294125.34375,2008-04-25
422,262614.5,2008-04-28
423,232660.109375,2008-04-29
424,204671.640625,2008-04-30
425,178406.390625,2008-05-01
426,154141.546875,2008-05-02
427,131625.453125,2008-05-05
428,111275.8671875,2008-05-06
429,92975.203125,2008-05-07
430,76505.0625,2008-05-08
431,61789.42578125,2008-05-09
432,48641.44140625,2008-05-12
433,40689.4765625,2008-05-13
434,35415.3515625,2008-05-14
435,30727.89453125,2008-05-15
436,26342.41015625,2008-05-16
437,22162.771484375,2008-05-19
438,18391.55078125,2008-05-20
439,18552.76953125,2008-05-21
440,21393.904296875,2008-05-22
441,24667.78515625,2008-05-23
442,28625.763671875,2008-05-27
443,33262.57421875,2008-05-28
444,38299.49609375,2008-05-29
445,43808.96484375,2008-05-30
446,54385.03515625,2008-06-02
447,66295.4296875,2008-06-03
448,79651.890625,2008-06-04
449,94383.21875,2008-06-05
450,110467.5234375,2008-06-06
451,128143.6875,2008-06-09
452,147393.4375,2008-06-10
453,168624.453125,2008-06-11
454,191026.75,2008-06-12
455,214410.578125,2008-06-13
456,238845.578125,2008-06-16
457,264717.46875,2008-06-17
458,291820.75,2008-06-18
459,320063.9375,2008-06-19
460,349892.71875,2008-06-20
461,381733.75,2008-06-23
462,415249.96875,2008-06-24
463,451265.25,2008-06-25
464,488663.5625,2008-06-26
465,527505.0625,2008-06-27
466,567778.375,2008-06-30
467,610053.125,2008-07-01
468,654418.0625,2008-07-02
469,700182.75,2008-07-03
470,747181.5,2008-07-07
471,794959.6875,2008-07-08
472,843639.625,2008-07-09
473,892586.1875,2008-07-10
474,942745.6875,2008-07-11
475,995011.0,2008-07-14
476,1047839.1875,2008-07-15
477,1100255.125,2008-07-16
478,1153548.0,2008-07-17
479,1207881.375,2008-07-18
480,1264137.5,2008-07-21
481,1320098.5,2008-07-22
482,1376749.75,2008-07-23
483,1432881.125,2008-07-24
484,1489365.25,2008-07-25
485,1545423.625,2008-07-28
486,1601569.0,2008-07-29
487,1658081.625,2008-07-30
488,1714603.25,2008-07-31
489,1771201.875,2008-08-01
490,1827336.5,2008-08-04
491,1885596.25,2008-08-05
492,1943996.25,2008-08-06
493,2003168.125,2008-08-07
494,2061564.625,2008-08-08
495,2120131.5,2008-08-11
496,2178412.0,2008-08-12
497,2236975.0,2008-08-13
498,2294068.75,2008-08-14
499,2351791.75,2008-08-15
500,2410050.5,2008-08-18
501,2467091.75,2008-08-19
502,2523999.0,2008-08-20
503,2580092.0,2008-08-21
504,2635511.0,2008-08-22
505,2689361.75,2008-08-25
506,2743202.5,2008-08-26
507,2797883.75,2008-08-27
508,2852093.5,2008-08-28
509,2905653.25,2008-08-29
510,2958156.25,2008-09-02
511,3009798.5,2008-09-03
512,3059608.0,2008-09-04
513,3107483.75,2008-09-05
514,3153912.5,2008-09-08
515,3198465.25,2008-09-09
516,3241210.25,2008-09-10
517,3282879.0,2008-09-11
518,3325108.75,2008-09-12
519,3363017.75,2008-09-15
520,3398357.5,2008-09-16
521,3431349.75,2008-09-17
522,3461914.75,2008-09-18
523,3494971.0,2008-09-19
524,3526969.25,2008-09-22
525,3557640.25,2008-09-23
526,3588756.25,2008-09-24
527,3619513.5,2008-09-25
528,3651159.25,2008-09-26
529,3681131.0,2008-09-29
530,3713244.75,2008-09-30
531,3746235.25,2008-10-01
532,3779322.0,2008-10-02
533,3810680.25,2008-10-03
534,3840789.5,2008-10-06
535,3868331.75,2008-10-07
536,3892298.25,2008-10-08
537,3914548.25,2008-10-09
538,3933568.75,2008-10-10
539,3958937.5,2008-10-13
540,3984986.0,2008-10-14
541,4007890.5,2008-10-15
542,4030453.5,2008-10-16
543,4054276.5,2008-10-17
544,4081624.5,2008-10-20
545,4109858.0,2008-10-21
546,4137413.75,2008-10-22
547,4166200.75,2008-10-23
548,4194449.0,2008-10-24
549,4222716.0,2008-10-27
550,4251567.5,2008-10-28
551,4280691.5,2008-10-29
552,4310578.0,2008-10-30
553,4340867.5,2008-10-31
554,4371052.0,2008-11-03
555,4402262.5,2008-11-04
556,4431395.0,2008-11-05
557,4459744.5,2008-11-06
558,4489093.5,2008-11-07
559,4517943.0,2008-11-10
560,4543690.0,2008-11-11
561,4567739.5,2008-11-12
562,4592086.0,2008-11-13
563,4614970.0,2008-11-14
564,4635408.0,2008-11-17
565,4656270.5,2008-11-18
566,4674550.5,2008-11-19
567,4688809.5,2008-11-20
568,4701919.5,2008-11-21
569,4718188.5,2008-11-24
570,4733244.0,2008-11-25
571,4748275.5,2008-11-26
572,4762112.0,2008-11-28
573,4771853.0,2008-12-01
574,4780945.5,2008-12-02
575,4787691.0,2008-12-03
576,4793929.5,2008-12-04
577,4798339.0,2008-12-05
578,4803682.5,2008-12-08
579,4807808.5,2008-12-09
580,4812433.0,2008-12-10
581,4817510.0,2008-12-11
582,4823660.0,2008-12-12
583,4828491.5,2008-12-15
584,4832569.5,2008-12-16
585,4837657.5,2008-12-17
586,4841217.0,2008-12-18
587,4841195.5,2008-12-19
588,4838752.0,2008-12-22
589,4835172.0,2008-12-23
590,4829829.0,2008-12-24
591,4825269.0,2008-12-26
592,4818810.0,2008-12-29
593,4812160.5,2008-12-30
594,4803669.0,2008-12-31
595,4796012.5,2009-01-02
596,4790248.5,2009-01-05
597,4784363.0,2009-01-06
598,4777360.0,2009-01-07
599,4771755.0,2009-01-08
600,4763502.5,2009-01-09
601,4753548.5,2009-01-12
602,4744075.5,2009-01-13
603,4731752.0,2009-01-14
604,4717590.5,2009-01-15
605,4700776.5,2009-01-16
606,4680969.5,2009-01-20
607,4659187.0,2009-01-21
608,4635091.5,2009-01-22
609,4612138.0,2009-01-23
610,4591457.5,2009-01-26
611,4570802.0,2009-01-27
612,4549805.0,2009-01-28
613,4528595.0,2009-01-29
614,4508496.0,2009-01-30
615,4487865.5,2009-02-02
616,4467153.0,2009-02-03
617,4449099.5,2009-02-04
618,4430946.0,2009-02-05
619,4413887.5,2009-02-06
620,4397222.5,2009-02-09
621,4377651.0,2009-02-10
622,4357307.0,2009-02-11
623,4336935.0,2009-02-12
624,4314873.0,2009-02-13
625,4289863.5,2009-02-17
626,4263879.0,2009-02-18
627,4236235.5,2009-02-19
628,4206917.5,2009-02-20
629,4176383.0,2009-02-23
630,4147084.5,2009-02-24
631,4118695.75,2009-02-25
632,4089498.0,2009-02-26
633,4057841.5,2009-02-27
634,4021713.5,2009-03-02
635,3982745.25,2009-03-03
636,3944150.5,2009-03-04
637,3903724.25,2009-03-05
638,3860561.5,2009-03-06
639,3814893.25,2009-03-09
640,3769239.75,2009-03-10
641,3724147.75,2009-03-11
642,3680617.5,2009-03-12
643,3638304.75,2009-03-13
644,3597666.0,2009-03-16
645,3556305.25,2009-03-17
646,3515877.0,2009-03-18
647,3475290.0,2009-03-19
648,3431560.25,2009-03-20
649,3388667.5,2009-03-23
650,3346112.25,2009-03-24
651,3305376.5,2009-03-25
652,3264157.25,2009-03-26
653,3222414.25,2009-03-27
654,3178233.25,2009-03-30
655,3133274.25,2009-03-31
656,3087415.25,2009-04-01
657,3041343.5,2009-04-02
658,2994774.0,2009-04-03
659,2947287.0,2009-04-06
660,2898550.75,2009-04-07
661,2849447.0,2009-04-08
662,2800541.75,2009-04-09
663,2751881.75,2009-04-13
664,2702621.75,2009-04-14
665,2652298.5,2009-04-15
666,2603464.0,2009-04-16
667,2554668.75,2009-04-17
668,2504988.75,2009-04-20
669,2454742.25,2009-04-21
670,2403910.25,2009-04-22
671,2353058.75,2009-04-23
672,2302287.5,2009-04-24
673,2250540.25,2009-04-27
674,2198829.75,2009-04-28
675,2146684.0,2009-04-29
676,2093786.125,2009-04-30
677,2041844.25,2009-05-01
678,1990793.75,2009-05-04
679,1939693.25,2009-05-05
680,1888439.625,2009-05-06
681,1836519.625,2009-05-07
682,1784934.5,2009-05-08
683,1733975.625,2009-05-11
684,1683402.5,2009-05-12
685,1633956.0,2009-05-13
686,1584527.375,2009-05-14
687,1534706.75,2009-05-15
688,1486175.25,2009-05-18
689,1439140.5,2009-05-19
690,1393512.125,2009-05-20
691,1348072.25,2009-05-21
692,1302279.5,2009-05-22
693,1256894.25,2009-05-26
694,1212672.75,2009-05-27
695,1168516.0,2009-05-28
696,1125341.125,2009-05-29
697,1082111.875,2009-06-01
698,1040198.3125,2009-06-02
699,998341.375,2009-06-03
700,957242.3125,2009-06-04
701,917383.125,2009-06-05
702,878451.9375,2009-06-08
703,839710.125,2009-06-09
704,801024.4375,2009-06-10
705,763318.875,2009-06-11
706,727413.4375,2009-06-12
707,692297.625,2009-06-15
708,658279.9375,2009-06-16
709,625105.25,2009-06-17
710,593034.3125,2009-06-18
711,562008.875,2009-06-19
712,531562.4375,2009-06-22
713,511928.96875,2009-06-23
714,499970.15625,2009-06-24
715,487817.25,2009-06-25
716,475291.96875,2009-06-26
717,463074.34375,2009-06-29
718,451231.84375,2009-06-30
719,439988.09375,2009-07-01
720,428980.84375,2009-07-02
721,418684.78125,2009-07-06
722,408829.28125,2009-07-07
723,399699.34375,2009-07-08
724,391270.46875,2009-07-09
725,384153.8125,2009-07-10
726,377573.8125,2009-07-13
727,371455.0625,2009-07-14
728,365645.28125,2009-07-15
729,360491.03125,2009-07-16
730,355880.96875,2009-07-17
731,351778.53125,2009-07-20
732,348721.0625,2009-07-21
733,345129.65625,2009-07-22
734,341345.6875,2009-07-23
735,337802.71875,2009-07-24
736,360551.15625,2009-07-27
737,384221.46875,2009-07-28
738,408798.96875,2009-07-29
739,433939.40625,2009-07-30
740,459385.03125,2009-07-31
741,484995.46875,2009-08-03
742,511407.8125,2009-08-04
743,537771.8125,2009-08-05
744,564687.1875,2009-08-06
745,592051.4375,2009-08-07
746,619896.625,2009-08-10
747,649064.875,2009-08-11
748,677341.5,2009-08-12
749,705888.8125,2009-08-13
750,734777.9375,2009-08-14
751,764070.0625,2009-08-17
752,792691.5625,2009-08-18
753,821043.5,2009-08-19
754,848908.5625,2009-08-20
755,876618.8125,2009-08-21
756,903965.8125,2009-08-24
757,931458.0625,2009-08-25
758,959290.3125,2009-08-26
759,986821.0625,2009-08-27
760,1014159.25,2009-08-28
761,1041869.4375,2009-08-31
762,1069855.0,2009-09-01
763,1100011.375,2009-09-02
764,1131993.5,2009-09-03
765,1163344.5,2009-09-04
766,1194230.5,2009-09-08
767,1224692.0,2009-09-09
768,1254782.375,2009-09-10
769,1284327.0,2009-09-11
770,1313291.75,2009-09-14
771,1351405.875,2009-09-15
772,1397031.375,2009-09-16
773,1442833.375,2009-09-17
774,1488819.375,2009-09-18
775,1534363.625,2009-09-21
776,1579557.125,2009-09-22
777,1624828.875,2009-09-23
778,1669425.375,2009-09-24
779,1713358.25,2009-09-25
780,1756608.0,2009-09-28
781,1798548.125,2009-09-29
782,1839983.75,2009-09-30
783,1881615.625,2009-10-01
784,1922856.625,2009-10-02
785,1963662.875,2009-10-05
786,2002934.75,2009-10-06
787,2041450.0,2009-10-07
788,2078602.75,2009-10-08
789,2114278.0,2009-10-09
790,2148011.75,2009-10-12
791,2180717.5,2009-10-13
792,2212207.5,2009-10-14
793,2242651.25,2009-10-15
794,2270681.0,2009-10-16
795,2297143.5,2009-10-19
796,2322406.25,2009-10-20
797,2346633.75,2009-10-21
798,2368780.0,2009-10-22
799,2389861.0,2009-10-23
800,2409562.25,2009-10-26
801,2427337.5,2009-10-27
802,2444717.5,2009-10-28
803,2461493.75,2009-10-29
804,2476834.25,2009-10-30
805,2490494.0,2009-11-02
806,2502584.0,2009-11-03
807,2512655.75,2009-11-04
808,2518793.5,2009-11-05
809,2523343.0,2009-11-06
810,2524750.75,2009-11-09
811,2523907.5,2009-11-10
812,2521060.75,2009-11-11
813,2516310.5,2009-11-12
814,2509730.75,2009-11-13
815,2501739.75,2009-11-16
816,2491698.25,2009-11-17
817,2479377.0,2009-11-18
818,2465555.5,2009-11-19
819,2449413.0,2009-11-20
820,2430347.75,2009-11-23
821,2409096.25,2009-11-24
822,2385577.25,2009-11-25
823,2360760.25,2009-11-27
824,2334049.25,2009-11-30
825,2304599.0,2009-12-01
826,2272508.5,2009-12-02
827,2239511.75,2009-12-03
828,2204893.5,2009-12-04
829,2167994.5,2009-12-07
830,2129274.75,2009-12-08
831,2088969.75,2009-12-09
832,2046984.75,2009-12-10
833,2003706.25,2009-12-11
834,1958685.875,2009-12-14
835,1912470.75,2009-12-15
836,1865526.75,2009-12-16
837,1817854.375,2009-12-17
838,1769575.0,2009-12-18
839,1719977.875,2009-12-21
840,1669435.625,2009-12-22
841,1618550.625,2009-12-23
842,1567761.25,2009-12-24
843,1516762.125,2009-12-28
844,1465939.125,2009-12-29
845,1415574.25,2009-12-30
846,1365486.875,2009-12-31
847,1315457.25,2010-01-04
848,1265708.375,2010-01-05
849,1215630.25,2010-01-06
850,1165113.5,2010-01-07
851,1114588.125,2010-01-08
852,1064592.875,2010-01-11
853,1014948.5,2010-01-12
854,965807.5625,2010-01-13
855,916838.8125,2010-01-14
856,868553.75,2010-01-15
857,820755.6875,2010-01-19
858,773704.5,2010-01-20
859,727704.0625,2010-01-21
860,682157.375,2010-01-22
861,637595.5,2010-01-25
862,594423.1875,2010-01-26
863,552367.5,2010-01-27
864,511741.96875,2010-01-28
865,472126.9375,2010-01-29
866,433829.3125,2010-02-01
867,396918.03125,2010-02-02
868,361485.34375,2010-02-03
869,327083.0625,2010-02-04
870,294147.875,2010-02-05
871,262677.90625,2010-02-08
872,232466.375,2010-02-09
873,203990.171875,2010-02-10
874,177258.703125,2010-02-11
875,152080.921875,2010-02-12
876,128343.6640625,2010-02-16
877,106528.75,2010-02-17
878,86637.65625,2010-02-18
879,68804.3828125,2010-02-19
880,53185.98046875,2010-02-22
881,40136.55078125,2010-02-23
882,29698.654296875,2010-02-24
883,21552.064453125,2010-02-25
884,17193.646484375,2010-02-26
885,16634.908203125,2010-03-01
886,16851.732421875,2010-03-02
887,17677.517578125,2010-03-03
888,23563.583984375,2010-03-04
889,33375.8828125,2010-03-05
890,44919.93359375,2010-03-08
891,58338.48046875,2010-03-09
892,73655.6484375,2010-03-10
893,90821.765625,2010-03-11
894,109773.8046875,2010-03-12
895,130637.828125,2010-03-15
896,153374.5625,2010-03-16
897,179536.40625,2010-03-17
898,207854.875,2010-03-18
899,238263.5,2010-03-19
900,274892.96875,2010-03-22
901,317267.40625,2010-03-23
902,362928.8125,2010-03-24
903,411872.6875,2010-03-25
904,464103.375,2010-03-26
905,519663.78125,2010-03-29
906,578375.1875,2010-03-30
907,640554.0625,2010-03-31
908,705594.9375,2010-04-01
909,774123.9375,2010-04-05
910,845721.75,2010-04-06
911,920084.8125,2010-04-07
912,997183.375,2010-04-08
913,1077197.25,2010-04-09
914,1159777.125,2010-04-12
915,1245164.0,2010-04-13
916,1333300.25,2010-04-14
917,1423799.625,2010-04-15
918,1516778.75,2010-04-16
919,1612859.375,2010-04-19
920,1711861.5,2010-04-20
921,1813435.75,2010-04-21
922,1917225.875,2010-04-22
923,2024125.25,2010-04-23
924,2133341.5,2010-04-26
925,2243974.25,2010-04-27
926,2356405.25,2010-04-28
927,2471345.5,2010-04-29
928,2587938.0,2010-04-30
929,2707801.75,2010-05-03
930,2829177.0,2010-05-04
931,2953892.25,2010-05-05
932,3079249.25,2010-05-06
933,3205546.0,2010-05-07
934,3334469.0,2010-05-10
935,3462905.0,2010-05-11
936,3590202.5,2010-05-12
937,3717747.75,2010-05-13
938,3845523.0,2010-05-14
939,3973202.75,2010-05-17
940,4100653.75,2010-05-18
941,4227289.5,2010-05-19
942,4351696.5,2010-05-20
943,4475633.5,2010-05-21
944,4599127.5,2010-05-24
945,4722383.0,2010-05-25
946,4845653.5,2010-05-26
947,4969650.0,2010-05-27
948,5092998.0,2010-05-28
949,5214067.5,2010-06-01
950,5334986.0,2010-06-02
951,5454843.0,2010-06-03
952,5571695.5,2010-06-04
953,5686003.0,2010-06-07
954,5799159.0,2010-06-08
955,5910091.5,2010-06-09
956,6020101.5,2010-06-10
957,6126987.5,2010-06-11
958,6231231.0,2010-06-14
959,6334358.5,2010-06-15
960,6436047.0,2010-06-16
961,6535473.0,2010-06-17
962,6632683.0,2010-06-18
963,6727374.0,2010-06-21
964,6819725.5,2010-06-22
965,6909789.5,2010-06-23
966,6997775.0,2010-06-24
967,7082268.0,2010-06-25
968,7165306.0,2010-06-28
969,7246520.5,2010-06-29
970,7327467.0,2010-06-30
971,7404398.5,2010-07-01
972,7479498.0,2010-07-02
973,7553002.0,2010-07-06
974,7624441.0,2010-07-07
975,7693632.5,2010-07-08
976,7759758.0,2010-07-09
977,7822570.5,2010-07-12
978,7884896.0,2010-07-13
979,7944369.0,2010-07-14
980,8001046.5,2010-07-15
981,8055661.5,2010-07-16
982,8108312.0,2010-07-19
983,8160341.0,2010-07-20
984,8210630.0,2010-07-21
985,8258716.0,2010-07-22
986,8305787.0,2010-07-23
987,8351493.0,2010-07-26
988,8394418.0,2010-07-27
989,8437164.0,2010-07-28
990,8479277.0,2010-07-29
991,8521301.0,2010-07-30
992,8563162.0,2010-08-02
993,8605912.0,2010-08-03
994,8648327.0,2010-08-04
995,8693984.0,2010-08-05
996,8740669.0,2010-08-06
997,8788222.0,2010-08-09
998,8837142.0,2010-08-10
999,8883488.0,2010-08-11
1000,8930774.0,2010-08-12
1001,8980050.0,2010-08-13
1002,9031556.0,2010-08-16
1003,9084610.0,2010-08-17
1004,9140304.0,2010-08-18
1005,9198074.0,2010-08-19
1006,9258033.0,2010-08-20
1007,9320559.0,2010-08-23
1008,9385779.0,2010-08-24
1009,9453699.0,2010-08-25
1010,9524427.0,2010-08-26
1011,9599535.0,2010-08-27
1012,9678685.0,2010-08-30
1013,9762875.0,2010-08-31
1014,9852534.0,2010-09-01
1015,9947199.0,2010-09-02
1016,1.0046845E7,2010-09-03
1017,1.0151308E7,2010-09-07
1018,1.0261395E7,2010-09-08
1019,1.0375313E7,2010-09-09
1020,1.0493295E7,2010-09-10
1021,1.0615933E7,2010-09-13
1022,1.0743425E7,2010-09-14
1023,1.0875895E7,2010-09-15
1024,1.1013481E7,2010-09-16
1025,1.1157662E7,2010-09-17
1026,1.1308392E7,2010-09-20
1027,1.1464581E7,2010-09-21
1028,1.1626329E7,2010-09-22
1029,1.1793016E7,2010-09-23
1030,1.1967237E7,2010-09-24
1031,1.2147944E7,2010-09-27
1032,1.2335394E7,2010-09-28
1033,1.2528668E7,2010-09-29
1034,1.2728011E7,2010-09-30
1035,1.2933358E7,2010-10-01
1036,1.3141485E7,2010-10-04
1037,1.3354496E7,2010-10-05
1038,1.3573128E7,2010-10-06
1039,1.3798521E7,2010-10-07
1040,1.4028808E7,2010-10-08
1041,1.4266228E7,2010-10-11
1042,1.4507785E7,2010-10-12
1043,1.475542E7,2010-10-13
1044,1.5009361E7,2010-10-14
1045,1.5270596E7,2010-10-15
1046,1.5538662E7,2010-10-18
1047,1.5809539E7,2010-10-19
1048,1.6085171E7,2010-10-20
1049,1.6364337E7,2010-10-21
1050,1.6644604E7,2010-10-22
1051,1.6926824E7,2010-10-25
1052,1.7209032E7,2010-10-26
1053,1.7489788E7,2010-10-27
1054,1.7771644E7,2010-10-28
1055,1.8051698E7,2010-10-29
1056,1.8332526E7,2010-11-01
1057,1.8612144E7,2010-11-02
1058,1.888722E7,2010-11-03
1059,1.9160856E7,2010-11-04
1060,1.9429704E7,2010-11-05
1061,1.969389E7,2010-11-08
1062,1.995379E7,2010-11-09
1063,2.0205528E7,2010-11-10
1064,2.0450196E7,2010-11-11
1065,2.0684262E7,2010-11-12
1066,2.0908244E7,2010-11-15
1067,2.1120652E7,2010-11-16
1068,2.1322608E7,2010-11-17
1069,2.1515118E7,2010-11-18
1070,2.1699792E7,2010-11-19
1071,2.187104E7,2010-11-22
1072,2.2030186E7,2010-11-23
1073,2.2176106E7,2010-11-24
1074,2.2309672E7,2010-11-26
1075,2.243156E7,2010-11-29
1076,2.2542038E7,2010-11-30
1077,2.2641196E7,2010-12-01
1078,2.27273E7,2010-12-02
1079,2.2800624E7,2010-12-03
1080,2.2862498E7,2010-12-06
1081,2.2913906E7,2010-12-07
1082,2.2955592E7,2010-12-08
1083,2.2990172E7,2010-12-09
1084,2.3017346E7,2010-12-10
1085,2.3038288E7,2010-12-13
1086,2.305451E7,2010-12-14
1087,2.3064036E7,2010-12-15
1088,2.3069954E7,2010-12-16
1089,2.3071388E7,2010-12-17
1090,2.3073476E7,2010-12-20
1091,2.3078376E7,2010-12-21
1092,2.3147104E7,2010-12-22
1093,2.3258384E7,2010-12-23
1094,2.3375568E7,2010-12-27
1095,2.3500086E7,2010-12-28
1096,2.3632184E7,2010-12-29
1097,2.377499E7,2010-12-30
1098,2.3927616E7,2010-12-31
1099,2.4089792E7,2011-01-03
1100,2.4263168E7,2011-01-04
1101,2.4449216E7,2011-01-05
1102,2.4646144E7,2011-01-06
1103,2.4854396E7,2011-01-07
1104,2.507357E7,2011-01-10
1105,2.5304096E7,2011-01-11
1106,2.5544016E7,2011-01-12
1107,2.579215E7,2011-01-13
1108,2.6045734E7,2011-01-14
1109,2.6301574E7,2011-01-18
1110,2.6557478E7,2011-01-19
1111,2.6811062E7,2011-01-20
1112,2.7059792E7,2011-01-21
1113,2.7304606E7,2011-01-24
1114,2.7540082E7,2011-01-25
1115,2.7764272E7,2011-01-26
1116,2.7976194E7,2011-01-27
1117,2.8172952E7,2011-01-28
1118,2.8354712E7,2011-01-31
1119,2.8523878E7,2011-02-01
1120,2.867965E7,2011-02-02
1121,2.8829416E7,2011-02-03
1122,2.8904752E7,2011-02-04
1123,2.8978764E7,2011-02-07
1124,2.9050944E7,2011-02-08
1125,2.9121136E7,2011-02-09
1126,2.9189844E7,2011-02-10
1127,2.9257882E7,2011-02-11
1128,2.9326236E7,2011-02-14
1129,2.939548E7,2011-02-15
1130,2.946505E7,2011-02-16
1131,2.953148E7,2011-02-17
1132,2.9596526E7,2011-02-18
1133,2.9658614E7,2011-02-22
1134,2.9719098E7,2011-02-23
1135,2.9779688E7,2011-02-24
1136,2.9840056E7,2011-02-25
1137,2.9899804E7,2011-02-28
1138,2.9958236E7,2011-03-01
1139,3.0014564E7,2011-03-02
1140,3.0070794E7,2011-03-03
1141,3.0126184E7,2011-03-04
1142,3.0179802E7,2011-03-07
1143,3.0232444E7,2011-03-08
1144,3.0284118E7,2011-03-09
1145,3.0335134E7,2011-03-10
1146,3.0387414E7,2011-03-11
1147,3.0438028E7,2011-03-14
1148,3.0486606E7,2011-03-15
1149,3.0535032E7,2011-03-16
1150,3.0584922E7,2011-03-17
1151,3.0635526E7,2011-03-18
1152,3.0686518E7,2011-03-21
1153,3.0736916E7,2011-03-22
1154,3.078842E7,2011-03-23
1155,3.0840486E7,2011-03-24
1156,3.0891412E7,2011-03-25
1157,3.0940576E7,2011-03-28
1158,3.098696E7,2011-03-29
1159,3.1033934E7,2011-03-30
1160,3.1080442E7,2011-03-31
1161,3.1126006E7,2011-04-01
1162,3.116822E7,2011-04-04
1163,3.1208966E7,2011-04-05
1164,3.1250468E7,2011-04-06
1165,3.129078E7,2011-04-07
1166,3.1329866E7,2011-04-08
1167,3.1366852E7,2011-04-11
1168,3.1402644E7,2011-04-12
1169,3.1437968E7,2011-04-13
1170,3.147261E7,2011-04-14
1171,3.1505676E7,2011-04-15
1172,3.1537172E7,2011-04-18
1173,3.1568422E7,2011-04-19
1174,3.1600214E7,2011-04-20
1175,3.1632372E7,2011-04-21
1176,3.1663452E7,2011-04-25
1177,3.1695326E7,2011-04-26
1178,3.1728186E7,2011-04-27
1179,3.176006E7,2011-04-28
1180,3.1792258E7,2011-04-29
1181,3.1822756E7,2011-05-02
1182,3.1850442E7,2011-05-03
1183,3.1882364E7,2011-05-04
1184,3.1908298E7,2011-05-05
1185,3.1938718E7,2011-05-06
1186,3.1968442E7,2011-05-09
1187,3.1997094E7,2011-05-10
1188,3.2021496E7,2011-05-11
1189,3.2044752E7,2011-05-12
1190,3.206353E7,2011-05-13
1191,3.208126E7,2011-05-16
1192,3.2096578E7,2011-05-17
1193,3.21118E7,2011-05-18
1194,3.2127868E7,2011-05-19
1195,3.2143482E7,2011-05-20
1196,3.2155576E7,2011-05-23
1197,3.216475E7,2011-05-24
1198,3.2173568E7,2011-05-25
1199,3.2184276E7,2011-05-26
1200,3.219439E7,2011-05-27
1201,3.220384E7,2011-05-31
1202,3.221247E7,2011-06-01
1203,3.2222434E7,2011-06-02
1204,3.2231314E7,2011-06-03
1205,3.223702E7,2011-06-06
1206,3.2241626E7,2011-06-07
1207,3.224459E7,2011-06-08
1208,3.2249424E7,2011-06-09
1209,3.225358E7,2011-06-10
1210,3.2255282E7,2011-06-13
1211,3.2255788E7,2011-06-14
1212,3.2255368E7,2011-06-15
1213,3.2264838E7,2011-06-16
1214,3.2269146E7,2011-06-17
1215,3.2274134E7,2011-06-20
1216,3.2282642E7,2011-06-21
1217,3.2290434E7,2011-06-22
1218,3.2297444E7,2011-06-23
1219,3.229779E7,2011-06-24
1220,3.229968E7,2011-06-27
1221,3.2303498E7,2011-06-28
1222,3.2310014E7,2011-06-29
1223,3.2317666E7,2011-06-30
1224,3.2324346E7,2011-07-01
1225,3.2330928E7,2011-07-05
1226,3.2336074E7,2011-07-06
1227,3.2341012E7,2011-07-07
1228,3.234533E7,2011-07-08
1229,3.2348724E7,2011-07-11
1230,3.2351866E7,2011-07-12
1231,3.235439E7,2011-07-13
1232,3.2353882E7,2011-07-14
1233,3.235201E7,2011-07-15
1234,3.2350142E7,2011-07-18
1235,3.2346506E7,2011-07-19
1236,3.234053E7,2011-07-20
1237,3.2331876E7,2011-07-21
1238,3.2320432E7,2011-07-22
1239,3.2310362E7,2011-07-25
1240,3.2298812E7,2011-07-26
1241,3.2284842E7,2011-07-27
1242,3.2270522E7,2011-07-28
1243,3.2257622E7,2011-07-29
1244,3.2244136E7,2011-08-01
1245,3.2228638E7,2011-08-02
1246,3.221856E7,2011-08-03
1247,3.2197736E7,2011-08-04
1248,3.2173274E7,2011-08-05
1249,3.2140136E7,2011-08-08
1250,3.211435E7,2011-08-09
1251,3.208828E7,2011-08-10
1252,3.2063766E7,2011-08-11
1253,3.2034224E7,2011-08-12
1254,3.2008444E7,2011-08-15
1255,3.1981666E7,2011-08-16
1256,3.1954928E7,2011-08-17
1257,3.192379E7,2011-08-18
1258,3.188645E7,2011-08-19
1259,3.184294E7,2011-08-22
1260,3.1798758E7,2011-08-23
1261,3.1753588E7,2011-08-24
1262,3.1706804E7,2011-08-25
1263,3.1660044E7,2011-08-26
1264,3.16152E7,2011-08-29
1265,3.156904E7,2011-08-30
1266,3.1519348E7,2011-08-31
1267,3.1471812E7,2011-09-01
1268,3.1424238E7,2011-09-02
1269,3.1372614E7,2011-09-06
1270,3.1322122E7,2011-09-07
1271,3.127133E7,2011-09-08
1272,3.1217542E7,2011-09-09
1273,3.1161488E7,2011-09-12
1274,3.1104596E7,2011-09-13
1275,3.104737E7,2011-09-14
1276,3.0992256E7,2011-09-15
1277,3.0936426E7,2011-09-16
1278,3.0884194E7,2011-09-19
1279,3.0832646E7,2011-09-20
1280,3.0775494E7,2011-09-21
1281,3.0715352E7,2011-09-22
1282,3.065426E7,2011-09-23
1283,3.0594708E7,2011-09-26
1284,3.053489E7,2011-09-27
1285,3.047175E7,2011-09-28
1286,3.0405318E7,2011-09-29
1287,3.0335476E7,2011-09-30
1288,3.0257784E7,2011-10-03
1289,3.017677E7,2011-10-04
1290,3.00968E7,2011-10-05
1291,3.0022644E7,2011-10-06
1292,2.9945064E7,2011-10-07
1293,2.9868412E7,2011-10-10
1294,2.9794668E7,2011-10-11
1295,2.9718394E7,2011-10-12
1296,2.9638492E7,2011-10-13
1297,2.956E7,2011-10-14
1298,2.9482372E7,2011-10-17
1299,2.9404412E7,2011-10-18
1300,2.9326094E7,2011-10-19
1301,2.9246486E7,2011-10-20
1302,2.9166728E7,2011-10-21
1303,2.9088164E7,2011-10-24
1304,2.9007852E7,2011-10-25
1305,2.8929586E7,2011-10-26
1306,2.8849188E7,2011-10-27
1307,2.8768732E7,2011-10-28
1308,2.868576E7,2011-10-31
1309,2.859825E7,2011-11-01
1310,2.8515414E7,2011-11-02
1311,2.8433144E7,2011-11-03
1312,2.835143E7,2011-11-04
1313,2.8269722E7,2011-11-07
1314,2.818755E7,2011-11-08
1315,2.809888E7,2011-11-09
1316,2.8010986E7,2011-11-10
1317,2.792177E7,2011-11-11
1318,2.7830742E7,2011-11-14
1319,2.7738006E7,2011-11-15
1320,2.7642312E7,2011-11-16
1321,2.7545724E7,2011-11-17
1322,2.7447582E7,2011-11-18
1323,2.7345706E7,2011-11-21
1324,2.7240402E7,2011-11-22
1325,2.7131872E7,2011-11-23
1326,2.702305E7,2011-11-25
1327,2.6911928E7,2011-11-28
1328,2.6798288E7,2011-11-29
1329,2.668604E7,2011-11-30
1330,2.6575842E7,2011-12-01
1331,2.6465424E7,2011-12-02
1332,2.635925E7,2011-12-05
1333,2.6252538E7,2011-12-06
1334,2.6146324E7,2011-12-07
1335,2.6038374E7,2011-12-08
1336,2.593222E7,2011-12-09
1337,2.5823668E7,2011-12-12
1338,2.5713476E7,2011-12-13
1339,2.5601284E7,2011-12-14
1340,2.5493218E7,2011-12-15
1341,2.5386166E7,2011-12-16
1342,2.5279948E7,2011-12-19
1343,2.5173828E7,2011-12-20
1344,2.5067566E7,2011-12-21
1345,2.4959458E7,2011-12-22
1346,2.4852802E7,2011-12-23
1347,2.4750132E7,2011-12-27
1348,2.464489E7,2011-12-28
1349,2.4540346E7,2011-12-29
1350,2.4434774E7,2011-12-30
1351,2.4330658E7,2012-01-03
1352,2.4227306E7,2012-01-04
1353,2.4122712E7,2012-01-05
1354,2.4017616E7,2012-01-06
1355,2.3910732E7,2012-01-09
1356,2.3802852E7,2012-01-10
1357,2.3693438E7,2012-01-11
1358,2.3586062E7,2012-01-12
1359,2.3479904E7,2012-01-13
1360,2.337498E7,2012-01-17
1361,2.3271958E7,2012-01-18
1362,2.3168532E7,2012-01-19
1363,2.3065592E7,2012-01-20
1364,2.2965154E7,2012-01-23
1365,2.2865086E7,2012-01-24
1366,2.2764888E7,2012-01-25
1367,2.2664726E7,2012-01-26
1368,2.2564194E7,2012-01-27
1369,2.2463484E7,2012-01-30
1370,2.2363868E7,2012-01-31
1371,2.226494E7,2012-02-01
1372,2.2166722E7,2012-02-02
1373,2.207388E7,2012-02-03
1374,2.198114E7,2012-02-06
1375,2.1888778E7,2012-02-07
1376,2.1796182E7,2012-02-08
1377,2.1705402E7,2012-02-09
1378,2.161339E7,2012-02-10
1379,2.1524038E7,2012-02-13
1380,2.1434844E7,2012-02-14
1381,2.1345758E7,2012-02-15
1382,2.1260706E7,2012-02-16
1383,2.1177586E7,2012-02-17
1384,2.1094908E7,2012-02-21
1385,2.101208E7,2012-02-22
1386,2.0930896E7,2012-02-23
1387,2.0852898E7,2012-02-24
1388,2.0775674E7,2012-02-27
1389,2.0700186E7,2012-02-28
1390,2.0627812E7,2012-02-29
1391,2.0555494E7,2012-03-01
1392,2.0482244E7,2012-03-02
1393,2.04097E7,2012-03-05
1394,2.033605E7,2012-03-06
1395,2.0266108E7,2012-03-07
1396,2.0199694E7,2012-03-08
1397,2.0133482E7,2012-03-09
1398,2.006645E7,2012-03-12
1399,2.0000596E7,2012-03-13
1400,1.9935614E7,2012-03-14
1401,1.9875692E7,2012-03-15
1402,1.9817518E7,2012-03-16
1403,1.9761384E7,2012-03-19
1404,1.9705846E7,2012-03-20
1405,1.9650394E7,2012-03-21
1406,1.9595696E7,2012-03-22
1407,1.9541776E7,2012-03-23
1408,1.9486174E7,2012-03-26
1409,1.9430742E7,2012-03-27
1410,1.9374748E7,2012-03-28
1411,1.932044E7,2012-03-29
1412,1.9266712E7,2012-03-30
1413,1.9216478E7,2012-04-02
1414,1.9170524E7,2012-04-03
1415,1.912344E7,2012-04-04
1416,1.9078374E7,2012-04-05
1417,1.9032122E7,2012-04-09
1418,1.8984182E7,2012-04-10
1419,1.8937006E7,2012-04-11
1420,1.8892068E7,2012-04-12
1421,1.8847144E7,2012-04-13
1422,1.88023E7,2012-04-16
1423,1.875992E7,2012-04-17
1424,1.8719268E7,2012-04-18
1425,1.8681318E7,2012-04-19
1426,1.8645024E7,2012-04-20
1427,1.8609522E7,2012-04-23
1428,1.857583E7,2012-04-24
1429,1.854262E7,2012-04-25
1430,1.851046E7,2012-04-26
1431,1.847938E7,2012-04-27
1432,1.8453372E7,2012-04-30
1433,1.8430288E7,2012-05-01
1434,1.8410814E7,2012-05-02
1435,1.838955E7,2012-05-03
1436,1.8368698E7,2012-05-04
1437,1.8351766E7,2012-05-07
1438,1.8334568E7,2012-05-08
1439,1.831758E7,2012-05-09
1440,1.8302312E7,2012-05-10
1441,1.8286924E7,2012-05-11
1442,1.826975E7,2012-05-14
1443,1.8251668E7,2012-05-15
1444,1.82333E7,2012-05-16
1445,1.8214214E7,2012-05-17
1446,1.8190374E7,2012-05-18
1447,1.8168092E7,2012-05-21
1448,1.8147952E7,2012-05-22
1449,1.8127734E7,2012-05-23
1450,1.8108684E7,2012-05-24
1451,1.8089744E7,2012-05-25
1452,1.8071586E7,2012-05-29
1453,1.8052644E7,2012-05-30
1454,1.8032668E7,2012-05-31
1455,1.8011232E7,2012-06-01
1456,1.7988358E7,2012-06-04
1457,1.7970092E7,2012-06-05
1458,1.79555E7,2012-06-06
1459,1.7941854E7,2012-06-07
1460,1.7931214E7,2012-06-08
1461,1.7922182E7,2012-06-11
1462,1.7916566E7,2012-06-12
1463,1.7914044E7,2012-06-13
1464,1.7913478E7,2012-06-14
1465,1.791664E7,2012-06-15
1466,1.792236E7,2012-06-18
1467,1.7932342E7,2012-06-19
1468,1.794639E7,2012-06-20
1469,1.7961394E7,2012-06-21
1470,1.7977638E7,2012-06-22
1471,1.7995144E7,2012-06-25
1472,1.8015504E7,2012-06-26
1473,1.8041398E7,2012-06-27
1474,1.8069212E7,2012-06-28
1475,1.810177E7,2012-06-29
1476,1.813523E7,2012-07-02
1477,1.817044E7,2012-07-03
1478,1.8206918E7,2012-07-05
1479,1.8244548E7,2012-07-06
1480,1.8282276E7,2012-07-09
1481,1.8321414E7,2012-07-10
1482,1.835993E7,2012-07-11
1483,1.839926E7,2012-07-12
1484,1.8440332E7,2012-07-13
1485,1.8484134E7,2012-07-16
1486,1.8528812E7,2012-07-17
1487,1.8574252E7,2012-07-18
1488,1.862042E7,2012-07-19
1489,1.8669552E7,2012-07-20
1490,1.8717824E7,2012-07-23
1491,1.8764922E7,2012-07-24
1492,1.8808916E7,2012-07-25
1493,1.8853848E7,2012-07-26
1494,1.889827E7,2012-07-27
1495,1.8944538E7,2012-07-30
1496,1.8991896E7,2012-07-31
1497,1.9036524E7,2012-08-01
1498,1.908529E7,2012-08-02
1499,1.913607E7,2012-08-03
1500,1.9188388E7,2012-08-06
1501,1.9242412E7,2012-08-07
1502,1.929559E7,2012-08-08
1503,1.9350608E7,2012-08-09
1504,1.9406976E7,2012-08-10
1505,1.9463398E7,2012-08-13
1506,1.9518776E7,2012-08-14
1507,1.957897E7,2012-08-15
1508,1.9642678E7,2012-08-16
1509,1.9709074E7,2012-08-17
1510,1.9776552E7,2012-08-20
1511,1.9845632E7,2012-08-21
1512,1.9915892E7,2012-08-22
1513,1.9985736E7,2012-08-23
1514,2.0056242E7,2012-08-24
1515,2.0128696E7,2012-08-27
1516,2.0201768E7,2012-08-28
1517,2.0275756E7,2012-08-29
1518,2.0350332E7,2012-08-30
1519,2.0425856E7,2012-08-31
1520,2.0502498E7,2012-09-04
1521,2.0579112E7,2012-09-05
1522,2.0656992E7,2012-09-06
1523,2.0734574E7,2012-09-07
1524,2.0811778E7,2012-09-10
1525,2.088761E7,2012-09-11
1526,2.0963502E7,2012-09-12
1527,2.1040326E7,2012-09-13
1528,2.1116864E7,2012-09-14
1529,2.1193324E7,2012-09-17
1530,2.127146E7,2012-09-18
1531,2.1350426E7,2012-09-19
1532,2.1429348E7,2012-09-20
1533,2.1508286E7,2012-09-21
1534,2.1586502E7,2012-09-24
1535,2.1664568E7,2012-09-25
1536,2.1744026E7,2012-09-26
1537,2.1826506E7,2012-09-27
1538,2.1909524E7,2012-09-28
1539,2.1995184E7,2012-10-01
1540,2.2083106E7,2012-10-02
1541,2.2171292E7,2012-10-03
1542,2.2261364E7,2012-10-04
1543,2.2356284E7,2012-10-05
1544,2.2452794E7,2012-10-08
1545,2.2551162E7,2012-10-09
1546,2.2648498E7,2012-10-10
1547,2.2745078E7,2012-10-11
1548,2.2841044E7,2012-10-12
1549,2.2935942E7,2012-10-15
1550,2.3030238E7,2012-10-16
1551,2.3124348E7,2012-10-17
1552,2.3216052E7,2012-10-18
1553,2.3306852E7,2012-10-19
1554,2.3394976E7,2012-10-22
1555,2.3481284E7,2012-10-23
1556,2.356726E7,2012-10-24
1557,2.3650706E7,2012-10-25
1558,2.3730818E7,2012-10-26
1559,2.3810634E7,2012-10-31
1560,2.3889186E7,2012-11-01
1561,2.3970714E7,2012-11-02
1562,2.4049414E7,2012-11-05
1563,2.4127396E7,2012-11-06
1564,2.4201104E7,2012-11-07
1565,2.427374E7,2012-11-08
1566,2.4347582E7,2012-11-09
1567,2.442059E7,2012-11-12
1568,2.4492838E7,2012-11-13
1569,2.4558972E7,2012-11-14
1570,2.4623058E7,2012-11-15
1571,2.468906E7,2012-11-16
1572,2.4756478E7,2012-11-19
1573,2.4821706E7,2012-11-20
1574,2.4887848E7,2012-11-21
1575,2.4954204E7,2012-11-23
1576,2.501956E7,2012-11-26
1577,2.508337E7,2012-11-27
1578,2.5147612E7,2012-11-28
1579,2.5210946E7,2012-11-29
1580,2.5273536E7,2012-11-30
1581,2.5336558E7,2012-12-03
1582,2.5396144E7,2012-12-04
1583,2.545669E7,2012-12-05
1584,2.5517676E7,2012-12-06
1585,2.5578934E7,2012-12-07
1586,2.5639998E7,2012-12-10
1587,2.5700866E7,2012-12-11
1588,2.5760626E7,2012-12-12
1589,2.5817002E7,2012-12-13
1590,2.5870654E7,2012-12-14
1591,2.5924072E7,2012-12-17
1592,2.597521E7,2012-12-18
1593,2.6025248E7,2012-12-19
1594,2.607292E7,2012-12-20
1595,2.6117528E7,2012-12-21
1596,2.6159804E7,2012-12-24
1597,2.6199502E7,2012-12-26
1598,2.6235584E7,2012-12-27
1599,2.6267758E7,2012-12-28
1600,2.6299712E7,2012-12-31
1601,2.6334064E7,2013-01-02
1602,2.6365264E7,2013-01-03
1603,2.6392594E7,2013-01-04
1604,2.6417636E7,2013-01-07
1605,2.6440056E7,2013-01-08
1606,2.6460512E7,2013-01-09
1607,2.6480316E7,2013-01-10
1608,2.6496738E7,2013-01-11
1609,2.6511106E7,2013-01-14
1610,2.652416E7,2013-01-15
1611,2.653518E7,2013-01-16
1612,2.6545276E7,2013-01-17
1613,2.655375E7,2013-01-18
1614,2.656106E7,2013-01-22
1615,2.6566804E7,2013-01-23
1616,2.6571062E7,2013-01-24
1617,2.6577926E7,2013-01-25
1618,2.6583574E7,2013-01-28
1619,2.658989E7,2013-01-29
1620,2.6596004E7,2013-01-30
1621,2.6609234E7,2013-01-31
1622,2.662353E7,2013-02-01
1623,2.6634472E7,2013-02-04
1624,2.6650894E7,2013-02-05
1625,2.6664764E7,2013-02-06
1626,2.6676524E7,2013-02-07
1627,2.6687176E7,2013-02-08
1628,2.6698476E7,2013-02-11
1629,2.6707928E7,2013-02-12
1630,2.6718944E7,2013-02-13
1631,2.6728604E7,2013-02-14
1632,2.6737886E7,2013-02-15
1633,2.6749296E7,2013-02-19
1634,2.6759062E7,2013-02-20
1635,2.6768142E7,2013-02-21
1636,2.6778396E7,2013-02-22
1637,2.6787036E7,2013-02-25
1638,2.6793656E7,2013-02-26
1639,2.6801722E7,2013-02-27
1640,2.6809582E7,2013-02-28
1641,2.6819432E7,2013-03-01
1642,2.683076E7,2013-03-04
1643,2.6841854E7,2013-03-05
1644,2.6849974E7,2013-03-06
1645,2.6857732E7,2013-03-07
1646,2.6864906E7,2013-03-08
1647,2.6866586E7,2013-03-11
1648,2.686447E7,2013-03-12
1649,2.6859656E7,2013-03-13
1650,2.685278E7,2013-03-14
1651,2.684567E7,2013-03-15
1652,2.683456E7,2013-03-18
1653,2.6821552E7,2013-03-19
1654,2.6810622E7,2013-03-20
1655,2.6799872E7,2013-03-21
1656,2.6788738E7,2013-03-22
1657,2.67806E7,2013-03-25
1658,2.6769466E7,2013-03-26
1659,2.6759918E7,2013-03-27
1660,2.6749676E7,2013-03-28
1661,2.6736036E7,2013-04-01
1662,2.6719332E7,2013-04-02
1663,2.6700222E7,2013-04-03
1664,2.6681622E7,2013-04-04
1665,2.6662768E7,2013-04-05
1666,2.664576E7,2013-04-08
1667,2.662899E7,2013-04-09
1668,2.6613728E7,2013-04-10
1669,2.659972E7,2013-04-11
1670,2.6583098E7,2013-04-12
1671,2.6564056E7,2013-04-15
1672,2.6545684E7,2013-04-16
1673,2.6527466E7,2013-04-17
1674,2.6511392E7,2013-04-18
1675,2.6499412E7,2013-04-19
1676,2.6490214E7,2013-04-22
1677,2.6481874E7,2013-04-23
1678,2.6475152E7,2013-04-24
1679,2.6470968E7,2013-04-25
1680,2.6469202E7,2013-04-26
1681,2.6471136E7,2013-04-29
1682,2.6475306E7,2013-04-30
1683,2.6482756E7,2013-05-01
1684,2.6495818E7,2013-05-02
1685,2.6515454E7,2013-05-03
1686,2.6536618E7,2013-05-06
1687,2.6560578E7,2013-05-07
1688,2.6587818E7,2013-05-08
1689,2.6618192E7,2013-05-09
1690,2.6650266E7,2013-05-10
1691,2.6682918E7,2013-05-13
1692,2.6717522E7,2013-05-14
1693,2.6754566E7,2013-05-15
1694,2.6793308E7,2013-05-16
1695,2.6835428E7,2013-05-17
1696,2.6880754E7,2013-05-20
1697,2.6931316E7,2013-05-21
1698,2.698253E7,2013-05-22
1699,2.7035224E7,2013-05-23
1700,2.7089874E7,2013-05-24
1701,2.7146852E7,2013-05-28
1702,2.7204602E7,2013-05-29
1703,2.7262924E7,2013-05-30
1704,2.7322002E7,2013-05-31
1705,2.7385294E7,2013-06-03
1706,2.7449744E7,2013-06-04
1707,2.7514486E7,2013-06-05
1708,2.758036E7,2013-06-06
1709,2.7649234E7,2013-06-07
1710,2.7717806E7,2013-06-10
1711,2.7788692E7,2013-06-11
1712,2.786092E7,2013-06-12
1713,2.7933504E7,2013-06-13
1714,2.8004434E7,2013-06-14
1715,2.8074298E7,2013-06-17
1716,2.8143684E7,2013-06-18
1717,2.8211414E7,2013-06-19
1718,2.8271722E7,2013-06-20
1719,2.8334236E7,2013-06-21
1720,2.839548E7,2013-06-24
1721,2.8460282E7,2013-06-25
1722,2.8525558E7,2013-06-26
1723,2.8590624E7,2013-06-27
1724,2.8652988E7,2013-06-28
1725,2.8715426E7,2013-07-01
1726,2.8774204E7,2013-07-02
1727,2.8830674E7,2013-07-03
1728,2.8885634E7,2013-07-05
1729,2.8938234E7,2013-07-08
1730,2.899397E7,2013-07-09
1731,2.905246E7,2013-07-10
1732,2.911283E7,2013-07-11
1733,2.9171372E7,2013-07-12
1734,2.9225002E7,2013-07-15
1735,2.927486E7,2013-07-16
1736,2.9325242E7,2013-07-17
1737,2.9375254E7,2013-07-18
1738,2.9425148E7,2013-07-19
1739,2.9474474E7,2013-07-22
1740,2.9525718E7,2013-07-23
1741,2.9577646E7,2013-07-24
1742,2.9628804E7,2013-07-25
1743,2.9681086E7,2013-07-26
1744,2.973315E7,2013-07-29
1745,2.9788672E7,2013-07-30
1746,2.985055E7,2013-07-31
1747,2.9919046E7,2013-08-01
1748,2.9987188E7,2013-08-02
1749,3.0056118E7,2013-08-05
1750,3.0125624E7,2013-08-06
1751,3.0203038E7,2013-08-07
1752,3.0282374E7,2013-08-08
1753,3.0361728E7,2013-08-09
1754,3.0442004E7,2013-08-12
1755,3.0524472E7,2013-08-13
1756,3.0609146E7,2013-08-14
1757,3.0696654E7,2013-08-15
1758,3.0786942E7,2013-08-16
1759,3.0876224E7,2013-08-19
1760,3.096847E7,2013-08-20
1761,3.106087E7,2013-08-21
1762,3.1152932E7,2013-08-22
1763,3.1248146E7,2013-08-23
1764,3.1343134E7,2013-08-26
1765,3.1439186E7,2013-08-27
1766,3.1535392E7,2013-08-28
1767,3.1637752E7,2013-08-29
1768,3.1739528E7,2013-08-30
1769,3.1841392E7,2013-09-03
1770,3.1939836E7,2013-09-04
1771,3.2035192E7,2013-09-05
1772,3.2130056E7,2013-09-06
1773,3.2224486E7,2013-09-09
1774,3.2316716E7,2013-09-10
1775,3.2400692E7,2013-09-11
1776,3.2483416E7,2013-09-12
1777,3.2562666E7,2013-09-13
1778,3.2639106E7,2013-09-16
1779,3.2707284E7,2013-09-17
1780,3.2772362E7,2013-09-18
1781,3.2833696E7,2013-09-19
1782,3.2889926E7,2013-09-20
1783,3.2947946E7,2013-09-23
1784,3.3004904E7,2013-09-24
1785,3.3056326E7,2013-09-25
1786,3.3104776E7,2013-09-26
1787,3.3152266E7,2013-09-27
1788,3.3195836E7,2013-09-30
1789,3.3230722E7,2013-10-01
1790,3.3262944E7,2013-10-02
1791,3.329389E7,2013-10-03
1792,3.331963E7,2013-10-04
1793,3.3341176E7,2013-10-07
1794,3.3354778E7,2013-10-08
1795,3.3362726E7,2013-10-09
1796,3.336821E7,2013-10-10
1797,3.3371694E7,2013-10-11
1798,3.3369712E7,2013-10-14
1799,3.3387208E7,2013-10-15
1800,3.3409352E7,2013-10-16
1801,3.342952E7,2013-10-17
1802,3.3454356E7,2013-10-18
1803,3.3485968E7,2013-10-21
1804,3.3528582E7,2013-10-22
1805,3.3571448E7,2013-10-23
1806,3.3617088E7,2013-10-24
1807,3.36639E7,2013-10-25
1808,3.3705064E7,2013-10-28
1809,3.3744912E7,2013-10-29
1810,3.3784388E7,2013-10-30
1811,3.38294E7,2013-10-31
1812,3.3876836E7,2013-11-01
1813,3.3923676E7,2013-11-04
1814,3.3968052E7,2013-11-05
1815,3.4012532E7,2013-11-06
1816,3.4052124E7,2013-11-07
1817,3.4087164E7,2013-11-08
1818,3.4124908E7,2013-11-11
1819,3.4159888E7,2013-11-12
1820,3.4185744E7,2013-11-13
1821,3.420486E7,2013-11-14
1822,3.4223396E7,2013-11-15
1823,3.4242312E7,2013-11-18
1824,3.4254372E7,2013-11-19
1825,3.4272068E7,2013-11-20
1826,3.4288424E7,2013-11-21
1827,3.4295204E7,2013-11-22
1828,3.4303056E7,2013-11-25
1829,3.4320936E7,2013-11-26
1830,3.4338968E7,2013-11-27
1831,3.4362532E7,2013-11-29
1832,3.438646E7,2013-12-02
1833,3.4404292E7,2013-12-03
1834,3.4424196E7,2013-12-04
1835,3.4447444E7,2013-12-05
1836,3.4472996E7,2013-12-06
1837,3.449718E7,2013-12-09
1838,3.452754E7,2013-12-10
1839,3.455304E7,2013-12-11
1840,3.4583432E7,2013-12-12
1841,3.4614664E7,2013-12-13
1842,3.4646956E7,2013-12-16
1843,3.4678108E7,2013-12-17
1844,3.4711076E7,2013-12-18
1845,3.4744312E7,2013-12-19
1846,3.47795E7,2013-12-20
1847,3.4810888E7,2013-12-23
1848,3.4840752E7,2013-12-24
1849,3.4869612E7,2013-12-26
1850,3.4895208E7,2013-12-27
1851,3.492544E7,2013-12-30
1852,3.4951396E7,2013-12-31
1853,3.4975724E7,2014-01-02
1854,3.4997924E7,2014-01-03
1855,3.5019924E7,2014-01-06
1856,3.5043804E7,2014-01-07
1857,3.506664E7,2014-01-08
1858,3.5092932E7,2014-01-09
1859,3.5122608E7,2014-01-10
1860,3.514882E7,2014-01-13
1861,3.5171868E7,2014-01-14
1862,3.5197424E7,2014-01-15
1863,3.521966E7,2014-01-16
1864,3.5242548E7,2014-01-17
1865,3.5266976E7,2014-01-21
1866,3.5290192E7,2014-01-22
1867,3.531692E7,2014-01-23
1868,3.5342764E7,2014-01-24
1869,3.536994E7,2014-01-27
1870,3.54039E7,2014-01-28
1871,3.54426E7,2014-01-29
1872,3.5486832E7,2014-01-30
1873,3.5532768E7,2014-01-31
1874,3.5578756E7,2014-02-03
1875,3.5623852E7,2014-02-04
1876,3.5670612E7,2014-02-05
1877,3.5726228E7,2014-02-06
1878,3.5787388E7,2014-02-07
1879,3.5849888E7,2014-02-10
1880,3.59126E7,2014-02-11
1881,3.5978464E7,2014-02-12
1882,3.6049484E7,2014-02-13
1883,3.6118424E7,2014-02-14
1884,3.6190744E7,2014-02-18
1885,3.625614E7,2014-02-19
1886,3.6319536E7,2014-02-20
1887,3.6384504E7,2014-02-21
1888,3.6450616E7,2014-02-24
1889,3.6513324E7,2014-02-25
1890,3.6581976E7,2014-02-26
1891,3.6652188E7,2014-02-27
1892,3.672084E7,2014-02-28
1893,3.6793688E7,2014-03-03
1894,3.6860456E7,2014-03-04
1895,3.6926064E7,2014-03-05
1896,3.7000356E7,2014-03-06
1897,3.7070576E7,2014-03-07
1898,3.7136032E7,2014-03-10
1899,3.7201432E7,2014-03-11
1900,3.7271196E7,2014-03-12
1901,3.7341704E7,2014-03-13
1902,3.7417748E7,2014-03-14
1903,3.7491236E7,2014-03-17
1904,3.7564772E7,2014-03-18
1905,3.7637572E7,2014-03-19
1906,3.7709428E7,2014-03-20
1907,3.7778932E7,2014-03-21
1908,3.7840624E7,2014-03-24
1909,3.790792E7,2014-03-25
1910,3.7973668E7,2014-03-26
1911,3.803706E7,2014-03-27
1912,3.8100404E7,2014-03-28
1913,3.8161172E7,2014-03-31
1914,3.8219732E7,2014-04-01
1915,3.8281124E7,2014-04-02
1916,3.8343116E7,2014-04-03
1917,3.840366E7,2014-04-04
1918,3.8459932E7,2014-04-07
1919,3.8515572E7,2014-04-08
1920,3.8575468E7,2014-04-09
1921,3.8633632E7,2014-04-10
1922,3.8692984E7,2014-04-11
1923,3.8755988E7,2014-04-14
1924,3.8821104E7,2014-04-15
1925,3.8886728E7,2014-04-16
1926,3.8955116E7,2014-04-17
1927,3.902472E7,2014-04-21
1928,3.9091344E7,2014-04-22
1929,3.9158332E7,2014-04-23
1930,3.922578E7,2014-04-24
1931,3.9294088E7,2014-04-25
1932,3.9365292E7,2014-04-28
1933,3.9439768E7,2014-04-29
1934,3.9515752E7,2014-04-30
1935,3.9596976E7,2014-05-01
1936,3.9678316E7,2014-05-02
1937,3.9763324E7,2014-05-05
1938,3.9851944E7,2014-05-06
1939,3.9946508E7,2014-05-07
1940,4.0047784E7,2014-05-08
1941,4.0148648E7,2014-05-09
1942,4.0254328E7,2014-05-12
1943,4.0359592E7,2014-05-13
1944,4.0464376E7,2014-05-14
1945,4.0569428E7,2014-05-15
1946,4.0678432E7,2014-05-16
1947,4.078496E7,2014-05-19
1948,4.0894764E7,2014-05-20
1949,4.1007376E7,2014-05-21
1950,4.1123204E7,2014-05-22
1951,4.1239064E7,2014-05-23
1952,4.135322E7,2014-05-27
1953,4.1467708E7,2014-05-28
1954,4.157988E7,2014-05-29
1955,4.169272E7,2014-05-30
1956,4.1807812E7,2014-06-02
1957,4.1920236E7,2014-06-03
1958,4.2033528E7,2014-06-04
1959,4.2146804E7,2014-06-05
1960,4.2261232E7,2014-06-06
1961,4.2374876E7,2014-06-09
1962,4.248356E7,2014-06-10
1963,4.2586612E7,2014-06-11
1964,4.268588E7,2014-06-12
1965,4.2782004E7,2014-06-13
1966,4.2879456E7,2014-06-16
1967,4.297318E7,2014-06-17
1968,4.3060392E7,2014-06-18
1969,4.3142952E7,2014-06-19
1970,4.3228192E7,2014-06-20
1971,4.3312032E7,2014-06-23
1972,4.3390108E7,2014-06-24
1973,4.347378E7,2014-06-25
1974,4.355662E7,2014-06-26
1975,4.3641472E7,2014-06-27
1976,4.3727716E7,2014-06-30
1977,4.3811428E7,2014-07-01
1978,4.3891724E7,2014-07-02
1979,4.3969912E7,2014-07-03
1980,4.4044588E7,2014-07-07
1981,4.4113564E7,2014-07-08
1982,4.4180636E7,2014-07-09
1983,4.4245632E7,2014-07-10
1984,4.4314404E7,2014-07-11
1985,4.4382332E7,2014-07-14
1986,4.4451448E7,2014-07-15
1987,4.4520256E7,2014-07-16
1988,4.4589088E7,2014-07-17
1989,4.4659996E7,2014-07-18
1990,4.4731456E7,2014-07-21
1991,4.4807072E7,2014-07-22
1992,4.4881732E7,2014-07-23
1993,4.4959368E7,2014-07-24
1994,4.5038104E7,2014-07-25
1995,4.5115768E7,2014-07-28
1996,4.5194992E7,2014-07-29
1997,4.5271392E7,2014-07-30
1998,4.5340656E7,2014-07-31
1999,4.5410492E7,2014-08-01
2000,4.5485348E7,2014-08-04
2001,4.5558948E7,2014-08-05
2002,4.5631844E7,2014-08-06
2003,4.571072E7,2014-08-07
2004,4.5785972E7,2014-08-08
2005,4.5862044E7,2014-08-11
2006,4.5936168E7,2014-08-12
2007,4.6005768E7,2014-08-13
2008,4.6079252E7,2014-08-14
2009,4.6151768E7,2014-08-15
2010,4.6219348E7,2014-08-18
2011,4.6284528E7,2014-08-19
2012,4.6348504E7,2014-08-20
2013,4.641142E7,2014-08-21
2014,4.647246E7,2014-08-22
2015,4.6536384E7,2014-08-25
2016,4.660006E7,2014-08-26
2017,4.666304E7,2014-08-27
2018,4.6725364E7,2014-08-28
2019,4.6784132E7,2014-08-29
2020,4.6841512E7,2014-09-02
2021,4.6899852E7,2014-09-03
2022,4.6953328E7,2014-09-04
2023,4.7006588E7,2014-09-05
2024,4.7059348E7,2014-09-08
2025,4.7113504E7,2014-09-09
2026,4.7168408E7,2014-09-10
2027,4.7220248E7,2014-09-11
2028,4.726714E7,2014-09-12
2029,4.73111E7,2014-09-15
2030,4.7354516E7,2014-09-16
2031,4.7396216E7,2014-09-17
2032,4.7436972E7,2014-09-18
2033,4.7476996E7,2014-09-19
2034,4.7512264E7,2014-09-22
2035,4.7544216E7,2014-09-23
2036,4.7578524E7,2014-09-24
2037,4.7608192E7,2014-09-25
2038,4.76393E7,2014-09-26
2039,4.767386E7,2014-09-29
2040,4.770698E7,2014-09-30
2041,4.7740156E7,2014-10-01
2042,4.7766272E7,2014-10-02
2043,4.7788656E7,2014-10-03
2044,4.780676E7,2014-10-06
2045,4.7822356E7,2014-10-07
2046,4.7841952E7,2014-10-08
2047,4.7850076E7,2014-10-09
2048,4.7854632E7,2014-10-10
2049,4.7843312E7,2014-10-13
2050,4.7834608E7,2014-10-14
2051,4.7838312E7,2014-10-15
2052,4.78538E7,2014-10-16
2053,4.7869244E7,2014-10-17
2054,4.7884548E7,2014-10-20
2055,4.7903088E7,2014-10-21
2056,4.791532E7,2014-10-22
2057,4.7924336E7,2014-10-23
2058,4.7931588E7,2014-10-24
2059,4.7932012E7,2014-10-27
2060,4.7934124E7,2014-10-28
2061,4.7938196E7,2014-10-29
2062,4.794072E7,2014-10-30
2063,4.7946652E7,2014-10-31
2064,4.7954996E7,2014-11-03
2065,4.795874E7,2014-11-04
2066,4.796492E7,2014-11-05
2067,4.7976724E7,2014-11-06
2068,4.8001764E7,2014-11-07
2069,4.8025212E7,2014-11-10
2070,4.8050816E7,2014-11-11
2071,4.807336E7,2014-11-12
2072,4.8093912E7,2014-11-13
2073,4.8115584E7,2014-11-14
2074,4.8140996E7,2014-11-17
2075,4.817094E7,2014-11-18
2076,4.8198956E7,2014-11-19
2077,4.8225108E7,2014-11-20
2078,4.8250892E7,2014-11-21
2079,4.8275588E7,2014-11-24
2080,4.8299872E7,2014-11-25
2081,4.8324352E7,2014-11-26
2082,4.8336364E7,2014-11-28
2083,4.8339656E7,2014-12-01
2084,4.8344636E7,2014-12-02
2085,4.835336E7,2014-12-03
2086,4.835824E7,2014-12-04
2087,4.8358392E7,2014-12-05
2088,4.8344584E7,2014-12-08
2089,4.8333364E7,2014-12-09
2090,4.8318116E7,2014-12-10
2091,4.8300164E7,2014-12-11
2092,4.8282592E7,2014-12-12
2093,4.8259124E7,2014-12-15
2094,4.823686E7,2014-12-16
2095,4.822762E7,2014-12-17
2096,4.8219768E7,2014-12-18
2097,4.8213228E7,2014-12-19
2098,4.8204472E7,2014-12-22
2099,4.8200624E7,2014-12-23
2100,4.8198356E7,2014-12-24
2101,4.8197236E7,2014-12-26
2102,4.8199716E7,2014-12-29
2103,4.8201816E7,2014-12-30
2104,4.8204764E7,2014-12-31
2105,4.8211236E7,2015-01-02
2106,4.8205488E7,2015-01-05
2107,4.8193148E7,2015-01-06
2108,4.8183808E7,2015-01-07
2109,4.8178136E7,2015-01-08
2110,4.8174376E7,2015-01-09
2111,4.816752E7,2015-01-12
2112,4.815776E7,2015-01-13
2113,4.8150672E7,2015-01-14
2114,4.814158E7,2015-01-15
2115,4.8136392E7,2015-01-16
2116,4.8129684E7,2015-01-20
2117,4.8125508E7,2015-01-21
2118,4.8120584E7,2015-01-22
2119,4.8114736E7,2015-01-23
2120,4.8120996E7,2015-01-26
2121,4.8128252E7,2015-01-27
2122,4.81268E7,2015-01-28
2123,4.8119328E7,2015-01-29
2124,4.8117588E7,2015-01-30
2125,4.8114216E7,2015-02-02
2126,4.811066E7,2015-02-03
2127,4.8100392E7,2015-02-04
2128,4.809068E7,2015-02-05
2129,4.8086348E7,2015-02-06
2130,4.8076992E7,2015-02-09
2131,4.80648E7,2015-02-10
2132,4.8051128E7,2015-02-11
2133,4.80367E7,2015-02-12
2134,4.8025548E7,2015-02-13
2135,4.8014828E7,2015-02-17
2136,4.8003948E7,2015-02-18
2137,4.7994824E7,2015-02-19
2138,4.798936E7,2015-02-20
2139,4.7979904E7,2015-02-23
2140,4.7969072E7,2015-02-24
2141,4.7957956E7,2015-02-25
2142,4.794286E7,2015-02-26
2143,4.7928504E7,2015-02-27
2144,4.7912132E7,2015-03-02
2145,4.7896072E7,2015-03-03
2146,4.7877856E7,2015-03-04
2147,4.7858168E7,2015-03-05
2148,4.783408E7,2015-03-06
2149,4.780734E7,2015-03-09
2150,4.7777708E7,2015-03-10
2151,4.774516E7,2015-03-11
2152,4.7710792E7,2015-03-12
2153,4.7672816E7,2015-03-13
2154,4.7634764E7,2015-03-16
2155,4.76E7,2015-03-17
2156,4.75676E7,2015-03-18
2157,4.7530164E7,2015-03-19
2158,4.7494492E7,2015-03-20
2159,4.7459272E7,2015-03-23
2160,4.7419644E7,2015-03-24
2161,4.7378272E7,2015-03-25
2162,4.733698E7,2015-03-26
2163,4.7296196E7,2015-03-27
2164,4.7260184E7,2015-03-30
2165,4.722456E7,2015-03-31
2166,4.7191256E7,2015-04-01
2167,4.7158832E7,2015-04-02
2168,4.7127472E7,2015-04-06
2169,4.709846E7,2015-04-07
2170,4.7074296E7,2015-04-08
2171,4.7051112E7,2015-04-09
2172,4.7030284E7,2015-04-10
2173,4.7009068E7,2015-04-13
2174,4.6991052E7,2015-04-14
2175,4.6973872E7,2015-04-15
2176,4.6956264E7,2015-04-16
2177,4.6936296E7,2015-04-17
2178,4.6915336E7,2015-04-20
2179,4.6894176E7,2015-04-21
2180,4.6873744E7,2015-04-22
2181,4.6855964E7,2015-04-23
2182,4.6837832E7,2015-04-24
2183,4.682008E7,2015-04-27
2184,4.6801784E7,2015-04-28
2185,4.678194E7,2015-04-29
2186,4.6761204E7,2015-04-30
2187,4.6744048E7,2015-05-01
2188,4.6724472E7,2015-05-04
2189,4.6702464E7,2015-05-05
2190,4.6676236E7,2015-05-06
2191,4.6654308E7,2015-05-07
2192,4.662932E7,2015-05-08
2193,4.6602536E7,2015-05-11
2194,4.6576612E7,2015-05-12
2195,4.6551384E7,2015-05-13
2196,4.6523216E7,2015-05-14
2197,4.6490128E7,2015-05-15
2198,4.6454804E7,2015-05-18
2199,4.6415388E7,2015-05-19
2200,4.6374588E7,2015-05-20
2201,4.6332436E7,2015-05-21
2202,4.6286484E7,2015-05-22
2203,4.6241624E7,2015-05-26
2204,4.6197412E7,2015-05-27
2205,4.6150376E7,2015-05-28
2206,4.6105556E7,2015-05-29
2207,4.6061744E7,2015-06-01
2208,4.6017108E7,2015-06-02
2209,4.5966372E7,2015-06-03
2210,4.591654E7,2015-06-04
2211,4.5872156E7,2015-06-05
2212,4.5824348E7,2015-06-08
2213,4.5776156E7,2015-06-09
2214,4.5728564E7,2015-06-10
2215,4.5681632E7,2015-06-11
2216,4.5638336E7,2015-06-12
2217,4.5598804E7,2015-06-15
2218,4.5558388E7,2015-06-16
2219,4.5518652E7,2015-06-17
2220,4.5479752E7,2015-06-18
2221,4.543754E7,2015-06-19
2222,4.5387368E7,2015-06-22
2223,4.5334924E7,2015-06-23
2224,4.5283576E7,2015-06-24
2225,4.522758E7,2015-06-25
2226,4.5176572E7,2015-06-26
2227,4.512582E7,2015-06-29
2228,4.5078924E7,2015-06-30
2229,4.5027908E7,2015-07-01
2230,4.4983612E7,2015-07-02
2231,4.49373E7,2015-07-06
2232,4.4891036E7,2015-07-07
2233,4.484406E7,2015-07-08
2234,4.480174E7,2015-07-09
2235,4.4761528E7,2015-07-10
2236,4.4721724E7,2015-07-13
2237,4.4683284E7,2015-07-14
2238,4.4645724E7,2015-07-15
2239,4.4606768E7,2015-07-16
2240,4.4562136E7,2015-07-17
2241,4.4514704E7,2015-07-20
2242,4.4464468E7,2015-07-21
2243,4.44126E7,2015-07-22
2244,4.436096E7,2015-07-23
2245,4.4308216E7,2015-07-24
2246,4.4253748E7,2015-07-27
2247,4.4206548E7,2015-07-28
2248,4.4159996E7,2015-07-29
2249,4.4110488E7,2015-07-30
2250,4.4061864E7,2015-07-31
2251,4.4013032E7,2015-08-03
2252,4.3964632E7,2015-08-04
2253,4.3909236E7,2015-08-05
2254,4.3852708E7,2015-08-06
2255,4.3798572E7,2015-08-07
2256,4.3749804E7,2015-08-10
2257,4.3699448E7,2015-08-11
2258,4.3650244E7,2015-08-12
2259,4.3601092E7,2015-08-13
2260,4.355462E7,2015-08-14
2261,4.3513708E7,2015-08-17
2262,4.3470024E7,2015-08-18
2263,4.3423764E7,2015-08-19
2264,4.3370508E7,2015-08-20
2265,4.331282E7,2015-08-21
2266,4.325034E7,2015-08-24
2267,4.3185552E7,2015-08-25
2268,4.3121008E7,2015-08-26
2269,4.3063552E7,2015-08-27
2270,4.30107E7,2015-08-28
2271,4.295398E7,2015-08-31
2272,4.2890072E7,2015-09-01
2273,4.2826276E7,2015-09-02
2274,4.2763664E7,2015-09-03
2275,4.2699044E7,2015-09-04
2276,4.2634332E7,2015-09-08
2277,4.25695E7,2015-09-09
2278,4.2505184E7,2015-09-10
2279,4.2433088E7,2015-09-11
2280,4.2356844E7,2015-09-14
2281,4.2278588E7,2015-09-15
2282,4.22016E7,2015-09-16
2283,4.2122752E7,2015-09-17
2284,4.204248E7,2015-09-18
2285,4.1960308E7,2015-09-21
2286,4.1870948E7,2015-09-22
2287,4.1776264E7,2015-09-23
2288,4.167686E7,2015-09-24
2289,4.1571748E7,2015-09-25
2290,4.1446004E7,2015-09-28
2291,4.1307612E7,2015-09-29
2292,4.118346E7,2015-09-30
2293,4.1065712E7,2015-10-01
2294,4.0951792E7,2015-10-02
2295,4.0839064E7,2015-10-05
2296,4.0726836E7,2015-10-06
2297,4.0619056E7,2015-10-07
2298,4.0509764E7,2015-10-08
2299,4.0400372E7,2015-10-09
2300,4.0283288E7,2015-10-12
2301,4.0159392E7,2015-10-13
2302,4.0031668E7,2015-10-14
2303,3.9905056E7,2015-10-15
2304,3.9777892E7,2015-10-16
2305,3.9646916E7,2015-10-19
2306,3.9512848E7,2015-10-20
2307,3.9372264E7,2015-10-21
2308,3.922836E7,2015-10-22
2309,3.9080492E7,2015-10-23
2310,3.8924292E7,2015-10-26
2311,3.8768224E7,2015-10-27
2312,3.8615796E7,2015-10-28
2313,3.8462708E7,2015-10-29
2314,3.8313956E7,2015-10-30
2315,3.8165892E7,2015-11-02
2316,3.8020712E7,2015-11-03
2317,3.7870032E7,2015-11-04
2318,3.7715504E7,2015-11-05
2319,3.7561644E7,2015-11-06
2320,3.7402148E7,2015-11-09
2321,3.7240868E7,2015-11-10
2322,3.7076144E7,2015-11-11
2323,3.690454E7,2015-11-12
2324,3.6732092E7,2015-11-13
2325,3.6569516E7,2015-11-16
2326,3.6406192E7,2015-11-17
2327,3.6242248E7,2015-11-18
2328,3.6076004E7,2015-11-19
2329,3.5904664E7,2015-11-20
2330,3.5732348E7,2015-11-23
2331,3.5562572E7,2015-11-24
2332,3.5389328E7,2015-11-25
2333,3.52132E7,2015-11-27
2334,3.5037792E7,2015-11-30
2335,3.4862872E7,2015-12-01
2336,3.4680124E7,2015-12-02
2337,3.4486796E7,2015-12-03
2338,3.4278804E7,2015-12-04
2339,3.404758E7,2015-12-07
2340,3.3817396E7,2015-12-08
2341,3.360232E7,2015-12-09
2342,3.339016E7,2015-12-10
2343,3.3158878E7,2015-12-11
2344,3.2922978E7,2015-12-14
2345,3.2688364E7,2015-12-15
2346,3.2452172E7,2015-12-16
2347,3.2200118E7,2015-12-17
2348,3.1940382E7,2015-12-18
2349,3.1687212E7,2015-12-21
2350,3.143565E7,2015-12-22
2351,3.1205286E7,2015-12-23
2352,3.0970944E7,2015-12-24
2353,3.0737158E7,2015-12-28
2354,3.0503058E7,2015-12-29
2355,3.0266654E7,2015-12-30
2356,3.0035324E7,2015-12-31
2357,2.9808206E7,2016-01-04
2358,2.9579784E7,2016-01-05
2359,2.9331258E7,2016-01-06
2360,2.9067468E7,2016-01-07
2361,2.8806694E7,2016-01-08
2362,2.8539266E7,2016-01-11
2363,2.8254894E7,2016-01-12
2364,2.795851E7,2016-01-13
2365,2.7687524E7,2016-01-14
2366,2.7401862E7,2016-01-15
2367,2.7099218E7,2016-01-19
2368,2.6788114E7,2016-01-20
2369,2.6480512E7,2016-01-21
2370,2.6207596E7,2016-01-22
2371,2.592904E7,2016-01-25
2372,2.5660828E7,2016-01-26
2373,2.5381754E7,2016-01-27
2374,2.5103168E7,2016-01-28
2375,2.482556E7,2016-01-29
2376,2.4548904E7,2016-02-01
2377,2.4266512E7,2016-02-02
2378,2.398242E7,2016-02-03
2379,2.370361E7,2016-02-04
2380,2.3414252E7,2016-02-05
2381,2.3069286E7,2016-02-08
2382,2.2738492E7,2016-02-09
2383,2.242405E7,2016-02-10
2384,2.2116284E7,2016-02-11
2385,2.1811292E7,2016-02-12
2386,2.151564E7,2016-02-16
2387,2.1228734E7,2016-02-17
2388,2.094889E7,2016-02-18
2389,2.0670238E7,2016-02-19
2390,2.0397746E7,2016-02-22
2391,2.0116626E7,2016-02-23
2392,1.9844214E7,2016-02-24
2393,1.956618E7,2016-02-25
2394,1.9288904E7,2016-02-26
2395,1.9015832E7,2016-02-29
2396,1.8744196E7,2016-03-01
2397,1.8476738E7,2016-03-02
2398,1.8218826E7,2016-03-03
2399,1.796673E7,2016-03-04
2400,1.771528E7,2016-03-07
2401,1.7453916E7,2016-03-08
2402,1.7196316E7,2016-03-09
2403,1.6936122E7,2016-03-10
2404,1.6673839E7,2016-03-11
2405,1.6418763E7,2016-03-14
2406,1.6165348E7,2016-03-15
2407,1.5921346E7,2016-03-16
2408,1.5682968E7,2016-03-17
2409,1.5448864E7,2016-03-18
2410,1.5213765E7,2016-03-21
2411,1.498312E7,2016-03-22
2412,1.4749775E7,2016-03-23
2413,1.4517575E7,2016-03-24
2414,1.4285119E7,2016-03-28
2415,1.4057779E7,2016-03-29
2416,1.3833513E7,2016-03-30
2417,1.3614822E7,2016-03-31
2418,1.3395423E7,2016-04-01
2419,1.3175373E7,2016-04-04
2420,1.2957391E7,2016-04-05
2421,1.2747641E7,2016-04-06
2422,1.2541265E7,2016-04-07
2423,1.2347729E7,2016-04-08
2424,1.2161756E7,2016-04-11
2425,1.1992657E7,2016-04-12
2426,1.1951694E7,2016-04-13
2427,1.1909469E7,2016-04-14
2428,1.1864992E7,2016-04-15
2429,1.1826619E7,2016-04-18
2430,1.1791072E7,2016-04-19
2431,1.1756015E7,2016-04-20
2432,1.1722994E7,2016-04-21
2433,1.1692446E7,2016-04-22
2434,1.166172E7,2016-04-25
2435,1.1633567E7,2016-04-26
2436,1.1611279E7,2016-04-27
2437,1.1588198E7,2016-04-28
2438,1.156612E7,2016-04-29
2439,1.1542499E7,2016-05-02
2440,1.1519058E7,2016-05-03
2441,1.14966E7,2016-05-04
2442,1.1475033E7,2016-05-05
2443,1.1457131E7,2016-05-06
2444,1.1433806E7,2016-05-09
2445,1.1414131E7,2016-05-10
2446,1.1394418E7,2016-05-11
2447,1.1374143E7,2016-05-12
2448,1.1350277E7,2016-05-13
2449,1.132772E7,2016-05-16
2450,1.1303652E7,2016-05-17
2451,1.1279567E7,2016-05-18
2452,1.1255259E7,2016-05-19
2453,1.1231524E7,2016-05-20
2454,1.1209324E7,2016-05-23
2455,1.1186531E7,2016-05-24
2456,1.1157849E7,2016-05-25
2457,1.1127863E7,2016-05-26
2458,1.1101828E7,2016-05-27
2459,1.1082197E7,2016-05-31
2460,1.1066693E7,2016-06-01
2461,1.1052251E7,2016-06-02
2462,1.1037928E7,2016-06-03
2463,1.102694E7,2016-06-06
2464,1.1016383E7,2016-06-07
2465,1.1005439E7,2016-06-08
2466,1.0992459E7,2016-06-09
2467,1.0977701E7,2016-06-10
2468,1.0965744E7,2016-06-13
2469,1.0952698E7,2016-06-14
2470,1.093815E7,2016-06-15
2471,1.0925134E7,2016-06-16
2472,1.0911828E7,2016-06-17
2473,1.0904463E7,2016-06-20
2474,1.0900059E7,2016-06-21
2475,1.0897159E7,2016-06-22
2476,1.0897595E7,2016-06-23
2477,1.089638E7,2016-06-24
2478,1.0894041E7,2016-06-27
2479,1.0888307E7,2016-06-28
2480,1.0884805E7,2016-06-29
2481,1.088165E7,2016-06-30
2482,1.0878232E7,2016-07-01
2483,1.0877276E7,2016-07-05
2484,1.0878754E7,2016-07-06
2485,1.0881767E7,2016-07-07
2486,1.0885537E7,2016-07-08
2487,1.0889981E7,2016-07-11
2488,1.089618E7,2016-07-12
2489,1.0902498E7,2016-07-13
2490,1.0910239E7,2016-07-14
2491,1.0917969E7,2016-07-15
2492,1.0926107E7,2016-07-18
2493,1.0933445E7,2016-07-19
2494,1.0942308E7,2016-07-20
2495,1.095008E7,2016-07-21
2496,1.0957115E7,2016-07-22
2497,1.0960362E7,2016-07-25
2498,1.0963282E7,2016-07-26
2499,1.0967085E7,2016-07-27
2500,1.097108E7,2016-07-28
2501,1.0973021E7,2016-07-29
2502,1.0973651E7,2016-08-01
2503,1.0976249E7,2016-08-02
2504,1.0981816E7,2016-08-03
2505,1.0985596E7,2016-08-04
2506,1.0996292E7,2016-08-05
2507,1.0999464E7,2016-08-08
2508,1.1000197E7,2016-08-09
2509,1.0994733E7,2016-08-10
2510,1.0997738E7,2016-08-11
2511,1.100308E7,2016-08-12
2512,1.1012196E7,2016-08-15
2513,1.1017967E7,2016-08-16
2514,1.1027946E7,2016-08-17
2515,1.1039005E7,2016-08-18
2516,1.1051926E7,2016-08-19
2517,1.1061938E7,2016-08-22
2518,1.1068462E7,2016-08-23
2519,1.1070789E7,2016-08-24
2520,1.1074114E7,2016-08-25
2521,1.1077644E7,2016-08-26
2522,1.1080991E7,2016-08-29
2523,1.1086027E7,2016-08-30
2524,1.1093477E7,2016-08-31
2525,1.1101185E7,2016-09-01
2526,1.1107621E7,2016-09-02
2527,1.1114535E7,2016-09-06
2528,1.1120695E7,2016-09-07
2529,1.1126012E7,2016-09-08
2530,1.1132302E7,2016-09-09
2531,1.1139781E7,2016-09-12
2532,1.114381E7,2016-09-13
2533,1.1147059E7,2016-09-14
2534,1.1150091E7,2016-09-15
2535,1.1152549E7,2016-09-16
2536,1.1157803E7,2016-09-19
2537,1.1161317E7,2016-09-20
2538,1.1168998E7,2016-09-21
2539,1.1177323E7,2016-09-22
2540,1.1182858E7,2016-09-23
2541,1.1185383E7,2016-09-26
2542,1.1186852E7,2016-09-27
2543,1.1190382E7,2016-09-28
2544,1.1193665E7,2016-09-29
2545,1.1195549E7,2016-09-30
2546,1.1195815E7,2016-10-03
2547,1.1193267E7,2016-10-04
2548,1.1185587E7,2016-10-05
2549,1.1174137E7,2016-10-06
2550,1.1164267E7,2016-10-07
2551,1.1160281E7,2016-10-10
2552,1.1153589E7,2016-10-11
2553,1.1148052E7,2016-10-12
2554,1.1154884E7,2016-10-13
2555,1.1240617E7,2016-10-14
2556,1.1323337E7,2016-10-17
2557,1.1406536E7,2016-10-18
2558,1.1489949E7,2016-10-19
2559,1.1572268E7,2016-10-20
2560,1.165325E7,2016-10-21
2561,1.1732626E7,2016-10-24
2562,1.1811787E7,2016-10-25
2563,1.189242E7,2016-10-26
2564,1.1971817E7,2016-10-27
2565,1.2052863E7,2016-10-28
2566,1.2132839E7,2016-10-31
2567,1.2212062E7,2016-11-01
2568,1.2289497E7,2016-11-02
2569,1.2363269E7,2016-11-03
2570,1.2441128E7,2016-11-04
2571,1.2520133E7,2016-11-07
2572,1.2600003E7,2016-11-08
2573,1.2678462E7,2016-11-09
2574,1.2757645E7,2016-11-10
2575,1.283159E7,2016-11-11
2576,1.2907461E7,2016-11-14
2577,1.2982799E7,2016-11-15
2578,1.3057958E7,2016-11-16
2579,1.3133153E7,2016-11-17
2580,1.3205687E7,2016-11-18
2581,1.3277164E7,2016-11-21
2582,1.3347832E7,2016-11-22
2583,1.341479E7,2016-11-23
2584,1.3478254E7,2016-11-25
2585,1.3539042E7,2016-11-28
2586,1.3598202E7,2016-11-29
2587,1.3655038E7,2016-11-30
2588,1.3709856E7,2016-12-01
2589,1.37644E7,2016-12-02
2590,1.3820695E7,2016-12-05
2591,1.3875117E7,2016-12-06
2592,1.3930586E7,2016-12-07
2593,1.3985082E7,2016-12-08
2594,1.4038553E7,2016-12-09
2595,1.4090036E7,2016-12-12
2596,1.4141863E7,2016-12-13
2597,1.4190886E7,2016-12-14
2598,1.4237329E7,2016-12-15
2599,1.4280238E7,2016-12-16
2600,1.4324415E7,2016-12-19
2601,1.4367622E7,2016-12-20
2602,1.4410988E7,2016-12-21
2603,1.4453428E7,2016-12-22
2604,1.449472E7,2016-12-23
2605,1.4534015E7,2016-12-27
2606,1.4573869E7,2016-12-28
2607,1.4616293E7,2016-12-29
2608,1.4656434E7,2016-12-30
2609,1.4696768E7,2017-01-03
2610,1.473525E7,2017-01-04
2611,1.4772876E7,2017-01-05
2612,1.4810335E7,2017-01-06
2613,1.4848053E7,2017-01-09
2614,1.4885122E7,2017-01-10
2615,1.4920333E7,2017-01-11
2616,1.495439E7,2017-01-12
2617,1.4986253E7,2017-01-13
2618,1.5019002E7,2017-01-17
2619,1.5052984E7,2017-01-18
2620,1.5087173E7,2017-01-19
2621,1.5121971E7,2017-01-20
2622,1.5155219E7,2017-01-23
2623,1.5187135E7,2017-01-24
2624,1.5218957E7,2017-01-25
2625,1.5249629E7,2017-01-26
2626,1.5281785E7,2017-01-27
2627,1.5312388E7,2017-01-30
2628,1.53415E7,2017-01-31
2629,1.5368524E7,2017-02-01
2630,1.539402E7,2017-02-02
2631,1.5417137E7,2017-02-03
2632,1.5439676E7,2017-02-06
2633,1.5464724E7,2017-02-07
2634,1.5487555E7,2017-02-08
2635,1.5508337E7,2017-02-09
2636,1.5528024E7,2017-02-10
2637,1.5547651E7,2017-02-13
2638,1.55627E7,2017-02-14
2639,1.5577928E7,2017-02-15
2640,1.5591221E7,2017-02-16
2641,1.5602079E7,2017-02-17
2642,1.5614404E7,2017-02-21
2643,1.5627191E7,2017-02-22
2644,1.5637539E7,2017-02-23
2645,1.5645812E7,2017-02-24
2646,1.5653049E7,2017-02-27
2647,1.5660776E7,2017-02-28
2648,1.5666941E7,2017-03-01
2649,1.5671E7,2017-03-02
2650,1.5672766E7,2017-03-03
2651,1.5672105E7,2017-03-06
2652,1.5669442E7,2017-03-07
2653,1.5665427E7,2017-03-08
2654,1.5658683E7,2017-03-09
2655,1.5652412E7,2017-03-10
2656,1.5645297E7,2017-03-13
2657,1.5637756E7,2017-03-14
2658,1.5626397E7,2017-03-15
2659,1.5614378E7,2017-03-16
2660,1.5601778E7,2017-03-17
2661,1.5592193E7,2017-03-20
2662,1.5583258E7,2017-03-21
2663,1.5575442E7,2017-03-22
2664,1.5565896E7,2017-03-23
2665,1.5554429E7,2017-03-24
2666,1.5542739E7,2017-03-27
2667,1.5529112E7,2017-03-28
2668,1.5511256E7,2017-03-29
2669,1.5491706E7,2017-03-30
2670,1.5469058E7,2017-03-31
2671,1.5446532E7,2017-04-03
2672,1.5422909E7,2017-04-04
2673,1.5400672E7,2017-04-05
2674,1.5377441E7,2017-04-06
2675,1.5350965E7,2017-04-07
2676,1.53235E7,2017-04-10
2677,1.5292698E7,2017-04-11
2678,1.5257253E7,2017-04-12
2679,1.5219828E7,2017-04-13
2680,1.5180005E7,2017-04-17
2681,1.5136567E7,2017-04-18
2682,1.5088643E7,2017-04-19
2683,1.503809E7,2017-04-20
2684,1.4985696E7,2017-04-21
2685,1.493148E7,2017-04-24
2686,1.4873916E7,2017-04-25
2687,1.4811793E7,2017-04-26
2688,1.4748063E7,2017-04-27
2689,1.4681199E7,2017-04-28
2690,1.4611654E7,2017-05-01
2691,1.454006E7,2017-05-02
2692,1.4470734E7,2017-05-03
2693,1.4403616E7,2017-05-04
2694,1.4336399E7,2017-05-05
2695,1.4265321E7,2017-05-08
2696,1.4193673E7,2017-05-09
2697,1.4117493E7,2017-05-10
2698,1.4039913E7,2017-05-11
2699,1.396106E7,2017-05-12
2700,1.3882086E7,2017-05-15
2701,1.3802456E7,2017-05-16
2702,1.3721179E7,2017-05-17
2703,1.3638327E7,2017-05-18
2704,1.3552882E7,2017-05-19
2705,1.3465804E7,2017-05-22
2706,1.3372803E7,2017-05-23
2707,1.3279871E7,2017-05-24
2708,1.3187767E7,2017-05-25
2709,1.3094828E7,2017-05-26
2710,1.3002538E7,2017-05-30
2711,1.2908723E7,2017-05-31
2712,1.2812819E7,2017-06-01
2713,1.2713918E7,2017-06-02
2714,1.2611775E7,2017-06-05
2715,1.2504823E7,2017-06-06
2716,1.2394346E7,2017-06-07
2717,1.22863E7,2017-06-08
2718,1.2178634E7,2017-06-09
2719,1.206852E7,2017-06-12
2720,1.1958165E7,2017-06-13
2721,1.1847746E7,2017-06-14
2722,1.1736992E7,2017-06-15
2723,1.1624998E7,2017-06-16
2724,1.1512975E7,2017-06-19
2725,1.1402755E7,2017-06-20
2726,1.1292587E7,2017-06-21
2727,1.1182281E7,2017-06-22
2728,1.1069988E7,2017-06-23
2729,1.095464E7,2017-06-26
2730,1.0837768E7,2017-06-27
2731,1.071779E7,2017-06-28
2732,1.0596194E7,2017-06-29
2733,1.0475841E7,2017-06-30
2734,1.0354457E7,2017-07-03
2735,1.0235722E7,2017-07-05
2736,1.0116196E7,2017-07-06
2737,9996313.0,2017-07-07
2738,9875481.0,2017-07-10
2739,9754213.0,2017-07-11
2740,9631809.0,2017-07-12
2741,9509335.0,2017-07-13
2742,9385660.0,2017-07-14
2743,9261902.0,2017-07-17
2744,9138462.0,2017-07-18
2745,9016354.0,2017-07-19
2746,8894337.0,2017-07-20
2747,8773199.0,2017-07-21
2748,8652460.0,2017-07-24
2749,8533601.0,2017-07-25
2750,8414168.0,2017-07-26
2751,8293493.0,2017-07-27
2752,8171288.5,2017-07-28
2753,8050127.5,2017-07-31
2754,7928964.5,2017-08-01
2755,7808882.0,2017-08-02
2756,7689781.5,2017-08-03
2757,7570726.5,2017-08-04
2758,7454052.0,2017-08-07
2759,7339734.5,2017-08-08
2760,7224576.5,2017-08-09
2761,7110806.0,2017-08-10
2762,6997290.5,2017-08-11
2763,6884758.5,2017-08-14
2764,6771234.5,2017-08-15
2765,6657831.0,2017-08-16
2766,6544980.0,2017-08-17
2767,6433094.5,2017-08-18
2768,6323566.0,2017-08-21
2769,6215313.0,2017-08-22
2770,6107311.0,2017-08-23
2771,5999558.5,2017-08-24
2772,5891768.5,2017-08-25
2773,5783698.5,2017-08-28
2774,5675992.0,2017-08-29
2775,5569579.0,2017-08-30
2776,5463260.5,2017-08-31
2777,5357747.0,2017-09-01
2778,5252701.0,2017-09-05
2779,5148386.0,2017-09-06
2780,5045501.5,2017-09-07
2781,4943292.5,2017-09-08
2782,4842551.5,2017-09-11
2783,4742923.5,2017-09-12
2784,4644313.0,2017-09-13
2785,4546464.5,2017-09-14
2786,4449659.0,2017-09-15
2787,4353818.5,2017-09-18
2788,4258981.0,2017-09-19
2789,4164976.5,2017-09-20
2790,4072788.0,2017-09-21
2791,3981934.5,2017-09-22
2792,3891599.0,2017-09-25
2793,3802125.0,2017-09-26
2794,3713394.75,2017-09-27
2795,3625846.0,2017-09-28
2796,3539414.75,2017-09-29
2797,3454637.75,2017-10-02
2798,3370714.0,2017-10-03
2799,3288461.25,2017-10-04
2800,3206766.0,2017-10-05
2801,3125808.5,2017-10-06
2802,3045823.75,2017-10-09
2803,2968127.5,2017-10-10
2804,2891375.75,2017-10-11
2805,2816051.25,2017-10-12
2806,2742002.5,2017-10-13
2807,2668935.0,2017-10-16
2808,2597001.75,2017-10-17
2809,2526017.75,2017-10-18
2810,2456217.25,2017-10-19
2811,2387753.75,2017-10-20
2812,2320055.25,2017-10-23
2813,2253479.5,2017-10-24
2814,2187872.5,2017-10-25
2815,2122899.5,2017-10-26
2816,2058887.25,2017-10-27
2817,1995358.75,2017-10-30
2818,1932150.625,2017-10-31
2819,1869816.375,2017-11-01
2820,1808929.5,2017-11-02
2821,1751014.75,2017-11-03
2822,1693949.625,2017-11-06
2823,1638361.375,2017-11-07
2824,1583894.25,2017-11-08
2825,1530704.875,2017-11-09
2826,1478484.375,2017-11-10
2827,1427456.125,2017-11-13
2828,1394523.375,2017-11-14
2829,1360809.125,2017-11-15
2830,1327089.375,2017-11-16
2831,1294558.125,2017-11-17
2832,1262848.625,2017-11-20
2833,1231156.0,2017-11-21
2834,1200392.25,2017-11-22
2835,1170343.0,2017-11-24
2836,1140380.0,2017-11-27
2837,1110594.625,2017-11-28
2838,1081672.375,2017-11-29
2839,1053353.0,2017-11-30
2840,1025646.0625,2017-12-01
2841,998366.6875,2017-12-04
2842,970959.125,2017-12-05
2843,944391.125,2017-12-06
2844,918709.0,2017-12-07
2845,894063.0,2017-12-08
2846,870143.1875,2017-12-11
2847,847019.4375,2017-12-12
2848,824269.0625,2017-12-13
2849,801613.1875,2017-12-14
2850,779286.75,2017-12-15
2851,757939.9375,2017-12-18
2852,736935.875,2017-12-19
2853,716488.5,2017-12-20
2854,696428.75,2017-12-21
2855,676627.0,2017-12-22
2856,656868.1875,2017-12-26
2857,637106.0625,2017-12-27
2858,617795.3125,2017-12-28
2859,598872.5,2017-12-29
2860,581327.375,2018-01-02
2861,565455.25,2018-01-03
2862,549854.0,2018-01-04
2863,534604.8125,2018-01-05
2864,520123.4375,2018-01-08
2865,506129.03125,2018-01-09
2866,492730.46875,2018-01-10
2867,480515.6875,2018-01-11
2868,468766.5,2018-01-12
2869,457686.53125,2018-01-16
2870,455532.3125,2018-01-17
2871,470076.46875,2018-01-18
2872,484833.03125,2018-01-19
2873,500272.625,2018-01-22
2874,516439.1875,2018-01-23
2875,532475.5,2018-01-24
2876,548670.875,2018-01-25
2877,565181.5625,2018-01-26
2878,581510.0625,2018-01-29
2879,597724.3125,2018-01-30
2880,614167.0,2018-01-31
2881,630844.875,2018-02-01
2882,647001.375,2018-02-02
2883,662610.125,2018-02-05
2884,679332.4375,2018-02-06
2885,696144.8125,2018-02-07
2886,712181.75,2018-02-08
2887,728247.3125,2018-02-09
2888,745137.3125,2018-02-12
2889,762531.5625,2018-02-13
2890,780346.375,2018-02-14
2891,798033.125,2018-02-15
2892,815452.75,2018-02-16
2893,833050.9375,2018-02-20
2894,850416.875,2018-02-21
2895,868516.6875,2018-02-22
2896,887144.0625,2018-02-23
2897,905487.5625,2018-02-26
2898,923386.5,2018-02-27
2899,945298.1875,2018-02-28
2900,968810.0625,2018-03-01
2901,992876.6875,2018-03-02
2902,1017722.5,2018-03-05
2903,1042750.4375,2018-03-06
2904,1070441.625,2018-03-07
2905,1114438.75,2018-03-08
2906,1159080.875,2018-03-09
2907,1204546.75,2018-03-12
2908,1250610.75,2018-03-13
2909,1297354.125,2018-03-14
2910,1343996.25,2018-03-15
2911,1391448.25,2018-03-16
2912,1439130.25,2018-03-19
2913,1487306.625,2018-03-20
2914,1536065.0,2018-03-21
2915,1584694.375,2018-03-22
2916,1633364.875,2018-03-23
2917,1682768.625,2018-03-26
2918,1732196.5,2018-03-27
2919,1782191.375,2018-03-28
2920,1832192.75,2018-03-29
2921,1882587.125,2018-04-02
2922,1933840.375,2018-04-03
2923,1985698.125,2018-04-04
2924,2038040.125,2018-04-05
2925,2090625.0,2018-04-06
2926,2143390.75,2018-04-09
2927,2197540.0,2018-04-10
2928,2251767.25,2018-04-11
2929,2305860.5,2018-04-12
2930,2360521.5,2018-04-13
2931,2417053.5,2018-04-16
2932,2474661.5,2018-04-17
2933,2533403.0,2018-04-18
2934,2593405.75,2018-04-19
2935,2653414.0,2018-04-20
2936,2714495.5,2018-04-23
2937,2775790.0,2018-04-24
2938,2838239.25,2018-04-25
2939,2902080.25,2018-04-26
2940,2966724.75,2018-04-27
2941,3032525.0,2018-04-30
2942,3099709.75,2018-05-01
2943,3168166.25,2018-05-02
2944,3237336.25,2018-05-03
2945,3307584.25,2018-05-04
2946,3379129.5,2018-05-07
2947,3451791.75,2018-05-08
2948,3525148.25,2018-05-09
2949,3597885.0,2018-05-10
2950,3671553.5,2018-05-11
2951,3746452.25,2018-05-14
2952,3821812.0,2018-05-15
2953,3897661.75,2018-05-16
2954,3974547.75,2018-05-17
2955,4051378.5,2018-05-18
2956,4128215.5,2018-05-21
2957,4204388.0,2018-05-22
2958,4280562.5,2018-05-23
2959,4355588.0,2018-05-24
2960,4430257.5,2018-05-25
2961,4504274.5,2018-05-29
2962,4579305.0,2018-05-30
2963,4654052.0,2018-05-31
2964,4729162.0,2018-06-01
2965,4803261.5,2018-06-04
2966,4876473.0,2018-06-05
2967,4948867.5,2018-06-06
2968,5020827.5,2018-06-07
2969,5091327.0,2018-06-08
2970,5161866.5,2018-06-11
2971,5230954.0,2018-06-12
2972,5298216.5,2018-06-13
2973,5364630.5,2018-06-14
2974,5430201.0,2018-06-15
2975,5495219.0,2018-06-18
2976,5559476.5,2018-06-19
2977,5623773.5,2018-06-20
2978,5688494.5,2018-06-21
2979,5752416.5,2018-06-22
2980,5814896.5,2018-06-25
2981,5875533.0,2018-06-26
2982,5934264.0,2018-06-27
2983,5991795.0,2018-06-28
2984,6048087.5,2018-06-29
2985,6102606.0,2018-07-02
2986,6157065.0,2018-07-03
2987,6211309.0,2018-07-05
2988,6264490.5,2018-07-06
2989,6316289.5,2018-07-09
2990,6365292.0,2018-07-10
2991,6411591.0,2018-07-11
2992,6455807.0,2018-07-12
2993,6498673.5,2018-07-13
2994,6541065.5,2018-07-16
2995,6583721.0,2018-07-17
2996,6625356.0,2018-07-18
2997,6668276.5,2018-07-19
2998,6710876.0,2018-07-20
2999,6753318.0,2018-07-23
3000,6794786.0,2018-07-24
3001,6836536.5,2018-07-25
3002,6878994.5,2018-07-26
3003,6919947.0,2018-07-27
3004,6961041.5,2018-07-30
3005,7001240.0,2018-07-31
3006,7039840.5,2018-08-01
3007,7078051.0,2018-08-02
3008,7116394.5,2018-08-03
3009,7153891.0,2018-08-06
3010,7189397.0,2018-08-07
3011,7222981.0,2018-08-08
3012,7255091.0,2018-08-09
3013,7285798.5,2018-08-10
3014,7314190.5,2018-08-13
3015,7341993.5,2018-08-14
3016,7367893.0,2018-08-15
3017,7393017.0,2018-08-16
3018,7418200.5,2018-08-17
3019,7444027.0,2018-08-20
3020,7468359.5,2018-08-21
3021,7492463.5,2018-08-22
3022,7516052.5,2018-08-23
3023,7538799.0,2018-08-24
3024,7560457.0,2018-08-27
3025,7579446.0,2018-08-28
3026,7597382.5,2018-08-29
3027,7613211.0,2018-08-30
3028,7627662.0,2018-08-31
3029,7641292.0,2018-09-04
3030,7654550.5,2018-09-05
3031,7666369.5,2018-09-06
3032,7676284.0,2018-09-07
3033,7685030.5,2018-09-10
3034,7692897.0,2018-09-11
3035,7700560.0,2018-09-12
3036,7706848.0,2018-09-13
3037,7712300.0,2018-09-14
3038,7716734.5,2018-09-17
3039,7720099.0,2018-09-18
3040,7722357.5,2018-09-19
3041,7722815.5,2018-09-20
3042,7723568.5,2018-09-21
3043,7724307.0,2018-09-24
3044,7723066.0,2018-09-25
3045,7719504.0,2018-09-26
3046,7714389.0,2018-09-27
3047,7707701.5,2018-09-28
3048,7700573.5,2018-10-01
3049,7691071.5,2018-10-02
3050,7680173.0,2018-10-03
3051,7666798.0,2018-10-04
3052,7651601.5,2018-10-05
3053,7634672.5,2018-10-08
3054,7617224.5,2018-10-09
3055,7597805.5,2018-10-10
3056,7575227.0,2018-10-11
3057,7551616.5,2018-10-12
3058,7526609.0,2018-10-15
3059,7501250.5,2018-10-16
3060,7474393.0,2018-10-17
3061,7445375.5,2018-10-18
3062,7415666.0,2018-10-19
3063,7382408.0,2018-10-22
3064,7345784.0,2018-10-23
3065,7305781.0,2018-10-24
3066,7264794.5,2018-10-25
3067,7222281.0,2018-10-26
3068,7177064.0,2018-10-29
3069,7130558.5,2018-10-30
3070,7084826.0,2018-10-31
3071,7037024.5,2018-11-01
3072,6987036.0,2018-11-02
3073,6936354.5,2018-11-05
3074,6884152.0,2018-11-06
3075,6831819.0,2018-11-07
3076,6778353.0,2018-11-08
3077,6723099.5,2018-11-09
3078,6665245.0,2018-11-12
3079,6604978.0,2018-11-13
3080,6543490.0,2018-11-14
3081,6481511.0,2018-11-15
3082,6418184.5,2018-11-16
3083,6353749.0,2018-11-19
3084,6287494.0,2018-11-20
3085,6218680.0,2018-11-21
3086,6145383.0,2018-11-23
3087,6071669.5,2018-11-26
3088,5997117.5,2018-11-27
3089,5922276.0,2018-11-28
3090,5847288.5,2018-11-29
3091,5771243.0,2018-11-30
3092,5696576.5,2018-12-03
3093,5619443.0,2018-12-04
3094,5542053.5,2018-12-06
3095,5463745.5,2018-12-07
3096,5384022.0,2018-12-10
3097,5304768.5,2018-12-11
3098,5224864.5,2018-12-12
3099,5146129.0,2018-12-13
3100,5065830.5,2018-12-14
3101,4982773.5,2018-12-17
3102,4898131.0,2018-12-18
3103,4813268.5,2018-12-19
3104,4727621.0,2018-12-20
3105,4639837.5,2018-12-21
3106,4549437.0,2018-12-24
3107,4461064.0,2018-12-26
3108,4372295.5,2018-12-27
3109,4283087.5,2018-12-28
3110,4195004.0,2018-12-31
3111,4106564.75,2019-01-02
3112,4018686.5,2019-01-03
3113,3932828.75,2019-01-04
3114,3847782.5,2019-01-07
3115,3763894.5,2019-01-08
3116,3680968.0,2019-01-09
3117,3598273.0,2019-01-10
3118,3513818.25,2019-01-11
3119,3428448.0,2019-01-14
3120,3343203.0,2019-01-15
3121,3257147.25,2019-01-16
3122,3170869.0,2019-01-17
3123,3084172.5,2019-01-18
3124,2996855.0,2019-01-22
3125,2909694.25,2019-01-23
3126,2822867.25,2019-01-24
3127,2736691.5,2019-01-25
3128,2651315.0,2019-01-28
3129,2567972.0,2019-01-29
3130,2485650.75,2019-01-30
3131,2404652.75,2019-01-31
3132,2325212.5,2019-02-01
3133,2246781.0,2019-02-04
3134,2170133.0,2019-02-05
3135,2095538.25,2019-02-06
3136,2022174.375,2019-02-07
3137,1949927.5,2019-02-08
3138,1878352.875,2019-02-11
3139,1808471.625,2019-02-12
3140,1740293.375,2019-02-13
3141,1673007.25,2019-02-14
3142,1606056.375,2019-02-15
3143,1541850.375,2019-02-19
3144,1478991.625,2019-02-20
3145,1418104.375,2019-02-21
3146,1359348.875,2019-02-22
3147,1301866.625,2019-02-25
3148,1245419.125,2019-02-26
3149,1191119.625,2019-02-27
3150,1137947.625,2019-02-28
3151,1086505.625,2019-03-01
3152,1036733.5,2019-03-04
3153,987692.5,2019-03-05
3154,940087.8125,2019-03-06
3155,893975.6875,2019-03-07
3156,849161.8125,2019-03-08
3157,806529.125,2019-03-11
3158,765944.4375,2019-03-12
3159,726729.875,2019-03-13
3160,689028.625,2019-03-14
3161,672999.0625,2019-03-15
3162,660181.625,2019-03-18
3163,647898.0,2019-03-19
3164,636057.375,2019-03-20
3165,624899.6875,2019-03-21
3166,614069.6875,2019-03-22
3167,603962.125,2019-03-25
3168,594891.9375,2019-03-26
3169,585843.4375,2019-03-27
3170,577095.125,2019-03-28
3171,569332.125,2019-03-29
3172,561479.1875,2019-04-01
3173,554173.4375,2019-04-02
3174,546930.375,2019-04-03
3175,540038.125,2019-04-04
3176,533501.625,2019-04-05
3177,527736.3125,2019-04-08
3178,523300.8125,2019-04-09
3179,519218.8125,2019-04-10
3180,514617.8125,2019-04-11
3181,510734.3125,2019-04-12
3182,507441.53125,2019-04-15
3183,504672.5,2019-04-16
3184,502198.625,2019-04-17
3185,500196.46875,2019-04-18
3186,498483.90625,2019-04-22
3187,512181.84375,2019-04-23
3188,540365.125,2019-04-24
3189,569453.1875,2019-04-25
3190,599270.625,2019-04-26
3191,629739.125,2019-04-29
3192,660923.1875,2019-04-30
3193,692516.5,2019-05-01
3194,725006.875,2019-05-02
3195,757145.0625,2019-05-03
3196,789611.875,2019-05-06
3197,822544.1875,2019-05-07
3198,855785.75,2019-05-08
3199,889152.25,2019-05-09
3200,922598.8125,2019-05-10
3201,956889.1875,2019-05-13
3202,991223.8125,2019-05-14
3203,1025839.125,2019-05-15
3204,1060836.875,2019-05-16
3205,1096265.5,2019-05-17
3206,1131786.375,2019-05-20
3207,1167530.375,2019-05-21
3208,1203465.125,2019-05-22
3209,1240230.0,2019-05-23
3210,1276684.0,2019-05-24
3211,1313501.5,2019-05-28
3212,1350370.25,2019-05-29
3213,1388054.25,2019-05-30
3214,1426233.125,2019-05-31
3215,1463659.875,2019-06-03
3216,1499895.375,2019-06-04
3217,1537047.0,2019-06-05
3218,1573382.125,2019-06-06
3219,1609160.125,2019-06-07
3220,1644358.0,2019-06-10
3221,1678567.625,2019-06-11
3222,1712778.375,2019-06-12
3223,1746613.625,2019-06-13
3224,1780191.375,2019-06-14
3225,1813499.875,2019-06-17
3226,1845456.625,2019-06-18
3227,1876545.875,2019-06-19
3228,1906765.625,2019-06-20
3229,1935854.75,2019-06-21
3230,1964303.625,2019-06-24
3231,1992385.75,2019-06-25
3232,2020458.0,2019-06-26
3233,2049743.75,2019-06-27
3234,2078191.375,2019-06-28
3235,2105755.75,2019-07-01
3236,2132469.75,2019-07-02
3237,2157828.0,2019-07-03
3238,2182199.0,2019-07-05
3239,2205782.0,2019-07-08
3240,2228764.5,2019-07-09
3241,2250708.5,2019-07-10
3242,2271676.75,2019-07-11
3243,2291792.5,2019-07-12
3244,2310722.25,2019-07-15
3245,2328756.25,2019-07-16
3246,2345729.5,2019-07-17
3247,2362008.75,2019-07-18
3248,2377370.0,2019-07-19
3249,2391970.0,2019-07-22
3250,2406091.0,2019-07-23
3251,2420340.75,2019-07-24
3252,2443563.25,2019-07-25
3253,2466496.0,2019-07-26
3254,2489245.5,2019-07-29
3255,2510826.5,2019-07-30
3256,2530991.0,2019-07-31
3257,2549527.5,2019-08-01
3258,2566368.75,2019-08-02
3259,2582626.5,2019-08-05
3260,2597309.0,2019-08-06
3261,2610402.0,2019-08-07
3262,2620366.0,2019-08-08
3263,2629248.0,2019-08-09
3264,2637358.75,2019-08-12
3265,2643498.5,2019-08-13
3266,2648433.75,2019-08-14
3267,2651768.25,2019-08-15
3268,2652573.0,2019-08-16
3269,2650790.25,2019-08-19
3270,2646308.5,2019-08-20
3271,2639716.0,2019-08-21
3272,2631155.0,2019-08-22
3273,2621427.5,2019-08-23
3274,2609362.25,2019-08-26
3275,2596025.25,2019-08-27
3276,2580314.75,2019-08-28
3277,2562537.75,2019-08-29
3278,2543015.25,2019-08-30
3279,2521560.5,2019-09-03
3280,2498419.25,2019-09-04
3281,2474577.75,2019-09-05
3282,2449080.0,2019-09-06
3283,2421308.5,2019-09-09
3284,2392243.5,2019-09-10
3285,2362011.5,2019-09-11
3286,2331089.75,2019-09-12
3287,2298953.5,2019-09-13
3288,2266524.75,2019-09-16
3289,2233448.0,2019-09-17
3290,2199551.25,2019-09-18
3291,2165195.5,2019-09-19
3292,2130516.75,2019-09-20
3293,2096526.875,2019-09-23
3294,2062830.0,2019-09-24
3295,2029130.125,2019-09-25
3296,1996533.5,2019-09-26
3297,1963976.25,2019-09-27
3298,1932393.0,2019-09-30
3299,1901938.25,2019-10-01
3300,1872637.25,2019-10-02
3301,1843452.125,2019-10-03
3302,1813956.875,2019-10-04
3303,1784992.0,2019-10-07
3304,1756365.25,2019-10-08
3305,1727422.625,2019-10-09
3306,1698242.875,2019-10-10
3307,1667397.875,2019-10-11
3308,1635903.75,2019-10-14
3309,1612945.5,2019-10-15
3310,1589155.5,2019-10-16
3311,1564038.375,2019-10-17
3312,1537432.5,2019-10-18
3313,1510191.875,2019-10-21
3314,1483025.75,2019-10-22
3315,1455523.0,2019-10-23
3316,1428174.875,2019-10-24
3317,1400292.125,2019-10-25
3318,1372528.75,2019-10-28
3319,1344606.875,2019-10-29
3320,1315887.875,2019-10-30
3321,1286046.375,2019-10-31
3322,1254999.625,2019-11-01
3323,1223417.875,2019-11-04
3324,1191416.625,2019-11-05
3325,1160137.75,2019-11-06
3326,1128754.5,2019-11-07
3327,1097395.25,2019-11-08
3328,1067390.25,2019-11-11
3329,1037967.4375,2019-11-12
3330,1009527.625,2019-11-13
3331,981092.5,2019-11-14
3332,952122.5625,2019-11-15
3333,923717.75,2019-11-18
3334,895260.8125,2019-11-19
3335,866818.5625,2019-11-20
3336,837917.0,2019-11-21
3337,809573.4375,2019-11-22
3338,781007.5625,2019-11-25
3339,753556.5,2019-11-26
3340,726812.0,2019-11-27
3341,700606.875,2019-11-29
3342,676043.0625,2019-12-02
3343,652724.3125,2019-12-03
3344,629684.875,2019-12-04
3345,606341.5,2019-12-05
3346,583725.5625,2019-12-06
3347,561302.0625,2019-12-09
3348,539617.875,2019-12-10
3349,517890.0625,2019-12-11
3350,496092.0,2019-12-12
3351,474663.15625,2019-12-13
3352,453488.46875,2019-12-16
3353,433234.8125,2019-12-17
3354,413005.75,2019-12-18
3355,392606.9375,2019-12-19
3356,372556.78125,2019-12-20
3357,353118.03125,2019-12-23
3358,334365.6875,2019-12-24
3359,316176.0,2019-12-26
3360,298864.1875,2019-12-27
3361,282562.5,2019-12-30
3362,266743.8125,2019-12-31
3363,251224.46875,2020-01-02
3364,236203.4375,2020-01-03
3365,221596.828125,2020-01-06
3366,208165.3125,2020-01-07
3367,195829.53125,2020-01-08
3368,184922.640625,2020-01-09
3369,184416.421875,2020-01-10
3370,183889.65625,2020-01-13
3371,183834.28125,2020-01-14
3372,184189.625,2020-01-15
3373,184383.703125,2020-01-16
3374,184910.875,2020-01-17
3375,185380.484375,2020-01-21
3376,186197.0625,2020-01-22
3377,186776.890625,2020-01-23
3378,187545.609375,2020-01-24
3379,188502.734375,2020-01-27
3380,188340.859375,2020-01-28
3381,187926.65625,2020-01-29
3382,188060.59375,2020-01-30
3383,188627.921875,2020-01-31
3384,188661.09375,2020-02-03
3385,188635.0625,2020-02-04
3386,188794.96875,2020-02-05
3387,189510.828125,2020-02-06
3388,190199.421875,2020-02-07
3389,190678.625,2020-02-10
3390,191419.671875,2020-02-11
3391,192080.625,2020-02-12
3392,192887.46875,2020-02-13
3393,193633.78125,2020-02-14
3394,194097.921875,2020-02-18
3395,199871.265625,2020-02-19
3396,207250.34375,2020-02-20
3397,214483.25,2020-02-21
3398,221135.265625,2020-02-24
3399,227691.625,2020-02-25
3400,234064.84375,2020-02-26
3401,240117.765625,2020-02-27
3402,246298.8125,2020-02-28
3403,252304.390625,2020-03-02
3404,258092.921875,2020-03-03
3405,263546.375,2020-03-04
3406,268522.3125,2020-03-05
3407,272856.4375,2020-03-06
3408,275688.4375,2020-03-09
3409,278360.59375,2020-03-10
3410,280427.21875,2020-03-11
3411,281754.4375,2020-03-12
3412,282979.90625,2020-03-13
3413,283317.78125,2020-03-16
3414,282771.21875,2020-03-17
3415,280773.84375,2020-03-18
3416,278591.5,2020-03-19
3417,276086.5,2020-03-20
3418,272458.78125,2020-03-23
3419,268204.8125,2020-03-24
3420,263934.5,2020-03-25
3421,259495.453125,2020-03-26
3422,254462.140625,2020-03-27
2302,248820.40625,2020-03-30
2303,242509.953125,2020-03-31
2304,236194.1875,2020-04-01
2305,229578.171875,2020-04-02
2306,222728.0,2020-04-03
2307,215567.78125,2020-04-06
2308,208255.25,2020-04-07
2309,200315.75,2020-04-08
2310,192137.796875,2020-04-09
2311,183761.1875,2020-04-13
2312,175387.015625,2020-04-14
2313,169138.578125,2020-04-15
2314,165403.5625,2020-04-16
2315,161385.859375,2020-04-17
