2006-02-03	0.59113
2006-02-06	0.594
2006-02-07	0.585649
2006-02-08	0.571556
2006-02-09	0.572861
2006-02-10	0.57547
2006-02-13	0.567641
2006-02-14	0.565031
2006-02-15	0.570251
2006-02-16	0.571817
2006-02-17	0.570512
2006-02-21	0.571295
2006-02-22	0.571556
2006-02-23	0.572861
2006-02-24	0.57547
2006-02-27	0.575209
2006-02-28	0.573905
2006-03-01	0.570773
2006-03-02	0.572861
2006-03-03	0.573644
2006-03-06	0.568685
2006-03-07	0.563726
2006-03-08	0.569468
2006-03-09	0.57808
2006-03-10	0.589564
2006-03-13	0.595827
2006-03-14	0.596088
2006-03-15	0.592695
2006-03-16	0.602613
2006-03-17	0.603396
2006-03-20	0.603657
2006-03-21	0.606527
2006-03-22	0.610181
2006-03-23	0.615923
2006-03-24	0.615923
2006-03-27	0.634192
2006-03-28	0.629494
2006-03-29	0.62979
2006-03-30	0.619249
2006-03-31	0.631107
2006-04-03	0.623201
2006-04-04	0.615823
2006-04-05	0.618195
2006-04-06	0.618985
2006-04-07	0.617141
2006-04-10	0.631107
2006-04-11	0.637694
2006-04-12	0.631107
2006-04-13	0.63137
2006-04-17	0.630053
2006-04-18	0.648235
2006-04-19	0.653505
2006-04-20	0.660093
2006-04-21	0.670634
2006-04-24	0.666681
2006-04-25	0.663255
2006-04-26	0.654296
2006-04-27	0.655877
2006-04-28	0.65614
2006-05-01	0.653505
2006-05-02	0.657458
2006-05-03	0.65614
2006-05-04	0.658248
2006-05-05	0.682228
2006-05-08	0.707525
2006-05-09	0.718856
2006-05-10	0.721227
2006-05-11	0.71543
2006-05-12	0.71095
2006-05-15	0.696985
2006-05-16	0.708842
2006-05-17	0.70568
2006-05-18	0.70568
2006-05-19	0.706207
2006-05-22	0.708579
2006-05-23	0.707525
2006-05-24	0.698302
2006-05-25	0.702782
2006-05-26	0.703572
2006-05-30	0.698302
2006-05-31	0.703572
2006-06-01	0.69514
2006-06-02	0.698302
2006-06-05	0.693032
2006-06-06	0.701727
2006-06-07	0.696985
2006-06-08	0.685126
2006-06-09	0.698302
2006-06-12	0.700937
2006-06-13	0.689342
2006-06-14	0.692241
2006-06-15	0.697775
2006-06-16	0.69514
2006-06-19	0.683809
2006-06-20	0.680647
2006-06-21	0.674323
2006-06-22	0.670897
2006-06-23	0.675904
2006-06-26	0.675904
2006-06-27	0.690397
2006-06-28	0.712817
2006-06-29	0.718833
2006-06-30	0.724301
2006-07-03	0.7202
2006-07-05	0.716372
2006-07-06	0.713638
2006-07-07	0.713911
2006-07-10	0.709536
2006-07-11	0.716372
2006-07-12	0.720473
2006-07-13	0.715005
2006-07-14	0.710903
2006-07-17	0.705982
2006-07-18	0.704068
2006-07-19	0.695592
2006-07-20	0.696959
2006-07-21	0.68903
2006-07-24	0.703794
2006-07-25	0.699967
2006-07-26	0.707896
2006-07-27	0.703247
2006-07-28	0.716372
2006-07-31	0.716919
2006-08-01	0.716372
2006-08-02	0.719106
2006-08-03	0.721567
2006-08-04	0.727309
2006-08-07	0.724301
2006-08-08	0.721567
2006-08-09	0.710903
2006-08-10	0.70981
2006-08-11	0.716645
2006-08-14	0.716372
2006-08-15	0.717739
2006-08-16	0.714185
2006-08-17	0.713638
2006-08-18	0.713911
2006-08-21	0.715278
2006-08-22	0.709536
2006-08-23	0.722387
2006-08-24	0.725122
2006-08-25	0.728676
2006-08-28	0.734145
2006-08-29	0.736605
2006-08-30	0.736058
2006-08-31	0.741253
2006-09-01	0.749456
2006-09-05	0.743167
2006-09-06	0.738246
2006-09-07	0.729223
2006-09-08	0.723208
2006-09-11	0.716372
2006-09-12	0.716372
2006-09-13	0.716372
2006-09-14	0.7202
2006-09-15	0.743441
2006-09-18	0.750277
2006-09-19	0.765588
2006-09-20	0.751644
2006-09-21	0.767776
2006-09-22	0.777892
2006-09-25	0.79129
2006-09-26	0.803594
2006-09-27	0.804414
2006-09-28	0.802774
2006-09-29	0.80004
2006-10-02	0.801134
2006-10-03	0.817699
2006-10-04	0.806846
2006-10-05	0.810844
2006-10-06	0.809131
2006-10-09	0.802276
2006-10-10	0.80656
2006-10-11	0.800848
2006-10-12	0.80399
2006-10-13	0.802562
2006-10-16	0.802276
2006-10-17	0.806846
2006-10-18	0.819984
2006-10-19	0.82284
2006-10-20	0.823411
2006-10-23	0.813986
2006-10-24	0.813986
2006-10-25	0.81113
2006-10-26	0.805989
2006-10-27	0.817699
2006-10-30	0.81827
2006-10-31	0.828266
2006-11-01	0.831123
2006-11-02	0.825981
2006-11-03	0.833407
2006-11-06	0.825981
2006-11-07	0.82541
2006-11-08	0.828266
2006-11-09	0.823696
2006-11-10	0.829409
2006-11-13	0.831408
2006-11-14	0.816842
2006-11-15	0.816842
2006-11-16	0.817128
2006-11-17	0.812558
2006-11-20	0.823125
2006-11-21	0.832551
2006-11-22	0.84169
2006-11-24	0.846831
2006-11-27	0.832551
2006-11-28	0.829694
2006-11-29	0.833693
2006-11-30	0.829409
2006-12-01	0.833693
2006-12-04	0.849401
2006-12-05	0.841404
2006-12-06	0.854542
2006-12-07	0.852829
2006-12-08	0.856827
2006-12-11	0.857398
2006-12-12	0.854828
2006-12-13	0.86054
2006-12-14	0.875963
2006-12-15	0.877391
2006-12-18	0.878819
2006-12-19	0.87225
2006-12-20	0.872536
2006-12-21	0.872536
2006-12-22	0.880533
2006-12-26	0.887387
2006-12-27	0.886816
2006-12-28	0.892814
2006-12-29	0.896813
2007-01-03	0.92398
2007-01-04	0.926965
2007-01-05	0.92398
2007-01-08	0.922487
2007-01-09	0.915621
2007-01-10	0.910546
2007-01-11	0.911739
2007-01-12	0.914725
2007-01-16	0.915023
2007-01-17	0.921293
2007-01-18	0.920397
2007-01-19	0.920696
2007-01-22	0.92398
2007-01-23	0.938907
2007-01-24	0.952042
2007-01-25	0.932936
2007-01-26	0.950848
2007-01-29	0.947863
2007-01-30	0.952341
2007-01-31	0.955028
2007-02-01	0.955326
2007-02-02	0.9607
2007-02-05	0.962491
2007-02-06	0.969656
2007-02-07	0.980403
2007-02-08	0.976224
2007-02-09	0.980702
2007-02-12	0.979806
2007-02-13	0.983389
2007-02-14	0.990255
2007-02-15	0.994435
2007-02-16	0.997122
2007-02-20	0.986374
2007-02-21	0.991449
2007-02-22	0.986673
2007-02-23	0.986673
2007-02-26	0.992047
2007-02-27	0.983687
2007-02-28	1.006078
2007-03-01	1.053844
2007-03-02	1.059815
2007-03-05	1.041007
2007-03-06	1.045186
2007-03-07	1.040709
2007-03-08	1.051456
2007-03-09	1.083698
2007-03-12	1.066681
2007-03-13	1.063398
2007-03-14	1.062801
2007-03-15	1.05683
2007-03-16	1.070264
2007-03-19	1.070264
2007-03-20	1.073249
2007-03-21	1.088475
2007-03-22	1.086385
2007-03-23	1.099222
2007-03-26	1.104596
2007-03-27	1.102208
2007-03-28	1.098625
2007-03-29	1.097133
2007-03-30	1.09564
2007-04-02	1.090565
2007-04-03	1.092057
2007-04-04	1.136912
2007-04-05	1.137534
2007-04-09	1.143746
2007-04-10	1.140019
2007-04-11	1.137223
2007-04-12	1.131942
2007-04-13	1.135049
2007-04-16	1.133185
2007-04-17	1.146232
2007-04-18	1.166422
2007-04-19	1.166422
2007-04-20	1.174188
2007-04-23	1.175431
2007-04-24	1.177916
2007-04-25	1.182265
2007-04-26	1.174188
2007-04-27	1.171703
2007-04-30	1.177605
2007-05-01	1.170771
2007-05-02	1.172014
2007-05-03	1.169218
2007-05-04	1.162074
2007-05-07	1.150891
2007-05-08	1.239731
2007-05-09	1.239421
2007-05-10	1.240353
2007-05-11	1.239421
2007-05-14	1.240042
2007-05-15	1.249362
2007-05-16	1.245944
2007-05-17	1.24377
2007-05-18	1.242217
2007-05-21	1.243149
2007-05-22	1.238178
2007-05-23	1.236625
2007-05-24	1.234762
2007-05-25	1.242217
2007-05-29	1.243459
2007-05-30	1.256195
2007-05-31	1.263961
2007-06-01	1.265825
2007-06-04	1.274211
2007-06-05	1.28788
2007-06-06	1.276386
2007-06-07	1.262408
2007-06-08	1.263029
2007-06-11	1.266135
2007-06-12	1.262408
2007-06-13	1.274522
2007-06-14	1.273591
2007-06-15	1.265204
2007-06-18	1.258059
2007-06-19	1.257748
2007-06-20	1.27825
2007-06-21	1.29782
2007-06-22	1.319253
2007-06-25	1.311488
2007-06-26	1.319564
2007-06-27	1.333232
2007-06-28	1.356402
2007-06-29	1.367343
2007-07-02	1.372492
2007-07-03	1.37217
2007-07-05	1.367021
2007-07-06	1.374423
2007-07-09	1.366056
2007-07-10	1.358011
2007-07-11	1.354471
2007-07-12	1.329048
2007-07-13	1.322934
2007-07-16	1.32036
2007-07-17	1.316176
2007-07-18	1.314246
2007-07-19	1.315211
2007-07-20	1.317142
2007-07-23	1.309741
2007-07-24	1.306201
2007-07-25	1.30427
2007-07-26	1.280456
2007-07-27	1.267584
2007-07-30	1.23669
2007-07-31	1.241196
2007-08-01	1.23669
2007-08-02	1.171365
2007-08-03	1.17587
2007-08-06	1.16332
2007-08-07	1.168791
2007-08-08	1.169434
2007-08-09	1.140793
2007-08-10	1.128565
2007-08-13	1.139185
2007-08-14	1.144011
2007-08-15	1.105073
2007-08-16	1.153666
2007-08-17	1.154309
2007-08-20	1.157205
2007-08-21	1.156883
2007-08-22	1.172974
2007-08-23	1.189707
2007-08-24	1.190351
2007-08-27	1.189386
2007-08-28	1.187455
2007-08-29	1.185846
2007-08-30	1.174584
2007-08-31	1.182628
2007-09-04	1.190673
2007-09-05	1.185203
2007-09-06	1.188098
2007-09-07	1.18842
2007-09-10	1.185524
2007-09-11	1.183271
2007-09-12	1.168791
2007-09-13	1.162033
2007-09-14	1.171043
2007-09-17	1.158493
2007-09-18	1.160423
2007-09-19	1.162033
2007-09-20	1.158493
2007-09-21	1.155918
2007-09-24	1.149804
2007-09-25	1.125669
2007-09-26	1.09735
2007-09-27	1.094776
2007-09-28	1.103786
2007-10-01	1.090914
2007-10-02	1.090592
2007-10-03	1.121626
2007-10-04	1.121289
2007-10-05	1.146926
2007-10-08	1.176612
2007-10-09	1.206297
2007-10-10	1.227886
2007-10-11	1.210345
2007-10-12	1.213718
2007-10-15	1.210007
2007-10-16	1.212369
2007-10-17	1.207309
2007-10-18	1.206971
2007-10-19	1.201912
2007-10-22	1.2009
2007-10-23	1.189093
2007-10-24	1.180322
2007-10-25	1.176612
2007-10-26	1.180659
2007-10-29	1.181334
2007-10-30	1.207309
2007-10-31	1.200562
2007-11-01	1.170877
2007-11-02	1.145577
2007-11-05	1.121626
2007-11-06	1.07946
2007-11-07	1.069341
2007-11-08	1.103073
2007-11-09	1.105097
2007-11-12	1.10476
2007-11-13	1.096664
2007-11-14	1.107121
2007-11-15	1.101049
2007-11-16	1.113193
2007-11-19	1.106109
2007-11-20	1.113193
2007-11-21	1.115892
2007-11-23	1.128035
2007-11-26	1.129385
2007-11-27	1.117241
2007-11-28	1.125
2007-11-29	1.126687
2007-11-30	1.16413
2007-12-03	1.160083
2007-12-04	1.15907
2007-12-05	1.161769
2007-12-06	1.143891
2007-12-07	1.144228
2007-12-10	1.150637
2007-12-11	1.164805
2007-12-12	1.164805
2007-12-13	1.154348
2007-12-14	1.146589
2007-12-17	1.137482
2007-12-18	1.137144
2007-12-19	1.131747
2007-12-20	1.129722
2007-12-21	1.167841
2007-12-24	1.200562
2007-12-26	1.201237
2007-12-27	1.194828
2007-12-28	1.191792
2007-12-31	1.188418
2008-01-02	1.189093
2008-01-03	1.171889
2008-01-04	1.154685
2008-01-07	1.152998
2008-01-08	1.152661
2008-01-09	1.141529
2008-01-10	1.129048
2008-01-11	1.120277
2008-01-14	1.11623
2008-01-15	1.118591
2008-01-16	1.111506
2008-01-17	1.103748
2008-01-18	1.096327
2008-01-22	1.092953
2008-01-23	1.078448
2008-01-24	1.106446
2008-01-25	1.081484
2008-01-28	1.089917
2008-01-29	1.093965
2008-01-30	1.179731
2008-01-31	1.195292
2008-02-01	1.174665
2008-02-04	1.194206
2008-02-05	1.192759
2008-02-06	1.184435
2008-02-07	1.192397
2008-02-08	1.182264
2008-02-11	1.157294
2008-02-12	1.160551
2008-02-13	1.157656
2008-02-14	1.158742
2008-02-15	1.158018
2008-02-19	1.162723
2008-02-20	1.167066
2008-02-21	1.160551
2008-02-22	1.158742
2008-02-25	1.167789
2008-02-26	1.164894
2008-02-27	1.166703
2008-02-28	1.199273
2008-02-29	1.203615
2008-03-03	1.203253
2008-03-04	1.194206
2008-03-05	1.196016
2008-03-06	1.188778
2008-03-07	1.155123
2008-03-10	1.126897
2008-03-11	1.135582
2008-03-12	1.127621
2008-03-13	1.107717
2008-03-14	1.083833
2008-03-17	1.046921
2008-03-18	1.082024
2008-03-19	1.075872
2008-03-20	1.076595
2008-03-24	1.150419
2008-03-25	1.124002
2008-03-26	1.180817
2008-03-27	1.163447
2008-03-28	1.135943
2008-03-31	1.130516
2008-04-01	1.129791
2008-04-02	1.143905
2008-04-03	1.167066
2008-04-04	1.182988
2008-04-07	1.193845
2008-04-08	1.194206
2008-04-09	1.187331
2008-04-10	1.163808
2008-04-11	1.154762
2008-04-14	1.129068
2008-04-15	1.135582
2008-04-16	1.147886
2008-04-17	1.15838
2008-04-18	1.181902
2008-04-21	1.178645
2008-04-22	1.173579
2008-04-23	1.176836
2008-04-24	1.188055
2008-04-25	1.201082
2008-04-28	1.224966
2008-04-29	1.240889
2008-04-30	1.242337
2008-05-01	1.294593
2008-05-02	1.28849
2008-05-05	1.300696
2008-05-06	1.302603
2008-05-07	1.286583
2008-05-08	1.286965
2008-05-09	1.283532
2008-05-12	1.290397
2008-05-13	1.275521
2008-05-14	1.284295
2008-05-15	1.286583
2008-05-16	1.282769
2008-05-19	1.283532
2008-05-20	1.273996
2008-05-21	1.257213
2008-05-22	1.259501
2008-05-23	1.241955
2008-05-27	1.239666
2008-05-28	1.236233
2008-05-29	1.24577
2008-05-30	1.238522
2008-06-02	1.227079
2008-06-03	1.218306
2008-06-04	1.209533
2008-06-05	1.210296
2008-06-06	1.208007
2008-06-09	1.220595
2008-06-10	1.213729
2008-06-11	1.218687
2008-06-12	1.217924
2008-06-13	1.219832
2008-06-16	1.210296
2008-06-17	1.21144
2008-06-18	1.175967
2008-06-19	1.170245
2008-06-20	1.153843
2008-06-23	1.160328
2008-06-24	1.151555
2008-06-25	1.146215
2008-06-26	1.125236
2008-06-27	1.109215
2008-06-30	1.105783
2008-07-01	1.103112
2008-07-02	1.085566
2008-07-03	1.06802
2008-07-07	1.05734
2008-07-08	1.067639
2008-07-09	1.087092
2008-07-10	1.085185
2008-07-11	1.071454
2008-07-14	1.067639
2008-07-15	1.062299
2008-07-16	1.086329
2008-07-17	1.096247
2008-07-18	1.077175
2008-07-21	1.095102
2008-07-22	1.098154
2008-07-23	1.095865
2008-07-24	1.07565
2008-07-25	1.066494
2008-07-28	1.079463
2008-07-29	1.096628
2008-07-30	1.144307
2008-07-31	1.133627
2008-08-01	1.122947
2008-08-04	1.108071
2008-08-05	1.170561
2008-08-06	1.173829
2008-08-07	1.155858
2008-08-08	1.159942
2008-08-11	1.164434
2008-08-12	1.155449
2008-08-13	1.180363
2008-08-14	1.182406
2008-08-15	1.178321
2008-08-18	1.172603
2008-08-19	1.161167
2008-08-20	1.159942
2008-08-21	1.169336
2008-08-22	1.159125
2008-08-25	1.128901
2008-08-26	1.123183
2008-08-27	1.186081
2008-08-28	1.179955
2008-08-29	1.178321
2008-09-02	1.16566
2008-09-03	1.151774
2008-09-04	1.142379
2008-09-05	1.122366
2008-09-08	1.120733
2008-09-09	1.050891
2008-09-10	1.052933
2008-09-11	1.036596
2008-09-12	1.028836
2008-09-15	0.936939
2008-09-16	0.898955
2008-09-17	0.857703
2008-09-18	0.854436
2008-09-19	0.942249
2008-09-22	0.955318
2008-09-23	0.925911
2008-09-24	0.930404
2008-09-25	0.943474
2008-09-26	0.927137
2008-09-29	0.868323
2008-09-30	0.888336
2008-10-01	0.903448
2008-10-02	0.862605
2008-10-03	0.840141
2008-10-06	0.781735
2008-10-07	0.727006
2008-10-08	0.666558
2008-10-09	0.624081
2008-10-10	0.558733
2008-10-13	0.715161
2008-10-14	0.728639
2008-10-15	0.68943
2008-10-16	0.715161
2008-10-17	0.747836
2008-10-20	0.818086
2008-10-21	0.818086
2008-10-22	0.826663
2008-10-23	0.846267
2008-10-24	0.796439
2008-10-27	0.769482
2008-10-28	0.78582
2008-10-29	0.802157
2008-10-30	0.82993
2008-10-31	0.837282
2008-11-03	0.826254
2008-11-04	0.857703
2008-11-05	0.832381
2008-11-06	0.826068
2008-11-07	0.864395
2008-11-10	0.863944
2008-11-11	0.823363
2008-11-12	0.780526
2008-11-13	0.778723
2008-11-14	0.795406
2008-11-17	0.757079
2008-11-18	0.744453
2008-11-19	0.675915
2008-11-20	0.599711
2008-11-21	0.59926
2008-11-24	0.679973
2008-11-25	0.685835
2008-11-26	0.730024
2008-11-28	0.743551
2008-12-01	0.692599
2008-12-02	0.711987
2008-12-03	0.717849
2008-12-04	0.73273
2008-12-05	0.725515
2008-12-08	0.753922
2008-12-09	0.730475
2008-12-10	0.77241
2008-12-11	0.76249
2008-12-12	0.77737
2008-12-15	0.776919
2008-12-16	0.799013
2008-12-17	0.803523
2008-12-18	0.798562
2008-12-19	0.750315
2008-12-22	0.746708
2008-12-23	0.740846
2008-12-24	0.727319
2008-12-26	0.762039
2008-12-29	0.734984
2008-12-30	0.734984
2008-12-31	0.730926
2009-01-02	0.758882
2009-01-05	0.805326
2009-01-06	0.821559
2009-01-07	0.816599
2009-01-08	0.860337
2009-01-09	0.829224
2009-01-12	0.78774
2009-01-13	0.809835
2009-01-14	0.766548
2009-01-15	0.768802
2009-01-16	0.769253
2009-01-20	0.730024
2009-01-21	0.744453
2009-01-22	0.729573
2009-01-23	0.758431
2009-01-26	0.786388
2009-01-27	0.820657
2009-01-28	0.847712
2009-01-29	0.835537
2009-01-30	0.833283
2009-02-02	0.834184
2009-02-03	0.842301
2009-02-04	0.911143
2009-02-05	0.934934
2009-02-06	0.941514
2009-02-09	0.953662
2009-02-10	0.932403
2009-02-11	0.948095
2009-02-12	0.962774
2009-02-13	0.990615
2009-02-17	0.949107
2009-02-18	0.933415
2009-02-19	0.941514
2009-02-20	0.938477
2009-02-23	0.906081
2009-02-24	0.959737
2009-02-25	0.992133
2009-02-26	0.986565
2009-02-27	0.993652
2009-03-02	0.92076
2009-03-03	0.895451
2009-03-04	0.976947
2009-03-05	0.958218
2009-03-06	0.93139
2009-03-09	0.916205
2009-03-10	0.958218
2009-03-11	0.975429
2009-03-12	1.02301
2009-03-13	1.017443
2009-03-16	1.034147
2009-03-17	1.05895
2009-03-18	1.052876
2009-03-19	1.05895
2009-03-20	1.019974
2009-03-23	1.073123
2009-03-24	1.064518
2009-03-25	1.098433
2009-03-26	1.087803
2009-03-27	1.06958
2009-03-30	1.032123
2009-03-31	1.06958
2009-04-01	1.089322
2009-04-02	1.107038
2009-04-03	1.11868
2009-04-06	1.106026
2009-04-07	1.089828
2009-04-08	1.097421
2009-04-09	1.115138
2009-04-13	1.169806
2009-04-14	1.184486
2009-04-15	1.184992
2009-04-16	1.221943
2009-04-17	1.223968
2009-04-20	1.184486
2009-04-21	1.198659
2009-04-22	1.197647
2009-04-23	1.220425
2009-04-24	1.248772
2009-04-27	1.272057
2009-04-28	1.294329
2009-04-29	1.31812
2009-04-30	1.297872
2009-05-01	1.343429
2009-05-04	1.358615
2009-05-05	1.339379
2009-05-06	1.426252
2009-05-07	1.403709
2009-05-08	1.432851
2009-05-11	1.413606
2009-05-12	1.374569
2009-05-13	1.368521
2009-05-14	1.374019
2009-05-15	1.366321
2009-05-18	1.410307
2009-05-19	1.437248
2009-05-20	1.454294
2009-05-21	1.424603
2009-05-22	1.419104
2009-05-26	1.418005
2009-05-27	1.411407
2009-05-28	1.421304
2009-05-29	1.444947
2009-06-01	1.439998
2009-06-02	1.438349
2009-06-03	1.405359
2009-06-04	1.425153
2009-06-05	1.429002
2009-06-08	1.426802
2009-06-09	1.420205
2009-06-10	1.406458
2009-06-11	1.420205
2009-06-12	1.424603
2009-06-15	1.383916
2009-06-16	1.341029
2009-06-17	1.309139
2009-06-18	1.342679
2009-06-19	1.348727
2009-06-22	1.319586
2009-06-23	1.283297
2009-06-24	1.308589
2009-06-25	1.359723
2009-06-26	1.396012
2009-06-29	1.395462
2009-06-30	1.394913
2009-07-01	1.403709
2009-07-02	1.390514
2009-07-06	1.374569
2009-07-07	1.347627
2009-07-08	1.343228
2009-07-09	1.388314
2009-07-10	1.397661
2009-07-13	1.421304
2009-07-14	1.410307
2009-07-15	1.441097
2009-07-16	1.458143
2009-07-17	1.472438
2009-07-20	1.490032
2009-07-21	1.484534
2009-07-22	1.483984
2009-07-23	1.487283
2009-07-24	1.504328
2009-07-27	1.565359
2009-07-28	1.583503
2009-07-29	1.541716
2009-07-30	1.575256
2009-07-31	1.606595
2009-08-03	1.653331
2009-08-04	1.652781
2009-08-05	1.728554
2009-08-06	1.695995
2009-08-07	1.711386
2009-08-10	1.711978
2009-08-11	1.624959
2009-08-12	1.675277
2009-08-13	1.678828
2009-08-14	1.669357
2009-08-17	1.632062
2009-08-18	1.649229
2009-08-19	1.658109
2009-08-20	1.67942
2009-08-21	1.695995
2009-08-24	1.695404
2009-08-25	1.68238
2009-08-26	1.650414
2009-08-27	1.631471
2009-08-28	1.630879
2009-08-31	1.591808
2009-09-01	1.580561
2009-09-02	1.567538
2009-09-03	1.584113
2009-09-04	1.611343
2009-09-08	1.644494
2009-09-09	1.639166
2009-09-10	1.669357
2009-09-11	1.682972
2009-09-14	1.694219
2009-09-15	1.686523
2009-09-16	1.68534
2009-09-17	1.644494
2009-09-18	1.63739
2009-09-21	1.646862
2009-09-22	1.640942
2009-09-23	1.638574
2009-09-24	1.627919
2009-09-25	1.644494
2009-09-28	1.642126
2009-09-29	1.661661
2009-09-30	1.657517
2009-10-01	1.615487
2009-10-02	1.619039
2009-10-05	1.64035
2009-10-06	1.700731
2009-10-07	1.698363
2009-10-08	1.73033
2009-10-09	1.736249
2009-10-12	1.765848
2009-10-13	1.777095
2009-10-14	1.789526
2009-10-15	1.778871
2009-10-16	1.810838
2009-10-19	1.828005
2009-10-20	1.79959
2009-10-21	1.794854
2009-10-22	1.803733
2009-10-23	1.790118
2009-10-26	1.75164
2009-10-27	1.743353
2009-10-28	1.67054
2009-10-29	1.703099
2009-10-30	1.688891
2009-11-02	1.672316
2009-11-03	1.680012
2009-11-04	1.707243
2009-11-05	1.84152
2009-11-06	1.826174
2009-11-09	1.867097
2009-11-10	1.821699
2009-11-11	1.838323
2009-11-12	1.833847
2009-11-13	1.870294
2009-11-16	1.881164
2009-11-17	1.892673
2009-11-18	1.901626
2009-11-19	1.88564
2009-11-20	1.887558
2009-11-23	1.905462
2009-11-24	1.909299
2009-11-25	1.91825
2009-11-27	1.892673
2009-11-30	1.88628
2009-12-01	1.897789
2009-12-02	1.895231
2009-12-03	1.897149
2009-12-04	1.876049
2009-12-07	1.889476
2009-12-08	1.912496
2009-12-09	1.913774
2009-12-10	1.931678
2009-12-11	1.92976
2009-12-14	1.952139
2009-12-15	1.949582
2009-12-16	1.936793
2009-12-17	1.919529
2009-12-18	1.869015
2009-12-21	1.91889
2009-12-22	1.936793
2009-12-23	1.957894
2009-12-24	1.968125
2009-12-28	1.9726
2009-12-29	1.966846
2009-12-30	1.958533
2009-12-31	1.955336
2010-01-04	1.993702
2010-01-05	2.00585
2010-01-06	2.06084
2010-01-07	2.085777
2010-01-08	2.110714
2010-01-11	2.115191
2010-01-12	2.113912
2010-01-13	2.131815
2010-01-14	2.133095
2010-01-15	2.138209
2010-01-19	2.160589
2010-01-20	2.163786
2010-01-21	2.186805
2010-01-22	2.195757
2010-01-25	2.166983
2010-01-26	2.111354
2010-01-27	2.071709
2010-01-28	2.087056
2010-01-29	2.048052
2010-02-01	2.110075
2010-02-02	2.10432
2010-02-03	2.10432
2010-02-04	2.154962
2010-02-05	2.132378
2010-02-08	2.108426
2010-02-09	2.118691
2010-02-10	2.101583
2010-02-11	2.115954
2010-02-12	2.124166
2010-02-16	2.182334
2010-02-17	2.218603
2010-02-18	2.211076
2010-02-19	2.169332
2010-02-22	2.179597
2010-02-23	2.173439
2010-02-24	2.185071
2010-02-25	2.189178
2010-02-26	2.211761
2010-03-01	2.23708
2010-03-02	2.210392
2010-03-03	2.224079
2010-03-04	2.199443
2010-03-05	2.215182
2010-03-08	2.230922
2010-03-09	2.241187
2010-03-10	2.265138
2010-03-11	2.282932
2010-03-12	2.303461
2010-03-15	2.310988
2010-03-16	2.303461
2010-03-17	2.298671
2010-03-18	2.2843
2010-03-19	2.258296
2010-03-22	2.258296
2010-03-23	2.258979
2010-03-24	2.265138
2010-03-25	2.258296
2010-03-26	2.264454
2010-03-29	2.286353
2010-03-30	2.313725
2010-03-31	2.308935
2010-04-01	2.311672
2010-04-05	2.392425
2010-04-06	2.378053
2010-04-07	2.374631
2010-04-08	2.395161
2010-04-09	2.404058
2010-04-12	2.410901
2010-04-13	2.419797
2010-04-14	2.418428
2010-04-15	2.422535
2010-04-16	2.395846
2010-04-19	2.395161
2010-04-20	2.408164
2010-04-21	2.407479
2010-04-22	2.395846
2010-04-23	2.408848
2010-04-26	2.41227
2010-04-27	2.341784
2010-04-28	2.345206
2010-04-29	2.367789
2010-04-30	2.341784
2010-05-03	2.388318
2010-05-04	2.336993
2010-05-05	2.396167
2010-05-06	2.288047
2010-05-07	2.285855
2010-05-10	2.347221
2010-05-11	2.383748
2010-05-12	2.359639
2010-05-13	2.296813
2010-05-14	2.300467
2010-05-17	2.225221
2010-05-18	2.215724
2010-05-19	2.157281
2010-05-20	2.056467
2010-05-21	2.117101
2010-05-24	2.13025
2010-05-25	2.12879
2010-05-26	2.178466
2010-05-27	2.243484
2010-05-28	2.246406
2010-06-01	2.19819
2010-06-02	2.240562
2010-06-03	2.29316
2010-06-04	2.228873
2010-06-07	2.193807
2010-06-08	2.203304
2010-06-09	2.225221
2010-06-10	2.280012
2010-06-11	2.309233
2010-06-14	2.330418
2010-06-15	2.353795
2010-06-16	2.396167
2010-06-17	2.385939
2010-06-18	2.379364
2010-06-21	2.374982
2010-06-22	2.351604
2010-06-23	2.321652
2010-06-24	2.307041
2010-06-25	2.36037
2010-06-28	2.453879
2010-06-29	2.402742
2010-06-30	2.465568
2010-07-01	2.449496
2010-07-02	2.46703
2010-07-06	2.485293
2010-07-07	2.502095
2010-07-08	2.500633
2010-07-09	2.502825
2010-07-12	2.556155
2010-07-13	2.635784
2010-07-14	2.622635
2010-07-15	2.59049
2010-07-16	2.574419
2010-07-19	2.564921
2010-07-20	2.591221
2010-07-21	2.589029
2010-07-22	2.583185
2010-07-23	2.594143
2010-07-26	2.613867
2010-07-27	2.556155
2010-07-28	2.553963
2010-07-29	2.547388
2010-07-30	2.597796
2010-08-02	2.644551
2010-08-03	2.634323
2010-08-04	2.637244
2010-08-05	2.774002
2010-08-06	2.784881
2010-08-09	2.696299
2010-08-10	2.65667
2010-08-11	2.627921
2010-08-12	2.649677
2010-08-13	2.693968
2010-08-16	2.704846
2010-08-17	2.700184
2010-08-18	2.734373
2010-08-19	2.726604
2010-08-20	2.728158
2010-08-23	2.72738
2010-08-24	2.721941
2010-08-25	2.713394
2010-08-26	2.723495
2010-08-27	2.738259
2010-08-30	2.700184
2010-08-31	2.700184
2010-09-01	2.730489
2010-09-02	2.753022
2010-09-03	2.757684
2010-09-07	2.820624
2010-09-08	2.844712
2010-09-09	2.846267
2010-09-10	2.839273
2010-09-13	2.843934
2010-09-14	2.863361
2010-09-15	2.882787
2010-09-16	2.869576
2010-09-17	2.830725
2010-09-20	2.881233
2010-09-21	2.901435
2010-09-22	2.862585
2010-09-23	2.817516
2010-09-24	2.844712
2010-09-27	2.866469
2010-09-28	2.895219
2010-09-29	2.892111
2010-09-30	2.884341
2010-10-01	2.899881
2010-10-04	2.895996
2010-10-05	2.93407
2010-10-06	2.962821
2010-10-07	2.990793
2010-10-08	2.983023
2010-10-11	3.020322
2010-10-12	3.010997
2010-10-13	3.031976
2010-10-14	3.021875
2010-10-15	3.029647
2010-10-18	3.049848
2010-10-19	2.995456
2010-10-20	3.016435
2010-10-21	3.021098
2010-10-22	3.008665
2010-10-25	3.021875
2010-10-26	3.034309
2010-10-27	3.026537
2010-10-28	3.030423
2010-10-29	3.038969
2010-11-01	3.05995
2010-11-02	3.104241
2010-11-03	3.103464
2010-11-04	3.261183
2010-11-05	3.273505
2010-11-08	3.290756
2010-11-09	3.323614
2010-11-10	3.285006
2010-11-11	3.271862
2010-11-12	3.239826
2010-11-15	3.266112
2010-11-16	3.189717
2010-11-17	3.180681
2010-11-18	3.190537
2010-11-19	3.213539
2010-11-22	3.256254
2010-11-23	3.252148
2010-11-24	3.261183
2010-11-26	3.252969
2010-11-29	3.248862
2010-11-30	3.249683
2010-12-01	3.279255
2010-12-02	3.254611
2010-12-03	3.233254
2010-12-06	3.227504
2010-12-07	3.220112
2010-12-08	3.212717
2010-12-09	3.224217
2010-12-10	3.24229
2010-12-13	3.232431
2010-12-14	3.210253
2010-12-15	3.114142
2010-12-16	3.10757
2010-12-17	3.059104
2010-12-20	3.074713
2010-12-21	3.085392
2010-12-22	3.126464
2010-12-23	3.138786
2010-12-27	3.132214
2010-12-28	3.147822
2010-12-29	3.159323
2010-12-30	3.219289
2010-12-31	3.209431
2011-01-03	3.206146
2011-01-04	3.207789
2011-01-05	3.211896
2011-01-06	3.198752
2011-01-07	3.177394
2011-01-10	3.196289
2011-01-11	3.203681
2011-01-12	3.211074
2011-01-13	3.23654
2011-01-14	3.228325
2011-01-18	3.193824
2011-01-19	3.170002
2011-01-20	3.118249
2011-01-21	3.124821
2011-01-24	3.160966
2011-01-25	3.160144
2011-01-26	3.187252
2011-01-27	3.186431
2011-01-28	3.177394
2011-01-31	3.194645
2011-02-01	3.210253
2011-02-02	3.247219
2011-02-03	3.40102
2011-02-04	3.371476
2011-02-07	3.367132
2011-02-08	3.374083
2011-02-09	3.387987
2011-02-10	3.378428
2011-02-11	3.390592
2011-02-14	3.448812
2011-02-15	3.522672
2011-02-16	3.549608
2011-02-17	3.493127
2011-02-18	3.488782
2011-02-22	3.438384
2011-02-23	3.427958
2011-02-24	3.460108
2011-02-25	3.478357
2011-02-28	3.492258
2011-03-01	3.482701
2011-03-02	3.454025
2011-03-03	3.457502
2011-03-04	3.454894
2011-03-07	3.437516
2011-03-08	3.436647
2011-03-09	3.423613
2011-03-10	3.407103
2011-03-11	3.45055
2011-03-14	3.421006
2011-03-15	3.40102
2011-03-16	3.437516
2011-03-17	3.501817
2011-03-18	3.562643
2011-03-21	3.622599
2011-03-22	3.648669
2011-03-23	3.726871
2011-03-24	3.787697
2011-03-25	3.810289
2011-03-28	3.779877
2011-03-29	3.765106
2011-03-30	3.839833
2011-03-31	3.910218
2011-04-01	3.905874
2011-04-04	3.867639
2011-04-05	3.882412
2011-04-06	3.943237
2011-04-07	3.947581
2011-04-08	3.95019
2011-04-11	3.890232
2011-04-12	3.87546
2011-04-13	3.914561
2011-04-14	3.924989
2011-04-15	3.910218
2011-04-18	3.853736
2011-04-19	3.862426
2011-04-20	3.902396
2011-04-21	3.912824
2011-04-25	3.910218
2011-04-26	3.963223
2011-04-27	4.017096
2011-04-28	3.99016
2011-04-29	3.994504
2011-05-02	3.952795
2011-05-03	3.853736
2011-05-04	3.993755
2011-05-05	3.813469
2011-05-06	3.920542
2011-05-09	3.869293
2011-05-10	3.851907
2011-05-11	3.752154
2011-05-12	3.770456
2011-05-13	3.675281
2011-05-16	3.710971
2011-05-17	3.647826
2011-05-18	3.693583
2011-05-19	3.752154
2011-05-20	3.782354
2011-05-23	3.707311
2011-05-24	3.666129
2011-05-25	3.710971
2011-05-26	3.801572
2011-05-27	3.81896
2011-05-31	3.856481
2011-06-01	3.855567
2011-06-02	3.954404
2011-06-03	3.953488
2011-06-06	3.899493
2011-06-07	3.879361
2011-06-08	3.876616
2011-06-09	3.984604
2011-06-10	3.954404
2011-06-13	3.897665
2011-06-14	3.908646
2011-06-15	3.886682
2011-06-16	4.206073
2011-06-17	4.048665
2011-06-20	4.095339
2011-06-21	4.217055
2011-06-22	4.199667
2011-06-23	4.170382
2011-06-24	3.940677
2011-06-27	3.98552
2011-06-28	4.025787
2011-06-29	4.067883
2011-06-30	4.114557
2011-07-01	4.088933
2011-07-05	4.117302
2011-07-06	4.102659
2011-07-07	4.118217
2011-07-08	4.118217
2011-07-11	4.117302
2011-07-12	4.109981
2011-07-13	4.098084
2011-07-14	4.034023
2011-07-15	4.004738
2011-07-18	4.029447
2011-07-19	3.983689
2011-07-20	3.941592
2011-07-21	3.851907
2011-07-22	3.798826
2011-07-25	3.819876
2011-07-26	3.794251
2011-07-27	3.72287
2011-07-28	3.748493
2011-07-29	3.782354
2011-08-01	3.802487
2011-08-02	3.770456
2011-08-03	3.971159
2011-08-04	3.674003
2011-08-05	3.595087
2011-08-08	3.400232
2011-08-09	3.654517
2011-08-10	3.704206
2011-08-11	3.795789
2011-08-12	3.674003
2011-08-15	3.829889
2011-08-16	3.840605
2011-08-17	3.902959
2011-08-18	3.811377
2011-08-19	3.673029
2011-08-22	3.544425
2011-08-23	3.587293
2011-08-24	3.587293
2011-08-25	3.588267
2011-08-26	3.647697
2011-08-29	3.754869
2011-08-30	3.770456
2011-08-31	3.725641
2011-09-01	3.725641
2011-09-02	3.674003
2011-09-06	3.615546
2011-09-07	3.702256
2011-09-08	3.745127
2011-09-09	3.699335
2011-09-12	3.672055
2011-09-13	3.658414
2011-09-14	3.662311
2011-09-15	3.724666
2011-09-16	3.649647
2011-09-19	3.75292
2011-09-20	3.750972
2011-09-21	3.646724
2011-09-22	3.540528
2011-09-23	3.516171
2011-09-26	3.558065
2011-09-27	3.551244
2011-09-28	3.488891
2011-09-29	3.444073
2011-09-30	3.38854
2011-10-03	3.218041
2011-10-04	3.124511
2011-10-05	3.214144
2011-10-06	3.384643
2011-10-07	3.33593
2011-10-10	3.409001
2011-10-11	3.508376
2011-10-12	3.482072
2011-10-13	3.405103
2011-10-14	3.479148
2011-10-17	3.541502
2011-10-18	3.545399
2011-10-19	3.542476
2011-10-20	3.537605
2011-10-21	3.569756
2011-10-24	3.665235
2011-10-25	3.651595
2011-10-26	3.757789
2011-10-27	3.75292
2011-10-28	3.758766
2011-10-31	3.726614
2011-11-01	3.611651
2011-11-02	3.796568
2011-11-03	3.877013
2011-11-04	3.926115
2011-11-07	4.001337
2011-11-08	4.04208
2011-11-09	3.869698
2011-11-10	3.956412
2011-11-11	3.949099
2011-11-14	3.930295
2011-11-15	3.964771
2011-11-16	3.905219
2011-11-17	3.924026
2011-11-18	3.924026
2011-11-21	3.812239
2011-11-22	3.721345
2011-11-23	3.641948
2011-11-25	3.652395
2011-11-28	3.660752
2011-11-29	3.618962
2011-11-30	3.686871
2011-12-01	3.793433
2011-12-02	3.80597
2011-12-05	3.931339
2011-12-06	3.964771
2011-12-07	3.975216
2011-12-08	3.948055
2011-12-09	4.031634
2011-12-12	3.967904
2011-12-13	3.945966
2011-12-14	3.884326
2011-12-15	4.005515
2011-12-16	4.057753
2011-12-19	4.113123
2011-12-20	4.148644
2011-12-21	4.160135
2011-12-22	4.109988
2011-12-23	4.158046
2011-12-27	4.304309
2011-12-28	4.232222
2011-12-29	4.26252
2011-12-30	4.239536
2012-01-03	4.235358
2012-01-04	4.283414
2012-01-05	4.268789
2012-01-06	4.272968
2012-01-09	4.239536
2012-01-10	4.231177
2012-01-11	4.172672
2012-01-12	4.249983
2012-01-13	4.306399
2012-01-17	4.335652
2012-01-18	4.421319
2012-01-19	4.407738
2012-01-20	4.41714
2012-01-23	4.479824
2012-01-24	4.461019
2012-01-25	4.513254
2012-01-26	4.461019
2012-01-27	4.450572
2012-01-30	4.435946
2012-01-31	4.466242
2012-02-01	4.492362
2012-02-02	4.495496
2012-02-03	4.718441
2012-02-06	4.695148
2012-02-07	4.664092
2012-02-08	4.658544
2012-02-09	4.712895
2012-02-10	4.636361
2012-02-13	4.721767
2012-02-14	4.685165
2012-02-15	4.645236
2012-02-16	4.786101
2012-02-17	4.864852
2012-02-21	4.821592
2012-02-22	4.778336
2012-02-23	4.803848
2012-02-24	4.884817
2012-02-27	4.892582
2012-02-28	4.864852
2012-02-29	4.823812
2012-03-01	4.773899
2012-03-02	4.742843
2012-03-05	4.718441
2012-03-06	4.637471
2012-03-07	4.730641
2012-03-08	4.763917
2012-03-09	4.771681
2012-03-12	4.695148
2012-03-13	4.697366
2012-03-14	4.700694
2012-03-15	4.849323
2012-03-16	4.875942
2012-03-19	4.90922
2012-03-20	4.841558
2012-03-21	4.796084
2012-03-22	4.742843
2012-03-23	4.711786
2012-03-26	4.58312
2012-03-27	4.546517
2012-03-28	4.466658
2012-03-29	4.491059
2012-03-30	4.469985
2012-04-02	4.569811
2012-04-03	4.605304
2012-04-04	4.501042
2012-04-05	4.529881
2012-04-09	4.442255
2012-04-10	4.325791
2012-04-11	4.326901
2012-04-12	4.370159
2012-04-13	4.330228
2012-04-16	4.265897
2012-04-17	4.288078
2012-04-18	4.325791
2012-04-19	4.391232
2012-04-20	4.425618
2012-04-23	4.416744
2012-04-24	4.445582
2012-04-25	4.447802
2012-04-26	4.454457
2012-04-27	4.445582
2012-04-30	4.654108
2012-05-01	4.743952
2012-05-02	4.881782
2012-05-03	4.771047
2012-05-04	4.781649
2012-05-07	4.732172
2012-05-08	4.700364
2012-05-09	4.699186
2012-05-10	4.767511
2012-05-11	4.753375
2012-05-14	4.633215
2012-05-15	4.588452
2012-05-16	4.569603
2012-05-17	4.528372
2012-05-18	4.293941
2012-05-21	4.365802
2012-05-22	4.448264
2012-05-23	4.43295
2012-05-24	4.451798
2012-05-25	4.437662
2012-05-29	4.428236
2012-05-30	4.352843
2012-05-31	4.279805
2012-06-01	4.171427
2012-06-04	4.052444
2012-06-05	4.237395
2012-06-06	4.376404
2012-06-07	4.358734
2012-06-08	4.423524
2012-06-11	4.431773
2012-06-12	4.478894
2012-06-13	4.534261
2012-06-14	4.548398
2012-06-15	4.635572
2012-06-18	4.653243
2012-06-19	4.703898
2012-06-20	4.748664
2012-06-21	4.64264
2012-06-22	4.619079
2012-06-25	4.56489
2012-06-26	4.57667
2012-06-27	4.705077
2012-06-28	4.693297
2012-06-29	4.832305
2012-07-02	4.795786
2012-07-03	4.820524
2012-07-05	4.793429
2012-07-06	4.800498
2012-07-09	4.75691
2012-07-10	4.772224
2012-07-11	4.741596
2012-07-12	4.741596
2012-07-13	4.792252
2012-07-16	4.895919
2012-07-17	4.912412
2012-07-18	4.926548
2012-07-19	4.935973
2012-07-20	5.096183
2012-07-23	5.047885
2012-07-24	4.978381
2012-07-25	4.872358
2012-07-26	4.934793
2012-07-27	4.966601
2012-07-30	5.019611
2012-07-31	5.058486
2012-08-01	5.04435
2012-08-02	5.196981
2012-08-03	5.279554
2012-08-06	5.284558
2012-08-07	5.308328
2012-08-08	5.270796
2012-08-09	5.325843
2012-08-10	5.284558
2012-08-13	5.200737
2012-08-14	5.181969
2012-08-15	5.223255
2012-08-16	5.342107
2012-08-17	5.413419
2012-08-20	5.415921
2012-08-21	5.403412
2012-08-22	5.377137
2012-08-23	5.319589
2012-08-24	5.324594
2012-08-27	5.408415
2012-08-28	5.418424
2012-08-29	5.484731
2012-08-30	5.473471
2012-08-31	5.498493
2012-09-04	5.573558
2012-09-05	5.5648
2012-09-06	5.629856
2012-09-07	5.629856
2012-09-10	5.618596
2012-09-11	5.592322
2012-09-12	5.61109
2012-09-13	5.633608
2012-09-14	5.652375
2012-09-17	5.63236
2012-09-18	5.689907
2012-09-19	5.723686
2012-09-20	5.686154
2012-09-21	5.65613
2012-09-24	5.624851
2012-09-25	5.631107
2012-09-26	5.629856
2012-09-27	5.672392
2012-09-28	5.654878
2012-10-01	5.717432
2012-10-02	5.66864
2012-10-03	5.617346
2012-10-04	5.587319
2012-10-05	5.723686
2012-10-08	5.702419
2012-10-09	5.723686
2012-10-10	5.716181
2012-10-11	5.672392
2012-10-12	5.66989
2012-10-15	5.627353
2012-10-16	5.644869
2012-10-17	5.66864
2012-10-18	5.61109
2012-10-19	5.626102
2012-10-22	5.579813
2012-10-23	5.584816
2012-10-24	5.652375
2012-10-25	5.591071
2012-10-26	5.505999
2012-10-31	5.505999
2012-11-01	5.549787
2012-11-02	5.87063
2012-11-05	5.867978
2012-11-06	5.97139
2012-11-07	5.932941
2012-11-08	5.962109
2012-11-09	5.956807
2012-11-12	5.958133
2012-11-13	5.983323
2012-11-14	5.731421
2012-11-15	5.649222
2012-11-16	5.810968
2012-11-19	5.897145
2012-11-20	5.853396
2012-11-21	5.931618
2012-11-23	5.981997
2012-11-26	5.946201
2012-11-27	5.914382
2012-11-28	6.0284
2012-11-29	6.016468
2012-11-30	6.0284
2012-12-03	5.995255
2012-12-04	5.909078
2012-12-05	6.020446
2012-12-06	6.103971
2012-12-07	6.244504
2012-12-10	6.304165
2012-12-11	6.335983
2012-12-12	6.29621
2012-12-13	6.192798
2012-12-14	6.15435
2012-12-17	6.237874
2012-12-18	6.229919
2012-12-19	6.257761
2012-12-20	6.24318
2012-12-21	6.191471
2012-12-24	6.066847
2012-12-26	5.960783
2012-12-27	5.923661
2012-12-28	5.886542
2012-12-31	6.029725
2013-01-02	6.318749
2013-01-03	6.29621
2013-01-04	6.297536
2013-01-07	6.369132
2013-01-08	6.363825
2013-01-09	6.389017
2013-01-10	6.510989
2013-01-11	6.471215
2013-01-14	6.487125
2013-01-15	6.513641
2013-01-16	6.461935
2013-01-17	6.499057
2013-01-18	6.484474
2013-01-22	6.484474
2013-01-23	6.432768
2013-01-24	6.42879
2013-01-25	6.489778
2013-01-28	6.530878
2013-01-29	6.562696
2013-01-30	6.56137
2013-01-31	6.70323
2013-02-01	6.757588
2013-02-04	6.687321
2013-02-05	6.994463
2013-02-06	6.888358
2013-02-07	6.845081
2013-02-08	6.783653
2013-02-11	6.899527
2013-02-12	6.900925
2013-02-13	7.019594
2013-02-14	6.976313
2013-02-15	6.986086
2013-02-19	7.146638
2013-02-20	7.081022
2013-02-21	7.078229
2013-02-22	7.223423
2013-02-25	7.205276
2013-02-26	7.142448
2013-02-27	7.325339
2013-02-28	7.425857
2013-03-01	7.545923
2013-03-04	7.760921
2013-03-05	7.889364
2013-03-06	7.874006
2013-03-07	7.978714
2013-03-08	8.087609
2013-03-11	8.003845
2013-03-12	7.942415
2013-03-13	7.833521
2013-03-14	7.809786
2013-03-15	7.943812
2013-03-18	7.851668
2013-03-19	7.934039
2013-03-20	7.973129
2013-03-21	8.079231
2013-03-22	8.116927
2013-03-25	8.083423
2013-03-26	8.087609
2013-03-27	8.038746
2013-03-28	8.164394
2013-04-01	8.128098
2013-04-02	8.027575
2013-04-03	7.934039
2013-04-04	7.98709
2013-04-05	7.935435
2013-04-08	8.077836
2013-04-09	8.097382
2013-04-10	8.23839
2013-04-11	8.379394
2013-04-12	8.281668
2013-04-15	8.115533
2013-04-16	8.225824
2013-04-17	8.128098
2013-04-18	8.142058
2013-04-19	8.277479
2013-04-22	8.252351
2013-04-23	8.216051
2013-04-24	8.223032
2013-04-25	8.232804
2013-04-26	8.218843
2013-04-29	8.260725
2013-04-30	8.192316
2013-05-01	8.211861
2013-05-02	8.461546
2013-05-03	8.585659
2013-05-06	8.578362
2013-05-07	8.5842
2013-05-08	8.665968
2013-05-09	8.813442
2013-05-10	8.757957
2013-05-13	8.651368
2013-05-14	8.600261
2013-05-15	8.660127
2013-05-16	8.569598
2013-05-17	8.628001
2013-05-20	8.706852
2013-05-21	8.892291
2013-05-22	8.797382
2013-05-23	8.775479
2013-05-24	8.718533
2013-05-28	8.760878
2013-05-29	8.648445
2013-05-30	8.50389
2013-05-31	8.346195
2013-06-03	8.514112
2013-06-04	8.490752
2013-06-05	8.3973
2013-06-06	8.384161
2013-06-07	8.47907
2013-06-10	8.366636
2013-06-11	8.417742
2013-06-12	8.464468
2013-06-13	8.454246
2013-06-14	8.322833
2013-06-17	8.245447
2013-06-18	8.274647
2013-06-19	8.214782
2013-06-20	7.886251
2013-06-21	8.128634
2013-06-24	8.17682
2013-06-25	8.463009
2013-06-26	8.620704
2013-06-27	8.725835
2013-06-28	8.734593
2013-07-01	8.884988
2013-07-02	8.744815
2013-07-03	8.677648
2013-07-05	8.749196
2013-07-08	8.753575
2013-07-09	9.115693
2013-07-10	9.369759
2013-07-11	9.48657
2013-07-12	9.439845
2013-07-15	9.225205
2013-07-16	9.020784
2013-07-17	9.162418
2013-07-18	9.054368
2013-07-19	9.047065
2013-07-22	9.115693
2013-07-23	9.19892
2013-07-24	9.226664
2013-07-25	9.160959
2013-07-26	9.321573
2013-07-29	9.29237
2013-07-30	9.415022
2013-07-31	9.745016
2013-08-01	9.941071
2013-08-02	9.865082
2013-08-05	9.890919
2013-08-06	9.880279
2013-08-07	10.062655
2013-08-08	10.065695
2013-08-09	10.038337
2013-08-12	9.922833
2013-08-13	9.916753
2013-08-14	9.974505
2013-08-15	9.910676
2013-08-16	9.950191
2013-08-19	9.729816
2013-08-20	9.830125
2013-08-21	9.741977
2013-08-22	9.593034
2013-08-23	9.637111
2013-08-26	9.579355
2013-08-27	9.707021
2013-08-28	9.691824
2013-08-29	9.789092
2013-08-30	9.776933
2013-09-03	9.827085
2013-09-04	9.670545
2013-09-05	9.574796
2013-09-06	9.652308
2013-09-09	9.810369
2013-09-10	9.732859
2013-09-11	9.611274
2013-09-12	9.594554
2013-09-13	9.529203
2013-09-16	9.463852
2013-09-17	9.532243
2013-09-18	9.646229
2013-09-19	9.770852
2013-09-20	9.606712
2013-09-23	9.387862
2013-09-24	9.526164
2013-09-25	9.602152
2013-09-26	9.679666
2013-09-27	9.86356
2013-09-30	9.997304
2013-10-01	10.070253
2013-10-02	9.988189
2013-10-03	10.055058
2013-10-04	10.108251
2013-10-07	10.058096
2013-10-08	9.921313
2013-10-09	9.855963
2013-10-10	10.047458
2013-10-11	10.123446
2013-10-14	10.146246
2013-10-15	9.913715
2013-10-16	10.009462
2013-10-17	10.045938
2013-10-18	10.048976
2013-10-21	10.196398
2013-10-22	10.407653
2013-10-23	10.390937
2013-10-24	10.523158
2013-10-25	10.421331
2013-10-28	10.345341
2013-10-29	10.460847
2013-10-30	10.334702
2013-10-31	10.695489
2013-11-01	10.790436
2013-11-04	10.84582
2013-11-05	10.920194
2013-11-06	10.894876
2013-11-07	10.955004
2013-11-08	10.877468
2013-11-11	11.092674
2013-11-12	11.125906
2013-11-13	10.95184
2013-11-14	10.962916
2013-11-15	11.094259
2013-11-18	11.121159
2013-11-19	10.975574
2013-11-20	11.595881
2013-11-21	12.141812
2013-11-22	12.043701
2013-11-25	12.029461
2013-11-26	11.929769
2013-11-27	11.833241
2013-11-29	11.831661
2013-12-02	11.714562
2013-12-03	11.667089
2013-12-04	11.618032
2013-12-05	11.825331
2013-12-06	11.866473
2013-12-09	11.836407
2013-12-10	12.140229
2013-12-11	11.975657
2013-12-12	12.067437
2013-12-13	12.333282
2013-12-16	12.377592
2013-12-17	12.391834
2013-12-18	12.43772
2013-12-19	12.52317
2013-12-20	12.87921
2013-12-23	13.053274
2013-12-24	12.988399
2013-12-26	12.983651
2013-12-27	12.888705
2013-12-30	12.983651
2013-12-31	12.934596
2014-01-02	12.87921
2014-01-03	12.789013
2014-01-06	12.614953
2014-01-07	12.510511
2014-01-08	12.420315
2014-01-09	12.97574
2014-01-10	13.035874
2014-01-13	13.111826
2014-01-14	13.298552
2014-01-15	13.300134
2014-01-16	13.393499
2014-01-17	13.308047
2014-01-21	13.328619
2014-01-22	13.431474
2014-01-23	13.417233
2014-01-24	13.252662
2014-01-27	12.861805
2014-01-28	13.023211
2014-01-29	12.966246
2014-01-30	13.061191
2014-01-31	13.203605
2014-02-03	13.035874
2014-02-04	12.839651
2014-02-05	12.795381
2014-02-06	12.959588
2014-02-07	13.252585
2014-02-10	13.333085
2014-02-11	13.262247
2014-02-12	13.770972
2014-02-13	14.179883
2014-02-14	13.890102
2014-02-18	14.015673
2014-02-19	13.745211
2014-02-20	13.693696
2014-02-21	13.832144
2014-02-24	14.015673
2014-02-25	14.002797
2014-02-26	14.173444
2014-02-27	14.118707
2014-02-28	14.054314
2014-03-03	14.485766
2014-03-04	14.543716
2014-03-05	14.643534
2014-03-06	14.801304
2014-03-07	14.559819
2014-03-10	14.340875
2014-03-11	14.521178
2014-03-12	14.617775
2014-03-13	14.659631
2014-03-14	14.93653
2014-03-17	14.897889
2014-03-18	14.930089
2014-03-19	14.833497
2014-03-20	14.994488
2014-03-21	14.907555
2014-03-24	14.617775
2014-03-25	14.94941
2014-03-26	15.078202
2014-03-27	14.746561
2014-03-28	15.039561
2014-03-31	15.052444
2014-04-01	15.332562
2014-04-02	15.425935
2014-04-03	15.445255
2014-04-04	15.271391
2014-04-07	14.830279
2014-04-08	14.933312
2014-04-09	15.586924
2014-04-10	15.406615
2014-04-11	15.393735
2014-04-14	15.393735
2014-04-15	15.53219
2014-04-16	15.570825
2014-04-17	15.570825
2014-04-21	15.632004
2014-04-22	15.538624
2014-04-23	15.371202
2014-04-24	15.287487
2014-04-25	15.084642
2014-04-28	15.049225
2014-04-29	15.120056
2014-04-30	15.000929
2014-05-01	15.304232
2014-05-02	15.300958
2014-05-05	15.291148
2014-05-06	15.464467
2014-05-07	16.164278
2014-05-08	16.157732
2014-05-09	16.200249
2014-05-12	16.409534
2014-05-13	16.383375
2014-05-14	16.481482
2014-05-15	16.39646
2014-05-16	16.703852
2014-05-19	16.331051
2014-05-20	16.321243
2014-05-21	16.39646
2014-05-22	16.609016
2014-05-23	16.8183
2014-05-27	16.687496
2014-05-28	16.710388
2014-05-29	16.573042
2014-05-30	16.664606
2014-06-02	16.890245
2014-06-03	16.77252
2014-06-04	17.076643
2014-06-05	17.534468
2014-06-06	17.747021
2014-06-09	17.917068
2014-06-10	17.635834
2014-06-11	17.328445
2014-06-12	17.285933
2014-06-13	17.138775
2014-06-16	17.599867
2014-06-17	17.737213
2014-06-18	17.603138
2014-06-19	17.567163
2014-06-20	17.85821
2014-06-23	17.94977
2014-06-24	17.766645
2014-06-25	19.019106
2014-06-26	18.963512
2014-06-27	19.100859
2014-06-30	19.274176
2014-07-01	19.283985
2014-07-02	19.146639
2014-07-03	19.051804
2014-07-07	18.937353
2014-07-08	18.580904
2014-07-09	18.692089
2014-07-10	18.613607
2014-07-11	18.809818
2014-07-14	18.750952
2014-07-15	18.750952
2014-07-16	18.901379
2014-07-17	18.708439
2014-07-18	18.84252
2014-07-21	18.862137
2014-07-22	19.212044
2014-07-23	19.140099
2014-07-24	19.476923
2014-07-25	19.548864
2014-07-28	19.277441
2014-07-29	19.009293
2014-07-30	18.541666
2014-07-31	18.027901
2014-08-01	17.898642
2014-08-04	18.37262
2014-08-05	18.031221
2014-08-06	18.090881
2014-08-07	18.485313
2014-08-08	18.465431
2014-08-11	18.631155
2014-08-12	18.594702
2014-08-13	18.836664
2014-08-14	19.144917
2014-08-15	19.19795
2014-08-18	18.866491
2014-08-19	19.038849
2014-08-20	19.009016
2014-08-21	19.035532
2014-08-22	18.9361
2014-08-25	19.406763
2014-08-26	19.645412
2014-08-27	19.887375
2014-08-28	20.275183
2014-08-29	20.102821
2014-09-02	20.126024
2014-09-03	20.716019
2014-09-04	20.301699
2014-09-05	20.530403
2014-09-08	20.527086
2014-09-09	20.679554
2014-09-10	20.769051
2014-09-11	20.67293
2014-09-12	20.036533
2014-09-15	19.837658
2014-09-16	19.970238
2014-09-17	20.01996
2014-09-18	20.15917
2014-09-19	20.550287
2014-09-22	20.152542
2014-09-23	19.824402
2014-09-24	20.295071
2014-09-25	19.794569
2014-09-26	20.188999
2014-09-29	20.556917
2014-09-30	20.44754
2014-10-01	20.348101
2014-10-02	19.552608
2014-10-03	19.426653
2014-10-06	18.909582
2014-10-07	18.531717
2014-10-08	18.670933
2014-10-09	17.534039
2014-10-10	17.083256
2014-10-13	15.568501
2014-10-14	15.846927
2014-10-15	17.318588
2014-10-16	18.806831
2014-10-17	19.108456
2014-10-20	19.134972
2014-10-21	19.635471
2014-10-22	19.304012
2014-10-23	19.12834
2014-10-24	18.98913
2014-10-27	18.362679
2014-10-28	18.889694
2014-10-29	19.201263
2014-10-30	19.490458
2014-10-31	19.624969
2014-11-03	19.961245
2014-11-04	19.433292
2014-11-05	19.63842
2014-11-06	20.105839
2014-11-07	20.869186
2014-11-10	20.842278
2014-11-11	20.862461
2014-11-12	20.83219
2014-11-13	20.485832
2014-11-14	20.744761
2014-11-17	21.087763
2014-11-18	21.682968
2014-11-19	21.487928
2014-11-20	21.276075
2014-11-21	21.461025
2014-11-24	21.434126
2014-11-25	21.387045
2014-11-26	21.535007
2014-11-28	19.971333
2014-12-01	19.167637
2014-12-02	19.544262
2014-12-03	20.045311
2014-12-04	19.709036
2014-12-05	19.211353
2014-12-08	17.809088
2014-12-09	18.101645
2014-12-10	17.661129
2014-12-11	17.398832
2014-12-12	17.449278
2014-12-15	16.897779
2014-12-16	16.971766
2014-12-17	18.464825
2014-12-18	18.737206
2014-12-19	18.945692
2014-12-22	18.949055
2014-12-23	19.174362
2014-12-24	19.18445
2014-12-26	19.140734
2014-12-29	19.419844
2014-12-30	19.268517
2014-12-31	19.295424
2015-01-02	19.692223
2015-01-05	18.158812
2015-01-06	17.166807
2015-01-07	17.415644
2015-01-08	17.536707
2015-01-09	17.664492
2015-01-12	17.250872
2015-01-13	16.995304
2015-01-14	17.398832
2015-01-15	17.213879
2015-01-16	17.775463
2015-01-20	17.73847
2015-01-21	18.088196
2015-01-22	18.158812
2015-01-23	18.162176
2015-01-26	19.739298
2015-01-27	20.20336
2015-01-28	19.591341
2015-01-29	19.224802
2015-01-30	19.981421
2015-02-02	20.142832
2015-02-03	19.934336
2015-02-04	19.278744
2015-02-05	19.517765
2015-02-06	20.118731
2015-02-09	19.763609
2015-02-10	19.763609
2015-02-11	19.68166
2015-02-12	19.907024
2015-02-13	20.402142
2015-02-17	20.654818
2015-02-18	20.535303
2015-02-19	20.822134
2015-02-20	21.645048
2015-02-23	21.597242
2015-02-24	21.563101
2015-02-25	21.846508
2015-02-26	21.491392
2015-02-27	21.808949
2015-03-02	21.682602
2015-03-03	21.819191
2015-03-04	21.989923
2015-03-05	21.928459
2015-03-06	21.740658
2015-03-09	21.522125
2015-03-10	21.317249
2015-03-11	21.088472
2015-03-12	20.962132
2015-03-13	20.627502
2015-03-16	20.726524
2015-03-17	21.34798
2015-03-18	21.894314
2015-03-19	21.365049
2015-03-20	21.815779
2015-03-23	22.054794
2015-03-24	21.470903
2015-03-25	21.22164
2015-03-26	21.167004
2015-03-27	21.238716
2015-03-30	21.79529
2015-03-31	21.634808
2015-04-01	21.726995
2015-04-02	21.771387
2015-04-06	21.819191
2015-04-07	21.607485
2015-04-08	22.31089
2015-04-09	22.433813
2015-04-10	22.536255
2015-04-13	22.341623
2015-04-14	22.724056
2015-04-15	22.741131
2015-04-16	22.628447
2015-04-17	22.211872
2015-04-20	22.19138
2015-04-21	22.109432
2015-04-22	22.170893
2015-04-23	22.536255
2015-04-24	22.580641
2015-04-27	22.607962
2015-04-28	22.543087
2015-04-29	22.816248
2015-04-30	22.761618
2015-05-01	23.277218
2015-05-04	23.226002
2015-05-05	22.816248
2015-05-06	22.715754
2015-05-07	23.232101
2015-05-08	23.699924
2015-05-11	23.73805
2015-05-12	23.769234
2015-05-13	23.977161
2015-05-14	23.966766
2015-05-15	23.866266
2015-05-18	23.744982
2015-05-19	23.755375
2015-05-20	23.793499
2015-05-21	24.015284
2015-05-22	24.178154
2015-05-26	23.970228
2015-05-27	24.070724
2015-05-28	23.679134
2015-05-29	23.796963
2015-06-01	23.620224
2015-06-02	23.595963
2015-06-03	23.051897
2015-06-04	22.989517
2015-06-05	23.547449
2015-06-08	23.488535
2015-06-09	23.661812
2015-06-10	23.731119
2015-06-11	23.744982
2015-06-12	23.921709
2015-06-15	24.424198
2015-06-16	24.226675
2015-06-17	24.205879
2015-06-18	24.143497
2015-06-19	23.699924
2015-06-22	22.545948
2015-06-23	22.202871
2015-06-24	22.435057
2015-06-25	21.894451
2015-06-26	22.580606
2015-06-29	22.254854
2015-06-30	22.237526
2015-07-01	21.859797
2015-07-02	22.428127
2015-07-06	22.168217
2015-07-07	22.036531
2015-07-08	21.825142
2015-07-09	22.358814
2015-07-10	22.663773
2015-07-13	22.722685
2015-07-14	22.625652
2015-07-15	22.355354
2015-07-16	22.247923
2015-07-17	21.631083
2015-07-20	21.277609
2015-07-21	20.892946
2015-07-22	20.563736
2015-07-23	20.542938
2015-07-24	20.432051
2015-07-27	20.071644
2015-07-28	20.917204
2015-07-29	21.242952
2015-07-30	20.792456
2015-07-31	20.847897
2015-08-03	20.549873
2015-08-04	20.4135
2015-08-05	19.539335
2015-08-06	19.427444
2015-08-07	19.154705
2015-08-10	19.88201
2015-08-11	20.091806
2015-08-12	20.455463
2015-08-13	20.623302
2015-08-14	20.875063
2015-08-17	21.490475
2015-08-18	21.084858
2015-08-19	20.805128
2015-08-20	19.75613
2015-08-21	19.23163
2015-08-24	18.714127
2015-08-25	18.448376
2015-08-26	18.567265
2015-08-27	19.511364
2015-08-28	20.126774
2015-08-31	19.616262
2015-09-01	18.867977
2015-09-02	18.951895
2015-09-03	19.049805
2015-09-04	18.791056
2015-09-08	18.881962
2015-09-09	18.721119
2015-09-10	18.895952
2015-09-11	18.056755
2015-09-14	17.784014
2015-09-15	17.700094
2015-09-16	18.000805
2015-09-17	17.874929
2015-09-18	17.979824
2015-09-21	18.07074
2015-09-22	17.238537
2015-09-23	16.748999
2015-09-24	16.55319
2015-09-25	16.252478
2015-09-28	14.189449
2015-09-29	13.126465
2015-09-30	14.553098
2015-10-01	15.41328
2015-10-02	16.077644
2015-10-05	16.364368
2015-10-06	16.63711
2015-10-07	17.266508
2015-10-08	17.238537
2015-10-09	17.399382
2015-10-12	16.748999
2015-10-13	16.105618
2015-10-14	15.951761
2015-10-15	16.217512
2015-10-16	16.399338
2015-10-19	16.133589
2015-10-20	15.895818
2015-10-21	15.490204
2015-10-22	15.189492
2015-10-23	14.888782
2015-10-26	14.133503
2015-10-27	14.182456
2015-10-28	14.57408
2015-10-29	14.581073
2015-10-30	15.070604
2015-11-02	15.182497
2015-11-03	15.46241
2015-11-04	14.83881
2015-11-05	14.512837
2015-11-06	14.250646
2015-11-09	13.761686
2015-11-10	13.655392
2015-11-11	13.357763
2015-11-12	12.875892
2015-11-13	12.925498
2015-11-16	14.059315
2015-11-17	13.960104
2015-11-18	14.172694
2015-11-19	14.030968
2015-11-20	13.527837
2015-11-23	13.471145
2015-11-24	13.690822
2015-11-25	13.435713
2015-11-27	13.23021
2015-11-30	13.421542
2015-12-01	13.563267
2015-12-02	12.890064
2015-12-03	11.940495
2015-12-04	10.835023
2015-12-07	9.205166
2015-12-08	9.353978
2015-12-09	10.558656
2015-12-10	10.898801
2015-12-11	9.453186
2015-12-14	9.127213
2015-12-15	9.290202
2015-12-16	9.226424
2015-12-17	8.333543
2015-12-18	7.85876
2015-12-21	8.340632
2015-12-22	8.404408
2015-12-23	9.899627
2015-12-24	9.516964
2015-12-28	9.545308
2015-12-29	9.531137
2015-12-30	9.339806
2015-12-31	9.736641
2016-01-04	9.97049
2016-01-05	9.906713
2016-01-06	8.454014
2016-01-07	7.483181
2016-01-08	7.667428
2016-01-11	7.291851
2016-01-12	6.363539
2016-01-13	5.732855
2016-01-14	7.058001
2016-01-15	6.221812
2016-01-19	5.343106
2016-01-20	4.960443
2016-01-21	5.095083
2016-01-22	6.824151
2016-01-25	6.498179
2016-01-26	7.015484
2016-01-27	6.271418
2016-01-28	6.221812
2016-01-29	6.150949
2016-02-01	6.136776
2016-02-02	5.7612
2016-02-03	5.576954
2016-02-04	5.757094
2016-02-05	5.132121
2016-02-08	2.977807
2016-02-09	3.360143
2016-02-10	3.86012
2016-02-11	4.058642
2016-02-12	4.110109
2016-02-16	4.455682
2016-02-17	4.793901
2016-02-18	5.043891
2016-02-19	5.007128
2016-02-22	5.264469
2016-02-23	4.867428
2016-02-24	5.271821
2016-02-25	4.999776
2016-02-26	5.007128
2016-02-29	5.146828
2016-03-01	5.161532
2016-03-02	5.315938
2016-03-03	5.808562
2016-03-04	6.124725
2016-03-07	6.073256
2016-03-08	5.382111
2016-03-09	5.514459
2016-03-10	5.242412
2016-03-11	5.01448
2016-03-14	5.29388
2016-03-15	5.198295
2016-03-16	5.624747
2016-03-17	5.823267
2016-03-18	5.889441
2016-03-21	5.587984
2016-03-22	5.639452
2016-03-23	5.257116
2016-03-24	5.146828
2016-03-28	4.911543
2016-03-29	5.01448
2016-03-30	5.029186
2016-03-31	5.242412
2016-04-01	5.058597
2016-04-04	4.815961
2016-04-05	4.742433
2016-04-06	5.102712
2016-04-07	5.198295
2016-04-08	5.918851
2016-04-11	6.27913
2016-04-12	6.323245
2016-04-13	6.882044
2016-04-14	6.87469
2016-04-15	6.580586
2016-04-18	7.242321
2016-04-19	7.595245
2016-04-20	7.683478
2016-04-21	8.234925
2016-04-22	8.573145
2016-04-25	8.315802
2016-04-26	8.668728
2016-04-27	9.771619
2016-04-28	9.278992
2016-04-29	9.139297
2016-05-02	8.911364
2016-05-03	8.84519
2016-05-04	9.18785
2016-05-05	9.84305
2016-05-06	9.745147
2016-05-09	9.556871
2016-05-10	9.654775
2016-05-11	9.858113
2016-05-12	9.76774
2016-05-13	9.519218
2016-05-16	9.632181
2016-05-17	9.82799
2016-05-18	9.541809
2016-05-19	9.82799
2016-05-20	9.624654
2016-05-23	9.53428
2016-05-24	9.18785
2016-05-25	8.38203
2016-05-26	8.29166
2016-05-27	8.766113
2016-05-31	9.519218
2016-06-01	10.287382
2016-06-02	10.249724
2016-06-03	10.227134
2016-06-06	10.332567
2016-06-07	10.392817
2016-06-08	10.596155
2016-06-09	10.189478
2016-06-10	9.745147
2016-06-13	9.692431
2016-06-14	9.556871
2016-06-15	9.526748
2016-06-16	9.760211
2016-06-17	9.782804
2016-06-20	9.18785
2016-06-21	10.784431
2016-06-22	10.807022
2016-06-23	10.807022
2016-06-24	10.415408
2016-06-27	10.242196
2016-06-28	10.852209
2016-06-29	11.070609
2016-06-30	10.822083
2016-07-01	10.392817
2016-07-05	10.62628
2016-07-06	11.37185
2016-07-07	11.507407
2016-07-08	11.733339
2016-07-11	11.673088
2016-07-12	12.087296
2016-07-13	11.989393
2016-07-14	12.350881
2016-07-15	12.305696
2016-07-18	12.802744
2016-07-19	12.659655
2016-07-20	12.795213
2016-07-21	12.712371
2016-07-22	12.697311
2016-07-25	12.162606
2016-07-26	12.418662
2016-07-27	12.38854
2016-07-28	12.591875
2016-07-29	12.493974
2016-08-01	11.748401
2016-08-02	11.966803
2016-08-03	12.667186
2016-08-04	12.280315
2016-08-05	12.648035
2016-08-08	12.870198
2016-08-09	12.808911
2016-08-10	12.724643
2016-08-11	12.985111
2016-08-12	13.268562
2016-08-15	13.651604
2016-08-16	13.666925
2016-08-17	13.559674
2016-08-18	13.804821
2016-08-19	13.820141
2016-08-22	13.689906
2016-08-23	13.90441
2016-08-24	13.835462
2016-08-25	13.797158
2016-08-26	13.935053
2016-08-29	13.927392
2016-08-30	13.965697
2016-08-31	13.712889
2016-09-01	13.643942
2016-09-02	13.666925
2016-09-06	13.850784
2016-09-07	14.164882
2016-09-08	14.524937
2016-09-09	13.873769
2016-09-12	13.789495
2016-09-13	12.877858
2016-09-14	12.785928
2016-09-15	12.762947
2016-09-16	12.379903
2016-09-19	12.579087
2016-09-20	12.586748
2016-09-21	12.862539
2016-09-22	12.954467
2016-09-23	12.877858
2016-09-26	12.81657
2016-09-27	12.571424
2016-09-28	12.793591
2016-09-29	12.70166
2016-09-30	12.862539
2016-10-03	12.801249
2016-10-04	12.42587
2016-10-05	12.709323
2016-10-06	12.632713
2016-10-07	12.219027
2016-10-10	12.525459
2016-10-11	12.234349
2016-10-12	11.935578
2016-10-13	11.996862
2016-10-14	12.04283
2016-10-17	12.050489
2016-10-18	12.464174
2016-10-19	12.724643
2016-10-20	12.62505
2016-10-21	12.632713
2016-10-24	12.62505
2016-10-25	12.3416
2016-10-26	12.065811
2016-10-27	11.759377
2016-10-28	11.560196
2016-10-31	11.437623
2016-11-01	11.246101
2016-11-02	11.177155
2016-11-03	10.946658
2016-11-04	10.782575
2016-11-07	10.993538
2016-11-08	10.938845
2016-11-09	12.775007
2016-11-10	12.743754
2016-11-11	13.275067
2016-11-14	13.150051
2016-11-15	13.173494
2016-11-16	12.80626
2016-11-17	13.025039
2016-11-18	13.509474
2016-11-21	14.001722
2016-11-22	13.876705
2016-11-23	13.720434
2016-11-25	13.517283
2016-11-28	12.845328
2016-11-29	12.87658
2016-11-30	13.306322
2016-12-01	12.743754
2016-12-02	12.87658
2016-12-05	12.55623
2016-12-06	12.939089
2016-12-07	13.275067
2016-12-08	13.509474
2016-12-09	13.423525
2016-12-12	13.361017
2016-12-13	13.454775
2016-12-14	13.361017
2016-12-15	13.650113
2016-12-16	13.900146
2016-12-19	14.032974
2016-12-20	14.642423
2016-12-21	14.65805
2016-12-22	15.072165
2016-12-23	15.306567
2016-12-27	15.259686
2016-12-28	15.040909
2016-12-29	15.142485
2016-12-30	15.08779
2017-01-03	14.978403
2017-01-04	15.290942
2017-01-05	15.298756
2017-01-06	15.517529
2017-01-09	14.783066
2017-01-10	14.642423
2017-01-11	14.712744
2017-01-12	14.689302
2017-01-13	14.533035
2017-01-17	14.486155
2017-01-18	14.064225
2017-01-19	13.837635
2017-01-20	14.079854
2017-01-23	14.259564
2017-01-24	14.548662
2017-01-25	14.783066
2017-01-26	14.814319
2017-01-27	14.501781
2017-01-30	14.079854
2017-01-31	14.025161
2017-02-01	14.13455
2017-02-02	14.462716
2017-02-03	15.117404
2017-02-06	14.712687
2017-02-07	15.117404
2017-02-08	15.276117
2017-02-09	15.196761
2017-02-10	14.950754
2017-02-13	14.744431
2017-02-14	15.379281
2017-02-15	15.363409
2017-02-16	15.172952
2017-02-17	15.125341
2017-02-21	15.117404
2017-02-22	15.014242
2017-02-23	15.061852
2017-02-24	14.974565
2017-02-27	15.045982
2017-02-28	14.950754
2017-03-01	15.117404
2017-03-02	15.165019
2017-03-03	15.299927
2017-03-06	15.403088
2017-03-07	15.284052
2017-03-08	14.92695
2017-03-09	14.712687
2017-03-10	14.688877
2017-03-13	14.831719
2017-03-14	14.585714
2017-03-15	15.125341
2017-03-16	15.069791
2017-03-17	15.045982
2017-03-20	14.871401
2017-03-21	14.768239
2017-03-22	14.522229
2017-03-23	14.649199
2017-03-24	14.998372
2017-03-27	14.530167
2017-03-28	14.903145
2017-03-29	15.331664
2017-03-30	15.411025
2017-03-31	15.65703
2017-04-03	15.43483
2017-04-04	15.299927
2017-04-05	15.149146
2017-04-06	15.418961
2017-04-07	15.291991
2017-04-10	15.212632
2017-04-11	14.998372
2017-04-12	14.879336
2017-04-13	14.601588
2017-04-17	14.831719
2017-04-18	14.728558
2017-04-19	14.633333
2017-04-20	14.784108
2017-04-21	14.49049
2017-04-24	14.442877
2017-04-25	14.720621
2017-04-26	15.180887
2017-04-27	14.776174
2017-04-28	14.807915
2017-05-01	14.839656
2017-05-02	14.546039
2017-05-03	14.458746
2017-05-04	13.577889
2017-05-05	14.093707
2017-05-08	14.250975
2017-05-09	14.073545
2017-05-10	15.07361
2017-05-11	14.984897
2017-05-12	15.105872
2017-05-15	15.355887
2017-05-16	15.186523
2017-05-17	14.589709
2017-05-18	14.492927
2017-05-19	15.017158
2017-05-22	14.896181
2017-05-23	14.92844
2017-05-24	14.968765
2017-05-25	14.783271
2017-05-26	14.484861
2017-05-30	13.847721
2017-05-31	13.742876
2017-06-01	13.871917
2017-06-02	13.759005
2017-06-05	13.686419
2017-06-06	13.871917
2017-06-07	13.420272
2017-06-08	13.129931
2017-06-09	13.323494
2017-06-12	13.476727
2017-06-13	13.428338
2017-06-14	12.928305
2017-06-15	12.863782
2017-06-16	13.267038
2017-06-19	12.960565
2017-06-20	12.452465
2017-06-21	12.218577
2017-06-22	12.283098
2017-06-23	13.03315
2017-06-26	13.234775
2017-06-27	13.315428
2017-06-28	13.904179
2017-06-29	14.347756
2017-06-30	14.484861
2017-07-03	14.630032
2017-07-05	14.234846
2017-07-06	14.162258
2017-07-07	14.315496
2017-07-10	14.396145
2017-07-11	14.444537
2017-07-12	14.452603
2017-07-13	14.396145
2017-07-14	14.549382
2017-07-17	14.428405
2017-07-18	14.517121
2017-07-19	14.517121
2017-07-20	14.549382
2017-07-21	14.24291
2017-07-24	14.218715
2017-07-25	14.428405
2017-07-26	14.35582
2017-07-27	14.460669
2017-07-28	14.396145
2017-07-31	14.250975
2017-08-01	14.509056
2017-08-02	14.35582
2017-08-03	14.187796
2017-08-04	14.20419
2017-08-07	14.179599
2017-08-08	13.687823
2017-08-09	14.482863
2017-08-10	14.122225
2017-08-11	13.925515
2017-08-14	13.982887
2017-08-15	14.515647
2017-08-16	14.02387
2017-08-17	13.728805
2017-08-18	13.663235
2017-08-21	13.310793
2017-08-22	13.540291
2017-08-23	13.794374
2017-08-24	13.769786
2017-08-25	13.851748
2017-08-28	13.818964
2017-08-29	13.859945
2017-08-30	13.884535
2017-08-31	14.236975
2017-09-01	14.556631
2017-09-05	14.532041
2017-09-06	14.622202
2017-09-07	14.622202
2017-09-08	14.573025
2017-09-11	14.507453
2017-09-12	14.548434
2017-09-13	14.548434
2017-09-14	14.343526
2017-09-15	14.33533
2017-09-18	14.458275
2017-09-19	14.556631
2017-09-20	14.507453
2017-09-21	14.187796
2017-09-22	14.20419
2017-09-25	14.384508
2017-09-26	14.277959
2017-09-27	14.327133
2017-09-28	14.26976
2017-09-29	14.245169
2017-10-02	14.097636
2017-10-03	14.29435
2017-10-04	14.327133
2017-10-05	14.622202
2017-10-06	14.687772
2017-10-09	14.671379
2017-10-10	14.753341
2017-10-11	14.950054
2017-10-12	14.917269
2017-10-13	14.753341
2017-10-16	14.548434
2017-10-17	14.540238
2017-10-18	14.302547
2017-10-19	14.33533
2017-10-20	14.146816
2017-10-23	13.859945
2017-10-24	13.786178
2017-10-25	13.196045
2017-10-26	13.704214
2017-10-27	14.482863
2017-10-30	14.499257
2017-10-31	14.548434
2017-11-01	14.687772
2017-11-02	14.351724
2017-11-03	14.581221
2017-11-06	15.060454
2017-11-07	15.585526
2017-11-08	14.827089
2017-11-09	14.593721
2017-11-10	14.560383
2017-11-13	13.935296
2017-11-14	13.876954
2017-11-15	13.65192
2017-11-16	13.868619
2017-11-17	13.59358
2017-11-20	13.485233
2017-11-21	13.376884
2017-11-22	13.476897
2017-11-24	13.526904
2017-11-27	13.418556
2017-11-28	13.385218
2017-11-29	13.160186
2017-11-30	13.5019
2017-12-01	13.685262
2017-12-04	13.943629
2017-12-05	13.826947
2017-12-06	13.560242
2017-12-07	13.560242
2017-12-08	13.393553
2017-12-11	13.360213
2017-12-12	13.610249
2017-12-13	13.751936
2017-12-14	13.918627
2017-12-15	13.97697
2017-12-18	14.168661
2017-12-19	14.051979
2017-12-20	14.018641
2017-12-21	14.010305
2017-12-22	14.043646
2017-12-26	14.201999
2017-12-27	14.168661
2017-12-28	14.327019
2017-12-29	14.385358
2018-01-02	14.785414
2018-01-03	14.852091
2018-01-04	14.635396
2018-01-05	14.402029
2018-01-08	14.410362
2018-01-09	14.418698
2018-01-10	14.42703
2018-01-11	14.860426
2018-01-12	15.027115
2018-01-16	15.235478
2018-01-17	15.177136
2018-01-18	14.918768
2018-01-19	14.927099
2018-01-22	15.452177
2018-01-23	15.985584
2018-01-24	15.760552
2018-01-25	15.752214
2018-01-26	15.79389
2018-01-29	15.427171
2018-01-30	15.160468
2018-01-31	15.252148
2018-02-01	15.152134
2018-02-02	14.568716
2018-02-05	14.168661
2018-02-06	14.568716
2018-02-07	14.700197
2018-02-08	14.080973
2018-02-09	14.097939
2018-02-12	14.454205
2018-02-13	14.708679
2018-02-14	14.734127
2018-02-15	14.555993
2018-02-16	14.216695
2018-02-20	14.00463
2018-02-21	13.792567
2018-02-22	14.140351
2018-02-23	14.165798
2018-02-26	13.860427
2018-02-27	13.52961
2018-02-28	13.147897
2018-03-01	13.249686
2018-03-02	13.266651
2018-03-05	13.351478
2018-03-06	13.198792
2018-03-07	13.029141
2018-03-08	13.097
2018-03-09	13.181827
2018-03-12	13.164862
2018-03-13	13.012177
2018-03-14	12.85949
2018-03-15	12.333575
2018-03-16	12.605016
2018-03-19	12.274197
2018-03-20	12.342058
2018-03-21	12.435366
2018-03-22	12.231786
2018-03-23	12.0791
2018-03-26	12.231786
2018-03-27	12.04517
2018-03-28	12.087583
2018-03-29	12.053654
2018-04-02	12.019723
2018-04-03	12.138478
2018-04-04	12.104548
2018-04-05	12.189372
2018-04-06	12.036687
2018-04-09	12.104548
2018-04-10	12.613499
2018-04-11	12.638947
2018-04-12	12.571086
2018-04-13	12.511707
2018-04-16	12.944317
2018-04-17	13.317547
2018-04-18	13.402372
2018-04-19	13.66533
2018-04-20	13.461749
2018-04-23	13.538092
2018-04-24	13.15638
2018-04-25	13.258168
2018-04-26	13.444783
2018-04-27	13.309063
2018-04-30	13.402372
2018-05-01	13.453266
2018-05-02	13.572021
2018-05-03	13.818015
2018-05-04	14.081668
2018-05-07	14.280489
2018-05-08	14.427443
2018-05-09	14.531174
2018-05-10	14.176755
2018-05-11	14.237265
2018-05-14	14.366933
2018-05-15	14.280489
2018-05-16	14.427443
2018-05-17	14.626263
2018-05-18	14.626263
2018-05-21	14.773217
2018-05-22	14.851018
2018-05-23	14.851018
2018-05-24	14.505244
2018-05-25	14.47931
2018-05-29	14.522529
2018-05-30	15.032549
2018-05-31	14.937462
2018-06-01	15.11899
2018-06-04	15.283235
2018-06-05	15.222725
2018-06-06	15.101703
2018-06-07	15.283235
2018-06-08	15.23137
2018-06-11	15.464767
2018-06-12	15.35239
2018-06-13	15.084417
2018-06-14	15.101703
2018-06-15	14.868307
2018-06-18	14.807794
2018-06-19	14.816437
2018-06-20	14.954748
2018-06-21	14.729997
2018-06-22	15.058482
2018-06-25	14.851018
2018-06-26	14.954748
2018-06-27	14.859662
2018-06-28	14.963391
2018-06-29	14.911527
2018-07-02	14.894238
2018-07-03	15.023902
2018-07-05	15.21408
2018-07-06	15.326458
2018-07-09	15.23137
2018-07-10	15.248657
2018-07-11	15.144925
2018-07-12	15.041191
2018-07-13	14.902882
2018-07-16	14.738639
2018-07-17	14.764572
2018-07-18	14.833727
2018-07-19	15.300524
2018-07-20	15.27459
2018-07-23	15.438832
2018-07-24	15.309166
2018-07-25	15.542565
2018-07-26	15.76732
2018-07-27	15.577145
2018-07-30	15.706808
2018-07-31	15.741386
2018-08-01	15.931562
2018-08-02	16.381069
2018-08-03	16.622679
2018-08-06	16.666605
2018-08-07	16.253674
2018-08-08	16.209747
2018-08-09	16.060389
2018-08-10	15.911031
2018-08-13	15.296027
2018-08-14	15.45417
2018-08-15	15.269668
2018-08-16	15.287239
2018-08-17	15.7441
2018-08-20	15.97253
2018-08-21	15.911031
2018-08-22	16.042816
2018-08-23	15.946172
2018-08-24	16.060389
2018-08-27	15.937385
2018-08-28	15.585956
2018-08-29	15.603529
2018-08-30	15.445384
2018-08-31	15.375097
2018-09-04	15.603529
2018-09-05	15.638669
2018-09-06	15.383883
2018-09-07	15.252098
2018-09-10	15.51567
2018-09-11	15.489311
2018-09-12	15.577171
2018-09-13	15.427814
2018-09-14	15.348741
2018-09-17	15.216954
2018-09-18	15.287239
2018-09-19	15.419026
2018-09-20	15.357525
2018-09-21	15.51567
2018-09-24	15.462955
2018-09-25	15.357525
2018-09-26	15.067595
2018-09-27	15.076381
2018-09-28	15.313598
2018-10-01	15.893459
2018-10-02	15.708957
2018-10-03	15.612314
2018-10-04	15.392671
2018-10-05	15.375097
2018-10-08	15.208166
2018-10-09	15.304812
2018-10-10	14.99731
2018-10-11	14.698593
2018-10-12	14.944596
2018-10-15	14.979738
2018-10-16	14.944596
2018-10-17	15.006096
2018-10-18	14.777666
2018-10-19	14.988523
2018-10-22	14.470161
2018-10-23	14.127519
2018-10-24	13.477371
2018-10-25	13.784873
2018-10-26	13.582801
2018-10-29	13.038084
2018-10-30	13.178656
2018-10-31	13.653087
2018-11-01	13.907873
2018-11-02	13.758514
2018-11-05	14.030875
2018-11-06	13.969374
2018-11-07	14.305285
2018-11-08	14.385902
2018-11-09	14.027597
2018-11-12	13.794702
2018-11-13	13.373694
2018-11-14	13.05122
2018-11-15	13.212458
2018-11-16	13.257245
2018-11-19	13.257245
2018-11-20	12.809365
2018-11-21	13.149755
2018-11-23	12.746662
2018-11-26	12.916857
2018-11-27	12.979561
2018-11-28	13.096009
2018-11-29	13.194542
2018-11-30	13.05122
2018-12-03	13.579719
2018-12-04	12.773536
2018-12-06	12.737705
2018-12-07	12.764578
2018-12-10	12.406274
2018-12-11	12.612298
2018-12-12	12.818324
2018-12-13	13.05122
2018-12-14	12.603341
2018-12-17	12.003181
2018-12-18	11.591132
2018-12-19	11.618005
2018-12-20	11.501555
2018-12-21	10.964101
2018-12-24	10.569966
2018-12-26	11.591132
2018-12-27	11.501555
2018-12-28	11.438854
2018-12-31	11.832987
2019-01-02	11.868816
2019-01-03	11.949435
2019-01-04	12.701875
2019-01-07	12.952686
2019-01-08	13.239329
2019-01-09	13.53493
2019-01-10	13.525973
2019-01-11	13.472228
2019-01-14	13.176627
2019-01-15	13.319948
2019-01-16	13.122881
2019-01-17	13.08705
2019-01-18	13.05122
2019-01-22	12.630214
2019-01-23	12.576468
2019-01-24	12.648129
2019-01-25	12.845197
2019-01-28	12.71979
2019-01-29	12.791451
2019-01-30	13.140798
2019-01-31	13.176627
2019-02-01	13.472228
2019-02-04	13.508058
2019-02-05	13.525973
2019-02-06	13.418481
2019-02-07	13.176172
2019-02-08	13.130453
2019-02-11	13.029872
2019-02-12	13.295041
2019-02-13	13.551066
2019-02-14	13.724799
2019-02-15	13.761374
2019-02-19	14.282568
2019-02-20	14.172843
2019-02-21	14.209418
2019-02-22	14.053974
2019-02-25	14.053974
2019-02-26	13.63336
2019-02-27	13.587642
2019-02-28	13.523636
2019-03-01	13.697366
2019-03-04	13.706511
2019-03-05	13.669935
2019-03-06	13.578498
2019-03-07	13.733943
2019-03-08	13.551066
2019-03-11	13.871099
2019-03-12	13.916818
2019-03-13	13.861955
2019-03-14	13.788804
2019-03-15	13.770518
2019-03-18	13.989967
2019-03-19	14.099692
2019-03-20	14.154554
2019-03-21	14.181987
2019-03-22	14.063118
2019-03-25	13.989967
2019-03-26	13.97168
2019-03-27	13.889386
2019-03-28	13.916818
2019-03-29	14.053974
2019-04-01	14.264281
2019-04-02	14.172843
2019-04-03	14.181987
2019-04-04	14.200274
2019-04-05	14.392294
2019-04-08	14.383149
2019-04-09	14.145411
2019-04-10	14.108837
2019-04-11	14.163698
2019-04-12	14.218562
2019-04-15	14.090549
2019-04-16	14.035687
2019-04-17	14.026543
2019-04-18	13.97168
2019-04-22	14.245993
2019-04-23	14.227706
2019-04-24	14.090549
2019-04-25	13.953393
2019-04-26	13.89853
2019-04-29	13.944248
2019-04-30	13.825379
2019-05-01	13.861955
2019-05-02	13.63336
2019-05-03	14.04483
2019-05-06	14.124126
2019-05-07	14.096139
2019-05-08	14.068151
2019-05-09	13.881572
2019-05-10	14.096139
2019-05-13	13.788281
2019-05-14	13.881572
2019-05-15	13.937546
2019-05-16	13.844256
2019-05-17	13.80694
2019-05-20	13.741637
2019-05-21	13.928218
2019-05-22	13.918888
2019-05-23	13.499083
2019-05-24	13.62036
2019-05-28	13.368477
2019-05-29	13.424451
2019-05-30	13.004645
2019-05-31	12.818065
2019-06-03	13.097936
2019-06-04	13.499083
2019-06-05	13.041961
2019-06-06	13.181896
2019-06-07	13.116593
2019-06-10	13.15391
2019-06-11	13.359147
2019-06-12	13.284515
2019-06-13	13.359147
2019-06-14	13.219213
2019-06-17	13.125922
2019-06-18	13.191226
2019-06-19	13.191226
2019-06-20	13.293844
2019-06-21	13.452437
2019-06-24	13.247199
2019-06-25	13.041961
2019-06-26	13.200554
2019-06-27	13.079277
2019-06-28	13.135251
2019-07-01	13.15391
2019-07-02	13.228541
2019-07-03	13.508411
2019-07-05	13.62036
2019-07-08	13.629688
2019-07-09	13.545728
2019-07-10	13.71365
2019-07-11	13.760295
2019-07-12	13.825598
2019-07-15	13.909558
2019-07-16	13.946875
2019-07-17	14.049496
2019-07-18	13.965533
2019-07-19	14.086811
2019-07-22	14.058824
2019-07-23	13.965533
2019-07-24	13.984192
2019-07-25	13.825598
2019-07-26	13.732308
2019-07-29	13.443109
2019-07-30	13.405792
2019-07-31	13.415122
2019-08-01	13.340489
2019-08-02	13.191226
2019-08-05	12.68112
2019-08-06	12.919487
2019-08-07	12.709724
2019-08-08	13.377151
2019-08-09	13.253201
2019-08-12	12.757398
2019-08-13	12.881349
2019-08-14	12.528565
2019-08-15	12.480892
2019-08-16	12.84321
2019-08-19	13.100646
2019-08-20	13.157855
2019-08-21	13.186459
2019-08-22	13.043439
2019-08-23	12.566704
2019-08-26	12.576238
2019-08-27	12.41415
2019-08-28	12.671585
2019-08-29	12.84321
2019-08-30	12.976695
2019-09-03	12.967161
2019-09-04	12.976695
2019-09-05	12.852744
2019-09-06	12.747863
2019-09-09	13.281805
2019-09-10	13.300874
2019-09-11	13.386686
2019-09-12	13.27227
2019-09-13	13.367617
2019-09-16	12.805071
2019-09-17	12.68112
2019-09-18	12.871814
2019-09-19	12.948092
2019-09-20	13.081577
2019-09-23	12.919487
2019-09-24	12.652516
2019-09-25	12.633447
2019-09-26	12.490427
2019-09-27	12.490427
2019-09-30	12.471356
2019-10-01	12.385546
2019-10-02	12.080436
2019-10-03	12.27113
2019-10-04	12.299733
2019-10-07	12.118574
2019-10-08	11.78486
2019-10-09	11.756256
2019-10-10	11.842069
2019-10-11	11.985088
2019-10-14	11.889742
2019-10-15	11.908811
2019-10-16	11.96602
2019-10-17	11.975554
2019-10-18	12.147179
2019-10-21	12.261595
2019-10-22	12.109039
2019-10-23	12.013693
2019-10-24	11.861137
2019-10-25	11.96602
2019-10-28	11.78486
2019-10-29	11.775326
2019-10-30	11.775326
2019-10-31	12.004158
2019-11-01	12.309268
2019-11-04	12.343447
2019-11-05	12.362977
2019-11-06	11.972362
2019-11-07	11.825881
2019-11-08	11.9333
2019-11-11	11.689166
2019-11-12	11.386438
2019-11-13	10.89817
2019-11-14	10.917701
2019-11-15	11.347377
2019-11-18	11.064181
2019-11-19	11.113008
2019-11-20	11.093477
2019-11-21	11.630573
2019-11-22	11.650105
2019-11-25	12.011423
2019-11-26	11.6794
2019-11-27	11.591512
2019-11-29	11.53292
2019-12-02	11.357142
2019-12-03	11.132538
2019-12-04	11.064181
2019-12-05	11.327847
2019-12-06	11.230192
2019-12-09	11.513389
2019-12-10	11.757524
2019-12-11	11.874708
2019-12-12	12.343447
2019-12-13	12.431334
2019-12-16	12.499693
2019-12-17	12.323915
2019-12-18	12.646173
2019-12-19	12.616878
2019-12-20	12.763357
2019-12-23	12.743827
2019-12-24	12.763357
2019-12-26	12.831716
2019-12-27	12.685235
2019-12-30	12.411804
2019-12-31	12.528989
2020-01-02	13.027023
2020-01-03	13.232097
2020-01-06	13.359047
2020-01-07	13.31022
2020-01-08	13.027023
2020-01-09	13.114912
2020-01-10	12.958666
2020-01-13	13.193035
2020-01-14	13.241862
2020-01-15	13.18327
2020-01-16	13.261393
2020-01-17	13.241862
2020-01-21	12.773123
2020-01-22	12.411804
2020-01-23	12.685235
2020-01-24	12.450866
2020-01-27	12.31415
2020-01-28	12.489927
2020-01-29	12.54852
2020-01-30	12.480162
2020-01-31	12.29462
2020-02-03	12.499693
2020-02-04	12.577816
2020-02-05	12.695001
2020-02-06	12.71
2020-02-07	12.56
2020-02-10	12.19
2020-02-11	12.37
2020-02-12	12.83
2020-02-13	12.81
2020-02-14	12.72
2020-02-18	12.7
2020-02-19	12.68
2020-02-20	12.54
2020-02-21	12.14
2020-02-24	11.55
2020-02-25	11.22
2020-02-26	10.78
2020-02-27	10.75
2020-02-28	11.08
2020-03-02	11.83
2020-03-03	11.55
2020-03-04	11.54
2020-03-05	11.25
2020-03-06	10.21
2020-03-09	7.37
2020-03-10	7.63
2020-03-11	7.05
2020-03-12	6.3
2020-03-13	6.73
2020-03-16	5.75
2020-03-17	5.25
2020-03-18	4.56
2020-03-19	5.45
2020-03-20	5.25
2020-03-23	4.79
2020-03-24	4.8
2020-03-25	4.92
2020-03-26	5.08
2020-03-27	4.77
2020-03-30	4.53
2020-03-31	4.6
2020-04-01	5.03
2020-04-02	5.22
2020-04-03	5.47
2020-04-06	5.54
2020-04-07	5.58
2020-04-08	5.65
2020-04-09	5.81
2020-04-13	5.96
2020-04-14	6.14
2020-04-15	5.89
2020-04-16	5.69
2020-04-17	6.16
