2011-03-03	27.761168
2011-03-04	27.669792
2011-03-07	27.742893
2011-03-08	27.852547
2011-03-09	27.669792
2011-03-10	26.99358
2011-03-11	27.03013
2011-03-14	26.81082
2011-03-15	26.335644
2011-03-16	25.787365
2011-03-17	26.280819
2011-03-18	26.353924
2011-03-21	26.66461
2011-03-22	26.66461
2011-03-23	26.701162
2011-03-24	26.975304
2011-03-25	26.920475
2011-03-28	26.957029
2011-03-29	27.194618
2011-03-30	27.48703
2011-03-31	27.468752
2011-04-01	28.108414
2011-04-04	28.492208
2011-04-05	28.784626
2011-04-06	28.674965
2011-04-07	28.382547
2011-04-08	28.729795
2011-04-11	28.327723
2011-04-12	27.907379
2011-04-13	27.998755
2011-04-14	27.596687
2011-04-15	27.688065
2011-04-18	27.066683
2011-04-19	27.48703
2011-04-20	27.688065
2011-04-21	27.779446
2011-04-25	27.779446
2011-04-26	27.468752
2011-04-27	27.249445
2011-04-28	27.450476
2011-04-29	28.071863
2011-05-02	27.79772
2011-05-03	27.413925
2011-05-04	27.011856
2011-05-05	26.737715
2011-05-06	26.920475
2011-05-09	27.066683
2011-05-10	27.688065
2011-05-11	27.413925
2011-05-12	27.03013
2011-05-13	27.03013
2011-05-16	26.865646
2011-05-17	26.792543
2011-05-18	27.212891
2011-05-19	27.139788
2011-05-20	27.084957
2011-05-23	26.591509
2011-05-24	26.591509
2011-05-25	26.682888
2011-05-26	26.682888
2011-05-27	26.682888
2011-05-31	26.975304
2011-06-01	26.481853
2011-06-02	26.554955
2011-06-03	26.50013
2011-06-06	26.134609
2011-06-07	26.207712
2011-06-08	25.787365
2011-06-09	26.207712
2011-06-10	25.988401
2011-06-13	25.787365
2011-06-14	26.299097
2011-06-15	25.951847
2011-06-16	25.494949
2011-06-17	25.988401
2011-06-20	26.244265
2011-06-21	26.682888
2011-06-22	26.518402
2011-06-23	26.390472
2011-06-24	26.390472
2011-06-27	26.463577
2011-06-28	26.737715
2011-06-29	26.99358
2011-06-30	27.249445
2011-07-01	27.523582
2011-07-05	27.669792
2011-07-06	27.870825
2011-07-07	28.218067
2011-07-08	27.614962
2011-07-11	27.194618
2011-07-12	27.084957
2011-07-13	27.359098
2011-07-14	27.359098
2011-07-15	27.084957
2011-07-18	26.755993
2011-07-19	26.902201
2011-07-20	27.03013
2011-07-21	27.322544
2011-07-22	27.468752
2011-07-25	27.267719
2011-07-26	27.505306
2011-07-27	27.158064
2011-07-28	27.158064
2011-07-29	26.3722
2011-08-01	26.280819
2011-08-02	26.463577
2011-08-03	26.152885
2011-08-04	24.635981
2011-08-05	24.087706
2011-08-08	21.931141
2011-08-09	22.406315
2011-08-10	23.100803
2011-08-11	23.557701
2011-08-12	23.484598
2011-08-15	23.740459
2011-08-16	23.740459
2011-08-17	23.777014
2011-08-18	22.570799
2011-08-19	22.278383
2011-08-22	22.461142
2011-08-23	22.643902
2011-08-24	22.442865
2011-08-25	22.497696
2011-08-26	22.534246
2011-08-29	23.027699
2011-08-30	23.082525
2011-08-31	22.972868
2011-09-01	22.918041
2011-09-02	22.844938
2011-09-06	21.949419
2011-09-07	22.424593
2011-09-08	22.278383
2011-09-09	21.455969
2011-09-12	20.907684
2011-09-13	20.871134
2011-09-14	21.053896
2011-09-15	21.364586
2011-09-16	21.382862
2011-09-19	21.382862
2011-09-20	21.328032
2011-09-21	21.328032
2011-09-22	18.586643
2011-09-23	18.403883
2011-09-26	18.751125
2011-09-27	19.409058
2011-09-28	18.696293
2011-09-29	18.257675
2011-09-30	18.129738
2011-10-03	17.252497
2011-10-04	17.014912
2011-10-05	18.148018
2011-10-06	18.148018
2011-10-07	18.148018
2011-10-10	18.148018
2011-10-11	18.148018
2011-10-12	19.811131
2011-10-13	19.811131
2011-10-14	20.176651
2011-10-17	19.902508
2011-10-18	19.738026
2011-10-19	19.427336
2011-10-20	19.025261
2011-10-21	19.77458
2011-10-24	20.414236
2011-10-25	20.231478
2011-10-26	20.048717
2011-10-27	21.364586
2011-10-28	21.218378
2011-10-31	20.12182
2011-11-01	19.445612
2011-11-02	19.719751
2011-11-03	20.999067
2011-11-04	21.053896
2011-11-07	21.07217
2011-11-08	21.401136
2011-11-09	20.578722
2011-11-10	20.450787
2011-11-11	21.127003
2011-11-14	21.017342
2011-11-15	21.053896
2011-11-16	21.053896
2011-11-17	20.194925
2011-11-18	20.194925
2011-11-21	19.62837
2011-11-22	19.738026
2011-11-23	19.153194
2011-11-25	19.134916
2011-11-28	19.646648
2011-11-29	19.902508
2011-11-30	20.944239
2011-12-01	20.944239
2011-12-02	21.03562
2011-12-05	21.382862
2011-12-06	21.419418
2011-12-07	20.944239
2011-12-08	20.432512
2011-12-09	20.852859
2011-12-12	20.852859
2011-12-13	20.615273
2011-12-14	20.322857
2011-12-15	20.322857
2011-12-16	20.322857
2011-12-19	19.573544
2011-12-20	19.77458
2011-12-21	19.573544
2011-12-22	19.993891
2011-12-23	19.902508
2011-12-27	19.902508
2011-12-28	19.834892
2011-12-29	19.703411
2011-12-30	19.740978
2012-01-03	20.642561
2012-01-04	20.905521
2012-01-05	20.905521
2012-01-06	20.75526
2012-01-09	20.811609
2012-01-10	21.168491
2012-01-11	21.187269
2012-01-12	21.281189
2012-01-13	21.149702
2012-01-17	21.24362
2012-01-18	21.581715
2012-01-19	21.581715
2012-01-20	22.107639
2012-01-23	22.295467
2012-01-24	22.23912
2012-01-25	22.539648
2012-01-26	22.689913
2012-01-27	22.445736
2012-01-30	21.882244
2012-01-31	21.976158
2012-02-01	22.201557
2012-02-02	22.276686
2012-02-03	22.276686
2012-02-06	22.107639
2012-02-07	21.769545
2012-02-08	21.694412
2012-02-09	21.844677
2012-02-10	21.375099
2012-02-13	21.544147
2012-02-14	21.412666
2012-02-15	21.675629
2012-02-16	21.675629
2012-02-17	21.675629
2012-02-21	22.220335
2012-02-22	22.013725
2012-02-23	22.408169
2012-02-24	22.013725
2012-02-27	21.61928
2012-02-28	21.78833
2012-02-29	21.224836
2012-03-01	21.731977
2012-03-02	21.694412
2012-03-05	21.600494
2012-03-06	20.191769
2012-03-07	20.680126
2012-03-08	21.112139
2012-03-09	21.224836
2012-03-12	20.529863
2012-03-13	20.529863
2012-03-14	20.435949
2012-03-15	20.604996
2012-03-16	20.604996
2012-03-19	20.905521
2012-03-20	20.529863
2012-03-21	20.492296
2012-03-22	20.360817
2012-03-23	20.379599
2012-03-26	20.454733
2012-03-27	20.172985
2012-03-28	19.872458
2012-03-29	19.872458
2012-03-30	20.097853
2012-04-02	19.872458
2012-04-03	19.684628
2012-04-04	18.895739
2012-04-05	18.914522
2012-04-09	18.801823
2012-04-10	18.520079
2012-04-11	18.670341
2012-04-12	18.876955
2012-04-13	18.820608
2012-04-16	18.144419
2012-04-17	18.125631
2012-04-18	17.374313
2012-04-19	17.449448
2012-04-20	17.749973
2012-04-23	17.1677
2012-04-24	17.261616
2012-04-25	17.374313
2012-04-26	17.674841
2012-04-27	17.637278
2012-04-30	17.900236
2012-05-01	17.825104
2012-05-02	17.505793
2012-05-03	17.092569
2012-05-04	16.585426
2012-05-07	16.604208
2012-05-08	16.43516
2012-05-09	16.43516
2012-05-10	16.360031
2012-05-11	16.190981
2012-05-14	16.059502
2012-05-15	15.289395
2012-05-16	15.007649
2012-05-17	14.838602
2012-05-18	14.650773
2012-05-21	15.082782
2012-05-22	15.157915
2012-05-23	15.120349
2012-05-24	15.026433
2012-05-25	15.157915
2012-05-29	15.251828
2012-05-30	14.707122
2012-05-31	14.556857
2012-06-01	14.519292
2012-06-04	14.237546
2012-06-05	14.237546
2012-06-06	14.970084
2012-06-07	14.857387
2012-06-08	14.857387
2012-06-11	14.725905
2012-06-12	14.350243
2012-06-13	14.556857
2012-06-14	14.237546
2012-06-15	14.237546
2012-06-18	14.500508
2012-06-19	15.157915
2012-06-20	14.988867
2012-06-21	14.481725
2012-06-22	14.81982
2012-06-25	14.369026
2012-06-26	14.369026
2012-06-27	14.81982
2012-06-28	14.538073
2012-06-29	14.538073
2012-07-02	14.538073
2012-07-03	15.796537
2012-07-05	15.665058
2012-07-06	15.665058
2012-07-09	15.665058
2012-07-10	15.665058
2012-07-11	14.838602
2012-07-12	14.763471
2012-07-13	14.801038
2012-07-16	14.801038
2012-07-17	14.763471
2012-07-18	14.838602
2012-07-19	15.082782
2012-07-20	14.744687
2012-07-23	14.575642
2012-07-24	14.631989
2012-07-25	14.631989
2012-07-26	14.932518
2012-07-27	15.326961
2012-07-30	15.101564
2012-07-31	15.101564
2012-08-01	14.838602
2012-08-02	14.838602
2012-08-03	15.552356
2012-08-06	15.815321
2012-08-07	16.43516
2012-08-08	16.453945
2012-08-09	16.266111
2012-08-10	16.266111
2012-08-13	16.266111
2012-08-14	16.266111
2012-08-15	16.153416
2012-08-16	16.228548
2012-08-17	16.115847
2012-08-20	16.190981
2012-08-21	16.378813
2012-08-22	16.021936
2012-08-23	16.228548
2012-08-24	16.078281
2012-08-27	15.965585
2012-08-28	15.965585
2012-08-29	15.928017
2012-08-30	15.68384
2012-08-31	15.68384
2012-09-04	15.946802
2012-09-05	15.946802
2012-09-06	16.040712
2012-09-07	16.040712
2012-09-10	16.153416
2012-09-11	16.153416
2012-09-12	16.190981
2012-09-13	16.566643
2012-09-14	17.299183
2012-09-17	17.224051
2012-09-18	17.055
2012-09-19	16.923521
2012-09-20	16.754473
2012-09-21	17.130135
2012-09-24	17.036219
2012-09-25	16.99865
2012-09-26	16.604208
2012-09-27	16.885954
2012-09-28	16.885954
2012-10-01	16.99865
2012-10-02	16.961084
2012-10-03	16.829605
2012-10-04	16.99865
2012-10-05	17.205263
2012-10-08	17.205263
2012-10-09	16.716906
2012-10-10	16.360031
2012-10-11	16.585426
2012-10-12	16.585426
2012-10-15	16.360031
2012-10-16	16.754473
2012-10-17	16.792038
2012-10-18	16.810818
2012-10-19	16.585426
2012-10-22	16.360031
2012-10-23	16.190981
2012-10-24	16.078281
2012-10-25	15.89045
2012-10-26	15.984368
2012-10-31	15.702621
2012-11-01	15.965585
2012-11-02	15.965585
2012-11-05	15.965585
2012-11-06	15.571141
2012-11-07	15.308177
2012-11-08	15.120349
2012-11-09	15.176697
2012-11-12	15.101564
2012-11-13	14.838602
2012-11-14	14.556857
2012-11-15	14.519292
2012-11-16	14.275111
2012-11-19	14.782255
2012-11-20	14.913734
2012-11-21	14.801038
2012-11-23	14.951301
2012-11-26	14.932518
2012-11-27	15.026433
2012-11-28	14.782255
2012-11-29	15.289395
2012-11-30	15.157915
2012-12-03	15.064001
2012-12-04	15.364528
2012-12-05	15.233047
2012-12-06	15.383307
2012-12-07	15.345745
2012-12-10	15.815321
2012-12-11	16.021936
2012-12-12	16.190981
2012-12-13	16.078281
2012-12-14	16.30368
2012-12-17	16.378813
2012-12-18	16.660555
2012-12-19	16.566643
2012-12-20	16.604208
2012-12-21	16.24733
2012-12-24	16.284895
2012-12-26	16.190981
2012-12-27	16.454788
2012-12-28	16.056229
2012-12-31	16.227041
2013-01-02	16.929266
2013-01-03	16.986198
2013-01-04	16.948242
2013-01-07	17.062119
2013-01-08	16.910284
2013-01-09	17.194969
2013-01-10	17.36578
2013-01-11	17.251907
2013-01-14	17.270885
2013-01-15	17.138031
2013-01-16	17.138031
2013-01-17	17.327824
2013-01-18	17.384758
2013-01-22	17.574549
2013-01-23	17.536589
2013-01-24	17.36578
2013-01-25	17.403742
2013-01-28	17.175991
2013-01-29	17.479656
2013-01-30	17.403742
2013-01-31	17.783319
2013-02-01	17.726379
2013-02-04	17.327824
2013-02-05	17.384758
2013-02-06	17.36578
2013-02-07	17.175991
2013-02-08	17.062119
2013-02-11	16.834368
2013-02-12	16.79641
2013-02-13	16.986198
2013-02-14	16.872328
2013-02-15	16.777433
2013-02-19	16.701519
2013-02-20	16.397852
2013-02-21	16.283976
2013-02-22	16.264999
2013-02-25	16.264999
2013-02-26	16.246019
2013-02-27	16.47377
2013-02-28	16.018272
2013-03-01	16.075211
2013-03-04	15.923378
2013-03-05	16.227041
2013-03-06	16.435808
2013-03-07	16.549686
2013-03-08	16.644579
2013-03-11	16.872328
2013-03-12	16.96722
2013-03-13	16.929266
2013-03-14	16.986198
2013-03-15	16.96722
2013-03-18	16.85335
2013-03-19	16.701519
2013-03-20	16.85335
2013-03-21	16.777433
2013-03-22	16.872328
2013-03-25	16.96722
2013-03-26	16.701519
2013-03-27	16.701519
2013-03-28	16.682535
2013-04-01	16.511724
2013-04-02	16.397852
2013-04-03	16.075211
2013-04-04	16.113167
2013-04-05	16.132147
2013-04-08	16.170105
2013-04-09	16.587641
2013-04-10	16.549686
2013-04-11	16.568663
2013-04-12	16.189085
2013-04-15	15.600736
2013-04-16	15.619714
2013-04-17	15.278093
2013-04-18	15.221157
2013-04-19	15.372987
2013-04-22	15.638693
2013-04-23	15.809504
2013-04-24	16.075211
2013-04-25	16.321938
2013-04-26	16.227041
2013-04-29	16.397852
2013-04-30	16.454788
2013-05-01	16.530706
2013-05-02	16.340914
2013-05-03	16.454788
2013-05-06	16.511724
2013-05-07	17.100077
2013-05-08	17.119055
2013-05-09	17.081097
2013-05-10	16.986198
2013-05-13	16.96722
2013-05-14	17.024157
2013-05-15	16.948242
2013-05-16	16.948242
2013-05-17	16.96722
2013-05-20	17.270885
2013-05-21	17.261396
2013-05-22	16.957737
2013-05-23	16.79641
2013-05-24	16.834368
2013-05-28	16.891306
2013-05-29	16.834368
2013-05-30	17.043137
2013-05-31	17.043137
2013-06-03	16.85335
2013-06-04	16.843861
2013-06-05	16.729986
2013-06-06	16.711004
2013-06-07	16.711004
2013-06-10	16.805901
2013-06-11	16.435808
2013-06-12	16.407345
2013-06-13	16.0847
2013-06-14	16.094187
2013-06-17	16.0847
2013-06-18	16.075211
2013-06-19	15.989803
2013-06-20	15.363498
2013-06-21	15.145239
2013-06-24	14.623317
2013-06-25	15.021877
2013-06-26	15.002897
2013-06-27	15.316051
2013-06-28	15.316051
2013-07-01	15.562775
2013-07-02	15.354008
2013-07-03	15.505841
2013-07-05	15.420433
2013-07-08	15.420433
2013-07-09	15.65767
2013-07-10	15.70512
2013-07-11	15.70512
2013-07-12	15.762054
2013-07-15	15.885419
2013-07-16	15.932866
2013-07-17	16.274488
2013-07-18	16.283976
2013-07-19	16.198574
2013-07-22	16.492746
2013-07-23	16.625603
2013-07-24	16.511724
2013-07-25	16.587641
2013-07-26	16.61611
2013-07-29	16.578152
2013-07-30	16.559174
2013-07-31	16.587641
2013-08-01	16.891306
2013-08-02	16.976711
2013-08-05	16.976711
2013-08-06	16.739473
2013-08-07	16.739473
2013-08-08	17.223438
2013-08-09	17.346802
2013-08-12	17.688421
2013-08-13	18.030048
2013-08-14	18.219839
2013-08-15	18.286263
2013-08-16	18.077494
2013-08-19	17.906683
2013-08-20	18.030048
2013-08-21	17.840256
2013-08-22	18.219839
2013-08-23	18.248304
2013-08-26	18.15341
2013-08-27	17.517612
2013-08-28	17.470167
2013-08-29	17.707403
2013-08-30	17.308846
2013-09-03	17.574549
2013-09-04	17.726379
2013-09-05	17.868725
2013-09-06	17.802298
2013-09-09	18.238813
2013-09-10	18.703802
2013-09-11	18.570944
2013-09-12	18.191366
2013-09-13	18.124941
2013-09-16	18.362179
2013-09-17	18.343197
2013-09-18	19.168783
2013-09-19	19.026445
2013-09-20	18.978994
2013-09-23	18.884102
2013-09-24	18.827162
2013-09-25	18.950527
2013-09-26	18.978994
2013-09-27	19.007465
2013-09-30	18.808186
2013-10-01	18.978994
2013-10-02	19.007465
2013-10-03	18.846144
2013-10-04	18.808186
2013-10-07	18.893589
2013-10-08	18.637371
2013-10-09	18.485542
2013-10-10	18.941036
2013-10-11	19.064404
2013-10-14	19.358578
2013-10-15	19.481941
2013-10-16	19.491428
2013-10-17	19.747644
2013-10-18	20.165182
2013-10-21	20.402422
2013-10-22	20.601698
2013-10-23	19.956417
2013-10-24	20.383442
2013-10-25	20.089264
2013-10-28	19.956417
2013-10-29	19.681217
2013-10-30	19.406025
2013-10-31	19.32062
2013-11-01	19.083382
2013-11-04	19.330109
2013-11-05	19.662237
2013-11-06	19.235214
2013-11-07	18.675333
2013-11-08	18.580439
2013-11-11	18.732271
2013-11-12	18.314728
2013-11-13	18.295752
2013-11-14	18.779718
2013-11-15	19.083382
2013-11-18	18.978994
2013-11-19	18.589926
2013-11-20	18.561459
2013-11-21	18.836655
2013-11-22	19.102358
2013-11-25	18.941036
2013-11-26	19.387043
2013-11-27	19.671728
2013-11-29	19.899475
2013-12-02	19.273169
2013-12-03	18.798693
2013-12-04	18.86512
2013-12-05	18.770229
2013-12-06	18.694311
2013-12-09	18.846144
2013-12-10	18.969505
2013-12-11	18.770229
2013-12-12	18.570944
2013-12-13	18.447584
2013-12-16	18.884102
2013-12-17	19.092869
2013-12-18	18.978994
2013-12-19	18.912571
2013-12-20	18.675333
2013-12-23	18.694311
2013-12-24	18.997974
2013-12-26	18.665842
2013-12-27	18.772789
2013-12-30	18.629559
2013-12-31	18.677299
2014-01-02	18.419487
2014-01-03	18.419487
2014-01-06	18.304899
2014-01-07	18.123474
2014-01-08	17.808369
2014-01-09	18.01844
2014-01-10	18.142576
2014-01-13	18.142576
2014-01-14	18.00889
2014-01-15	18.152121
2014-01-16	18.371742
2014-01-17	18.409937
2014-01-21	18.667753
2014-01-22	18.285801
2014-01-23	17.426416
2014-01-24	16.729364
2014-01-27	16.872593
2014-01-28	16.805754
2014-01-29	16.481098
2014-01-30	16.843946
2014-01-31	16.605227
2014-02-03	16.137341
2014-02-04	16.137341
2014-02-05	16.175537
2014-02-06	16.643421
2014-02-07	16.738911
2014-02-10	16.901237
2014-02-11	17.206799
2014-02-12	17.369125
2014-02-13	17.722425
2014-02-14	18.467228
2014-02-18	18.228512
2014-02-19	17.502806
2014-02-20	17.731979
2014-02-21	17.63649
2014-02-24	18.094828
2014-02-25	17.731979
2014-02-26	17.674686
2014-02-27	17.903852
2014-02-28	18.113926
2014-03-03	18.094828
2014-03-04	18.094828
2014-03-05	18.257158
2014-03-06	18.495876
2014-03-07	18.467228
2014-03-10	17.961147
2014-03-11	18.094828
2014-03-12	18.027987
2014-03-13	17.741528
2014-03-14	17.932501
2014-03-17	18.266705
2014-03-18	18.390839
2014-03-19	18.23806
2014-03-20	18.190315
2014-03-21	18.23806
2014-03-24	18.142576
2014-03-25	18.209412
2014-03-26	18.285801
2014-03-27	18.381289
2014-03-28	18.734594
2014-03-31	18.887377
2014-04-01	19.07835
2014-04-02	19.07835
2014-04-03	19.106995
2014-04-04	19.021055
2014-04-07	18.763239
2014-04-08	19.097445
2014-04-09	19.508039
2014-04-10	19.068798
2014-04-11	18.944664
2014-04-14	18.868275
2014-04-15	18.390839
2014-04-16	18.849178
2014-04-17	18.715496
2014-04-21	18.620008
2014-04-22	18.810984
2014-04-23	18.973312
2014-04-24	19.221577
2014-04-25	18.963764
2014-04-28	18.849178
2014-04-29	19.097445
2014-04-30	19.011505
2014-05-01	19.068798
2014-05-02	19.212029
2014-05-05	19.345711
2014-05-06	19.116543
2014-05-07	19.20248
2014-05-08	19.192932
2014-05-09	19.135639
2014-05-12	19.011505
2014-05-13	19.001959
2014-05-14	18.963764
2014-05-15	18.429031
2014-05-16	18.448133
2014-05-19	18.486328
2014-05-20	18.333549
2014-05-21	18.400389
2014-05-22	18.620008
2014-05-23	18.744143
2014-05-27	18.562716
2014-05-28	18.591364
2014-05-29	19.001959
2014-05-30	18.954214
2014-06-02	19.106995
2014-06-03	19.192932
2014-06-04	19.403006
2014-06-05	19.756306
2014-06-06	19.87089
2014-06-09	20.39607
2014-06-10	20.386524
2014-06-11	20.233746
2014-06-12	20.329229
2014-06-13	20.147806
2014-06-16	19.403006
2014-06-17	19.479395
2014-06-18	20.090511
2014-06-19	20.10006
2014-06-20	20.71118
2014-06-23	21.43688
2014-06-24	21.06448
2014-06-25	21.226812
2014-06-26	21.08358
2014-06-27	20.997639
2014-06-30	21.169519
2014-07-01	21.3032
2014-07-02	21.551464
2014-07-03	21.685148
2014-07-07	21.618307
2014-07-08	21.627851
2014-07-09	22.382208
2014-07-10	22.420403
2014-07-11	22.697315
2014-07-14	22.210329
2014-07-15	21.532368
2014-07-16	21.637407
2014-07-17	21.408236
2014-07-18	22.095743
2014-07-21	21.465528
2014-07-22	21.293652
2014-07-23	20.988091
2014-07-24	21.198164
2014-07-25	21.035837
2014-07-28	20.720728
2014-07-29	21.112228
2014-07-30	22.153038
2014-07-31	21.245905
2014-08-01	21.06448
2014-08-04	20.978544
2014-08-05	20.205097
2014-08-06	20.415167
2014-08-07	20.24329
2014-08-08	20.730274
2014-08-11	20.567949
2014-08-12	20.39607
2014-08-13	20.482014
2014-08-14	20.090511
2014-08-15	20.157354
2014-08-18	20.453363
2014-08-19	20.338779
2014-08-20	20.03322
2014-08-21	19.909086
2014-08-22	19.975929
2014-08-25	20.080967
2014-08-26	19.956829
2014-08-27	20.023668
2014-08-28	19.909086
2014-08-29	19.88999
2014-09-02	20.090511
2014-09-03	20.730274
2014-09-04	20.291035
2014-09-05	20.596594
2014-09-08	20.376974
2014-09-09	20.300585
2014-09-10	20.491558
2014-09-11	20.672985
2014-09-12	20.873507
2014-09-15	20.501104
2014-09-16	21.06448
2014-09-17	20.892607
2014-09-18	20.825764
2014-09-19	20.558401
2014-09-22	20.47246
2014-09-23	20.443815
2014-09-24	20.415167
2014-09-25	20.109612
2014-09-26	20.47246
2014-09-29	20.233746
2014-09-30	20.166903
2014-10-01	19.746759
2014-10-02	19.278872
2014-10-03	19.192932
2014-10-06	19.288416
2014-10-07	18.944664
2014-10-08	19.087894
2014-10-09	18.620008
2014-10-10	18.24761
2014-10-13	18.123474
2014-10-14	18.24761
2014-10-15	18.10438
2014-10-16	18.142576
2014-10-17	18.295355
2014-10-20	18.524523
2014-10-21	18.896923
2014-10-22	18.620008
2014-10-23	18.868275
2014-10-24	19.040155
2014-10-27	18.858727
2014-10-28	19.20248
2014-10-29	18.849178
2014-10-30	19.231127
2014-10-31	20.166903
2014-11-03	20.310135
2014-11-04	19.899538
2014-11-05	19.947279
2014-11-06	19.80405
2014-11-07	19.966377
2014-11-10	19.775404
2014-11-11	19.784952
2014-11-12	19.765856
2014-11-13	19.737211
2014-11-14	19.832697
2014-11-17	19.80405
2014-11-18	20.052317
2014-11-19	19.880438
2014-11-20	19.985476
2014-11-21	20.367426
2014-11-24	20.291035
2014-11-25	20.291035
2014-11-26	20.577496
2014-11-28	19.823151
2014-12-01	19.45075
2014-12-02	19.307514
2014-12-03	19.498489
2014-12-04	19.508039
2014-12-05	19.460295
2014-12-08	19.192932
2014-12-09	19.011505
2014-12-10	18.362192
2014-12-11	18.371742
2014-12-12	17.932501
2014-12-15	17.283188
2014-12-16	17.197248
2014-12-17	17.51236
2014-12-18	17.703333
2014-12-19	17.894306
2014-12-22	17.808369
2014-12-23	18.027987
2014-12-24	18.094828
2014-12-26	18.257158
2014-12-29	18.178495
2014-12-30	18.005823
2014-12-31	17.996231
2015-01-02	17.833151
2015-01-05	17.276766
2015-01-06	17.25758
2015-01-07	17.420658
2015-01-08	17.497402
2015-01-09	17.46862
2015-01-12	17.267174
2015-01-13	17.238392
2015-01-14	17.25758
2015-01-15	17.132874
2015-01-16	17.45903
2015-01-20	17.516588
2015-01-21	17.794779
2015-01-22	17.861931
2015-01-23	17.66048
2015-01-26	17.842745
2015-01-27	18.082567
2015-01-28	17.612516
2015-01-29	17.46862
2015-01-30	17.545366
2015-02-02	17.804369
2015-02-03	18.456688
2015-02-04	18.140121
2015-02-05	18.408726
2015-02-06	18.236053
2015-02-09	18.293608
2015-02-10	18.46628
2015-02-11	18.370354
2015-02-12	18.897961
2015-02-13	19.128191
2015-02-17	19.262489
2015-02-18	19.243303
2015-02-19	19.041855
2015-02-20	19.061039
2015-02-23	19.137785
2015-02-24	19.511906
2015-02-25	19.463942
2015-02-26	19.118597
2015-02-27	19.262489
2015-03-02	19.281675
2015-03-03	19.281675
2015-03-04	19.358419
2015-03-05	19.665392
2015-03-06	19.559866
2015-03-09	19.521498
2015-03-10	19.147373
2015-03-11	19.45435
2015-03-12	19.713352
2015-03-13	19.550274
2015-03-16	20.097071
2015-03-17	20.634272
2015-03-18	20.883686
2015-03-19	20.605494
2015-03-20	21.075544
2015-03-23	20.864498
2015-03-24	20.663048
2015-03-25	20.749384
2015-03-26	20.173815
2015-03-27	20.221777
2015-03-30	20.346481
2015-03-31	20.106663
2015-04-01	20.231369
2015-04-02	20.394451
2015-04-06	20.816534
2015-04-07	20.874094
2015-04-08	20.989208
2015-04-09	21.113916
2015-04-10	21.161879
2015-04-13	20.97002
2015-04-14	21.075544
2015-04-15	21.248215
2015-04-16	21.104322
2015-04-17	20.720606
2015-04-20	20.730202
2015-04-21	20.749384
2015-04-22	20.96043
2015-04-23	21.372923
2015-04-24	21.200251
2015-04-27	21.353735
2015-04-28	21.526409
2015-04-29	21.209846
2015-04-30	21.123507
2015-05-01	21.344143
2015-05-04	21.737452
2015-05-05	21.574371
2015-05-06	21.276993
2015-05-07	20.845314
2015-05-08	20.979616
2015-05-11	20.989208
2015-05-12	21.133099
2015-05-13	21.257807
2015-05-14	21.440073
2015-05-15	21.305771
2015-05-18	21.344143
2015-05-19	21.085136
2015-05-20	21.008392
2015-05-21	21.008392
2015-05-22	20.950836
2015-05-26	20.317705
2015-05-27	20.298521
2015-05-28	20.192997
2015-05-29	20.154625
2015-06-01	20.173815
2015-06-02	20.75898
2015-06-03	20.576717
2015-06-04	20.663048
2015-06-05	20.576717
2015-06-08	20.452007
2015-06-09	20.432821
2015-06-10	20.691828
2015-06-11	20.308113
2015-06-12	20.404043
2015-06-15	20.125851
2015-06-16	20.039513
2015-06-17	19.588648
2015-06-18	19.550274
2015-06-19	19.511906
2015-06-22	19.953176
2015-06-23	20.116255
2015-06-24	20.125851
2015-06-25	19.818878
2015-06-26	19.69417
2015-06-29	19.204933
2015-06-30	19.224119
2015-07-01	18.907553
2015-07-02	18.993887
2015-07-06	18.65814
2015-07-07	18.562212
2015-07-08	18.092161
2015-07-09	18.293608
2015-07-10	18.72529
2015-07-13	18.792439
2015-07-14	19.051447
2015-07-15	19.013077
2015-07-16	19.435162
2015-07-17	19.233711
2015-07-20	18.456688
2015-07-21	18.514244
2015-07-22	18.322388
2015-07-23	18.025009
2015-07-24	17.766003
2015-07-27	17.449438
2015-07-28	17.535772
2015-07-29	17.948265
2015-07-30	17.766003
2015-07-31	17.574142
2015-08-03	17.382288
2015-08-04	17.535772
2015-08-05	17.478214
2015-08-06	17.794779
2015-08-07	17.957857
2015-08-10	18.773251
2015-08-11	18.590984
2015-08-12	18.226461
2015-08-13	18.216867
2015-08-14	18.264832
2015-08-17	18.293608
2015-08-18	17.938673
2015-08-19	17.62211
2015-08-20	17.180836
2015-08-21	16.816307
2015-08-24	15.82824
2015-08-25	15.540456
2015-08-26	15.914577
2015-08-27	16.950607
2015-08-28	17.21921
2015-08-31	17.305542
2015-09-01	16.797121
2015-09-02	16.921827
2015-09-03	17.17124
2015-09-04	17.084906
2015-09-08	17.16165
2015-09-09	17.180836
2015-09-10	17.056129
2015-09-11	17.16165
2015-09-14	16.816307
2015-09-15	16.979387
2015-09-16	17.036943
2015-09-17	17.295952
2015-09-18	16.729973
2015-09-21	16.39422
2015-09-22	15.991322
2015-09-23	15.684348
2015-09-24	15.569233
2015-09-25	15.645976
2015-09-28	14.984069
2015-09-29	15.079998
2015-09-30	15.300633
2015-10-01	15.271855
2015-10-02	15.473305
2015-10-05	16.183178
2015-10-06	16.317478
2015-10-07	16.739563
2015-10-08	16.883457
2015-10-09	16.950607
2015-10-12	17.0945
2015-10-13	16.845085
2015-10-14	16.893049
2015-10-15	16.902643
2015-10-16	17.113688
2015-10-19	16.691599
2015-10-20	16.710787
2015-10-21	16.566891
2015-10-22	16.883457
2015-10-23	17.25758
2015-10-26	18.149717
2015-10-27	18.044195
2015-10-28	18.82122
2015-10-29	18.82122
2015-10-30	19.147373
2015-11-02	18.763659
2015-11-03	18.744474
2015-11-04	18.65814
2015-11-05	18.686918
2015-11-06	18.610174
2015-11-09	18.46628
2015-11-10	18.475874
2015-11-11	18.590984
2015-11-12	18.456688
2015-11-13	18.408726
2015-11-16	18.65814
2015-11-17	18.408726
2015-11-18	18.638954
2015-11-19	18.571804
2015-11-20	18.926737
2015-11-23	18.370354
2015-11-24	18.322388
2015-11-25	17.986637
2015-11-27	17.919489
2015-11-30	18.120935
2015-12-01	18.005823
2015-12-02	17.718039
2015-12-03	17.526178
2015-12-04	17.497402
2015-12-07	17.036943
2015-12-08	16.941015
2015-12-09	17.132874
2015-12-10	17.247988
2015-12-11	16.797121
2015-12-14	16.538113
2015-12-15	17.084906
2015-12-16	17.142467
2015-12-17	17.180836
2015-12-18	16.845085
2015-12-21	16.845085
2015-12-22	17.28636
2015-12-23	17.574142
2015-12-24	17.62211
2015-12-28	17.602922
2015-12-29	17.623247
2015-12-30	17.57486
2015-12-31	17.497437
2016-01-04	17.226458
2016-01-05	17.255491
2016-01-06	16.955481
2016-01-07	16.578047
2016-01-08	16.268354
2016-01-11	16.210291
2016-01-12	16.30707
2016-01-13	16.113512
2016-01-14	16.142546
2016-01-15	15.600591
2016-01-19	15.416713
2016-01-20	15.126379
2016-01-21	15.300578
2016-01-22	15.939311
2016-01-25	15.610267
2016-01-26	15.978024
2016-01-27	15.958668
2016-01-28	16.219969
2016-01-29	16.597403
2016-02-01	16.626436
2016-02-02	16.161903
2016-02-03	16.08448
2016-02-04	16.684502
2016-02-05	16.578047
2016-02-08	16.3361
2016-02-09	16.103834
2016-02-10	16.190935
2016-02-11	15.968347
2016-02-12	16.239325
2016-02-16	16.665144
2016-02-17	17.120003
2016-02-18	17.245815
2016-02-19	17.149033
2016-02-22	17.536148
2016-02-23	17.313559
2016-02-24	17.52647
2016-02-25	17.894224
2016-02-26	17.942617
2016-02-29	17.91358
2016-03-01	17.991003
2016-03-02	18.184559
2016-03-03	18.291014
2016-03-04	18.416826
2016-03-07	18.378115
2016-03-08	18.165205
2016-03-09	18.281338
2016-03-10	18.145847
2016-03-11	18.349081
2016-03-14	18.310371
2016-03-15	18.097458
2016-03-16	18.436182
2016-03-17	18.561995
2016-03-18	18.571669
2016-03-21	18.668449
2016-03-22	18.687801
2016-03-23	18.320047
2016-03-24	18.378115
2016-03-28	18.378115
2016-03-29	18.407148
2016-03-30	18.639416
2016-03-31	18.697481
2016-04-01	18.581348
2016-04-04	18.47489
2016-04-05	18.126492
2016-04-06	18.078102
2016-04-07	17.797447
2016-04-08	18.271658
2016-04-11	18.387793
2016-04-12	18.949104
2016-04-13	19.374929
2016-04-14	19.53945
2016-04-15	19.568481
2016-04-18	19.71365
2016-04-19	20.391094
2016-04-20	20.478193
2016-04-21	20.429804
2016-04-22	20.226572
2016-04-25	19.703972
2016-04-26	20.023338
2016-04-27	20.158827
2016-04-28	20.110437
2016-04-29	20.071726
2016-05-02	19.965271
2016-05-03	19.471704
2016-05-04	19.423313
2016-05-05	19.607195
2016-05-06	19.820107
2016-05-09	19.558805
2016-05-10	20.052372
2016-05-11	20.139471
2016-05-12	20.265285
2016-05-13	19.839458
2016-05-16	19.762039
2016-05-17	19.791073
2016-05-18	19.762039
2016-05-19	19.529772
2016-05-20	19.762039
2016-05-23	19.781395
2016-05-24	19.868494
2016-05-25	19.994307
2016-05-26	20.168507
2016-05-27	20.207214
2016-05-31	20.129791
2016-06-01	20.091085
2016-06-02	20.371738
2016-06-03	20.536261
2016-06-06	20.874983
2016-06-07	21.426615
2016-06-08	21.523394
2016-06-09	21.358873
2016-06-10	20.971764
2016-06-13	20.729816
2016-06-14	20.787884
2016-06-15	21.000797
2016-06-16	20.923372
2016-06-17	21.252415
2016-06-20	21.484686
2016-06-21	21.310486
2016-06-22	21.416941
2016-06-23	21.620173
2016-06-24	20.604008
2016-06-27	20.062048
2016-06-28	20.729816
2016-06-29	21.339516
2016-06-30	21.581461
2016-07-01	21.707275
2016-07-05	21.620173
2016-07-06	21.562107
2016-07-07	21.397583
2016-07-08	21.862118
2016-07-11	21.939539
2016-07-12	22.210518
2016-07-13	22.191164
2016-07-14	22.336329
2016-07-15	22.20084
2016-07-18	22.239552
2016-07-19	22.065348
2016-07-20	22.007284
2016-07-21	21.978251
2016-07-22	22.104061
2016-07-25	21.745983
2016-07-26	21.794374
2016-07-27	21.66856
2016-07-28	21.600817
2016-07-29	21.862118
2016-08-01	21.629852
2016-08-02	21.552425
2016-08-03	21.591141
2016-08-04	21.900827
2016-08-05	22.133095
2016-08-08	22.258905
2016-08-09	22.239552
2016-08-10	22.258905
2016-08-11	22.520208
2016-08-12	22.365362
2016-08-15	22.37504
2016-08-16	22.413754
2016-08-17	22.287939
2016-08-18	22.500851
2016-08-19	22.181486
2016-08-22	22.094385
2016-08-23	22.191164
2016-08-24	22.075029
2016-08-25	22.065348
2016-08-26	21.804052
2016-08-29	21.891151
2016-08-30	21.745983
2016-08-31	21.755661
2016-09-01	21.929861
2016-09-02	22.326651
2016-09-06	22.510529
2016-09-07	22.616985
2016-09-08	22.404074
2016-09-09	21.775019
2016-09-12	21.881474
2016-09-13	21.46533
2016-09-14	21.542749
2016-09-15	21.939539
2016-09-16	21.707275
2016-09-19	22.026642
2016-09-20	21.881474
2016-09-21	22.346006
2016-09-22	22.858931
2016-09-23	22.529886
2016-09-26	22.307295
2016-09-27	22.249228
2016-09-28	22.646017
2016-09-29	22.76215
2016-09-30	23.11055
2016-10-03	23.255718
2016-10-04	23.226685
2016-10-05	23.487986
2016-10-06	23.507341
2016-10-07	23.565409
2016-10-10	23.64283
2016-10-11	23.371851
2016-10-12	23.381527
2016-10-13	22.975063
2016-10-14	23.071842
2016-10-17	23.207329
2016-10-18	23.333141
2016-10-19	23.584763
2016-10-20	23.584763
2016-10-21	23.536375
2016-10-24	23.729931
2016-10-25	23.517019
2016-10-26	23.304108
2016-10-27	23.168617
2016-10-28	23.11055
2016-10-31	23.033131
2016-11-01	22.926676
2016-11-02	22.404074
2016-11-03	22.384718
2016-11-04	22.481495
2016-11-07	22.742796
2016-11-08	22.849253
2016-11-09	22.926676
2016-11-10	22.297621
2016-11-11	21.697594
2016-11-14	21.687918
2016-11-15	22.113739
2016-11-16	21.920185
2016-11-17	21.958893
2016-11-18	21.862118
2016-11-21	22.37504
2016-11-22	22.539562
2016-11-23	22.529886
2016-11-25	22.394394
2016-11-28	22.355684
2016-11-29	22.162127
2016-11-30	22.365362
2016-12-01	22.104061
2016-12-02	22.229872
2016-12-05	22.568596
2016-12-06	22.539562
2016-12-07	22.713762
2016-12-08	22.500851
2016-12-09	22.394394
2016-12-12	22.258905
2016-12-13	22.500851
2016-12-14	22.162127
2016-12-15	22.094385
2016-12-16	21.862118
2016-12-19	21.523394
2016-12-20	21.67824
2016-12-21	21.833082
2016-12-22	21.775019
2016-12-23	21.852442
2016-12-27	22.094385
2016-12-28	21.981707
2016-12-29	22.418816
2016-12-30	22.399389
2017-01-03	23.001629
2017-01-04	23.176472
2017-01-05	23.506733
2017-01-06	23.642719
2017-01-09	23.749569
2017-01-10	24.332382
2017-01-11	24.274099
2017-01-12	24.186678
2017-01-13	24.410088
2017-01-17	24.478086
2017-01-18	24.468369
2017-01-19	24.254673
2017-01-20	24.526651
2017-01-23	24.93462
2017-01-24	25.119177
2017-01-25	25.284306
2017-01-26	25.07061
2017-01-27	25.012327
2017-01-30	24.808346
2017-01-31	24.944334
2017-02-01	25.119177
2017-02-02	25.439724
2017-02-03	25.731129
2017-02-06	25.750557
2017-02-07	25.633993
2017-02-08	25.498003
2017-02-09	25.808838
2017-02-10	26.100243
2017-02-13	26.119669
2017-02-14	26.226519
2017-02-15	26.343082
2017-02-16	26.04196
2017-02-17	25.905972
2017-02-21	26.226519
2017-02-22	26.236231
2017-02-23	25.828264
2017-02-24	25.7117
2017-02-27	25.643707
2017-02-28	25.527145
2017-03-01	26.022535
2017-03-02	25.663136
2017-03-03	25.9254
2017-03-06	25.79912
2017-03-07	25.721415
2017-03-08	25.643707
2017-03-09	25.449436
2017-03-10	25.653419
2017-03-13	26.032248
2017-03-14	25.973969
2017-03-15	26.479071
2017-03-16	26.80933
2017-03-17	26.692768
2017-03-20	26.906467
2017-03-21	26.2848
2017-03-22	26.430502
2017-03-23	26.556778
2017-03-24	26.80933
2017-03-27	26.80933
2017-03-28	27.061882
2017-03-29	27.275579
2017-03-30	27.430994
2017-03-31	27.440708
2017-04-03	27.877817
2017-04-04	28.062374
2017-04-05	27.722403
2017-04-06	27.974953
2017-04-07	28.004093
2017-04-10	28.178938
2017-04-11	28.344065
2017-04-12	28.042948
2017-04-13	27.838963
2017-04-17	28.198364
2017-04-18	27.974953
2017-04-19	27.800112
2017-04-20	28.013807
2017-04-21	27.838963
2017-04-24	28.110943
2017-04-25	28.169222
2017-04-26	27.936098
2017-04-27	27.809822
2017-04-28	27.858391
2017-05-01	28.091516
2017-05-02	28.246931
2017-05-03	28.353781
2017-05-04	28.004093
2017-05-05	29.111435
2017-05-08	28.936592
2017-05-09	29.024014
2017-05-10	29.295992
2017-05-11	29.344561
2017-05-12	29.53883
2017-05-15	30.073074
2017-05-16	30.238205
2017-05-17	29.480549
2017-05-18	28.664612
2017-05-19	29.28628
2017-05-22	29.20857
2017-05-23	29.247427
2017-05-24	29.558258
2017-05-25	29.801096
2017-05-26	29.995365
2017-05-30	29.645679
2017-05-31	29.441694
2017-06-01	29.946798
2017-06-02	29.956514
2017-06-05	29.878803
2017-06-06	29.966227
2017-06-07	29.820522
2017-06-08	29.684532
2017-06-09	29.354273
2017-06-12	28.994873
2017-06-13	29.101721
2017-06-14	28.713181
2017-06-15	28.266357
2017-06-16	28.450916
2017-06-19	29.033726
2017-06-20	28.917166
2017-06-21	28.344065
2017-06-22	28.810316
2017-06-23	28.693756
2017-06-26	28.557762
2017-06-27	28.149796
2017-06-28	28.606333
2017-06-29	28.276072
2017-06-30	28.450916
2017-07-03	28.956018
2017-07-05	28.790888
2017-07-06	28.557762
2017-07-07	28.450916
2017-07-10	28.489769
2017-07-11	28.674326
2017-07-12	29.257141
2017-07-13	29.140577
2017-07-14	29.20857
2017-07-17	29.062866
2017-07-18	28.722895
2017-07-19	28.907452
2017-07-20	29.014303
2017-07-21	28.790888
2017-07-24	28.771463
2017-07-25	28.897738
2017-07-26	28.975445
2017-07-27	28.975445
2017-07-28	29.014303
2017-07-31	28.849173
2017-08-01	28.888021
2017-08-02	28.790888
2017-08-03	28.684042
2017-08-04	28.004093
2017-08-07	27.770969
2017-08-08	27.547558
2017-08-09	27.333858
2017-08-10	26.955032
2017-08-11	27.372715
2017-08-14	28.43149
2017-08-15	28.305214
2017-08-16	28.402349
2017-08-17	28.004093
2017-08-18	28.178938
2017-08-21	28.130371
2017-08-22	28.305214
2017-08-23	28.577192
2017-08-24	28.771463
2017-08-25	28.907452
2017-08-28	28.849173
2017-08-29	28.645187
2017-08-30	28.645187
2017-08-31	28.858883
2017-09-01	29.043442
2017-09-05	29.519403
2017-09-06	29.645679
2017-09-07	29.752529
2017-09-08	29.461124
2017-09-11	30.141071
2017-09-12	30.218777
2017-09-13	30.325624
2017-09-14	30.257631
2017-09-15	30.247917
2017-09-18	30.42276
2017-09-19	30.636461
2017-09-20	30.461618
2017-09-21	30.393621
2017-09-22	30.821014
2017-09-25	30.228493
2017-09-26	30.19935
2017-09-27	30.141071
2017-09-28	30.325624
2017-09-29	30.889009
2017-10-02	31.19013
2017-10-03	31.335831
2017-10-04	31.364975
2017-10-05	31.559246
2017-10-06	31.442678
2017-10-09	31.335831
2017-10-10	31.423252
2017-10-11	31.510677
2017-10-12	30.850157
2017-10-13	30.986145
2017-10-16	30.646172
2017-10-17	30.607319
2017-10-18	30.675314
2017-10-19	30.568464
2017-10-20	30.519897
2017-10-23	31.102707
2017-10-24	31.092993
2017-10-25	30.879299
2017-10-26	30.879299
2017-10-27	30.947292
2017-10-30	30.850157
2017-10-31	31.083282
2017-11-01	31.034714
2017-11-02	31.258127
2017-11-03	31.938072
2017-11-06	32.326611
2017-11-07	31.792366
2017-11-08	31.77294
2017-11-09	31.792366
2017-11-10	31.442678
2017-11-13	31.044424
2017-11-14	29.801096
2017-11-15	30.121643
2017-11-16	30.840443
2017-11-17	31.05414
2017-11-20	30.830729
2017-11-21	31.151276
2017-11-22	31.442678
2017-11-24	31.782652
2017-11-27	31.413542
2017-11-28	31.258127
2017-11-29	31.151276
2017-11-30	31.345545
2017-12-01	31.462109
2017-12-04	31.471825
2017-12-05	31.394114
2017-12-06	31.442678
2017-12-07	31.77294
2017-12-08	32.346039
2017-12-11	32.938564
2017-12-12	33.356247
2017-12-13	33.997337
2017-12-14	33.793358
2017-12-15	33.637939
2017-12-18	34.113899
2017-12-19	34.415024
2017-12-20	34.405308
2017-12-21	34.44416
2017-12-22	34.502445
2017-12-26	34.483013
2017-12-27	34.609291
2017-12-28	34.59367
2017-12-29	34.466778
2018-01-02	35.091492
2018-01-03	35.374569
2018-01-04	35.579556
2018-01-05	35.618599
2018-01-08	35.686928
2018-01-09	35.56979
2018-01-10	35.56979
2018-01-11	35.969997
2018-01-12	36.399494
2018-01-16	36.516628
2018-01-17	36.67281
2018-01-18	36.809464
2018-01-19	36.614239
2018-01-22	36.887558
2018-01-23	36.868034
2018-01-24	36.858269
2018-01-25	36.828987
2018-01-26	37.473225
2018-01-29	37.01445
2018-01-30	36.711853
2018-01-31	37.248714
2018-02-01	37.102299
2018-02-02	35.540512
2018-02-05	34.271557
2018-02-06	34.857224
2018-02-07	34.359406
2018-02-08	33.314957
2018-02-09	32.875702
2018-02-12	34.154419
2018-02-13	34.349644
2018-02-14	35.384331
2018-02-15	35.872391
2018-02-16	35.969997
2018-02-20	36.05785
2018-02-21	35.901669
2018-02-22	36.048088
2018-02-23	36.506866
2018-02-26	36.809464
2018-02-27	35.911434
2018-02-28	36.135941
2018-03-01	35.81382
2018-03-02	35.628361
2018-03-05	35.716213
2018-03-06	36.311642
2018-03-07	36.135941
2018-03-08	35.960236
2018-03-09	37.01445
2018-03-12	37.141346
2018-03-13	36.877792
2018-03-14	36.692329
2018-03-15	36.272598
2018-03-16	36.028564
2018-03-19	35.276958
2018-03-20	35.247673
2018-03-21	35.628361
2018-03-22	34.642479
2018-03-23	34.164181
2018-03-26	34.857224
2018-03-27	34.496059
2018-03-28	34.164181
2018-03-29	34.827942
2018-04-02	34.574146
2018-04-03	34.583912
2018-04-04	34.896267
2018-04-05	35.081734
2018-04-06	34.749847
2018-04-09	34.720566
2018-04-10	35.169582
2018-04-11	34.730331
2018-04-12	34.847466
2018-04-13	34.652241
2018-04-16	34.33012
2018-04-17	34.993881
2018-04-18	35.286716
2018-04-19	34.79866
2018-04-20	34.398449
2018-04-23	34.427731
2018-04-24	34.417965
2018-04-25	33.959194
2018-04-26	33.685879
2018-04-27	33.871346
2018-04-30	34.134899
2018-05-01	33.695644
2018-05-02	33.188061
2018-05-03	32.163136
2018-05-04	31.938625
2018-05-07	31.88006
2018-05-08	30.825851
2018-05-09	31.216301
2018-05-10	31.596987
2018-05-11	30.80633
2018-05-14	30.093761
2018-05-15	30.210897
2018-05-16	30.884418
2018-05-17	30.913704
2018-05-18	30.786806
2018-05-21	30.816092
2018-05-22	30.65015
2018-05-23	30.591581
2018-05-24	30.533016
2018-05-25	30.425644
2018-05-29	29.146925
2018-05-30	29.400719
2018-05-31	29.098122
2018-06-01	29.127403
2018-06-04	29.761883
2018-06-05	30.357315
2018-06-06	30.464687
2018-06-07	29.713078
2018-06-08	30.123045
2018-06-11	30.259703
2018-06-12	30.084
2018-06-13	29.361671
2018-06-14	28.736958
2018-06-15	28.424599
2018-06-18	27.389912
2018-06-19	27.702271
2018-06-20	27.809641
2018-06-21	28.268419
2018-06-22	28.434359
2018-06-25	27.633942
2018-06-26	27.594898
2018-06-27	26.374746
2018-06-28	26.696867
2018-06-29	26.325939
2018-07-02	25.935492
2018-07-03	27.12636
2018-07-05	27.360628
2018-07-06	27.594898
2018-07-09	27.946299
2018-07-10	27.917015
2018-07-11	27.477762
2018-07-12	27.721792
2018-07-13	27.87797
2018-07-16	28.092718
2018-07-17	28.531971
2018-07-18	28.961464
2018-07-19	28.85409
2018-07-20	29.127403
2018-07-23	28.776001
2018-07-24	28.863852
2018-07-25	29.449522
2018-07-26	29.469048
2018-07-27	29.205494
2018-07-30	28.93218
2018-07-31	28.922419
2018-08-01	28.893137
2018-08-02	28.258659
2018-08-03	28.639345
2018-08-06	28.668629
2018-08-07	28.20985
2018-08-08	27.770599
2018-08-09	28.561255
2018-08-10	27.702271
2018-08-13	26.745672
2018-08-14	26.97994
2018-08-15	26.423552
2018-08-16	26.140478
2018-08-17	25.642656
2018-08-20	25.632896
2018-08-21	25.91597
2018-08-22	26.501642
2018-08-23	26.433315
2018-08-24	26.62854
2018-08-27	26.970181
2018-08-28	26.735912
2018-08-29	26.355225
2018-08-30	24.393225
2018-08-31	25.486481
2018-09-04	24.432268
2018-09-05	24.627495
2018-09-06	25.115553
2018-09-07	25.066746
2018-09-10	24.627495
2018-09-11	24.295612
2018-09-12	24.598209
2018-09-13	24.637255
2018-09-14	24.647017
2018-09-17	25.105791
2018-09-18	25.281492
2018-09-19	25.886688
2018-09-20	26.970181
2018-09-21	26.999466
2018-09-24	26.609015
2018-09-25	26.843285
2018-09-26	26.774956
2018-09-27	26.452837
2018-09-28	25.984301
2018-10-01	26.062391
2018-10-02	26.794479
2018-10-03	26.755434
2018-10-04	25.603613
2018-10-05	25.359583
2018-10-08	25.740269
2018-10-09	25.613375
2018-10-10	24.549404
2018-10-11	23.836836
2018-10-12	24.559166
2018-10-15	24.549404
2018-10-16	24.930092
2018-10-17	24.764153
2018-10-18	23.973494
2018-10-19	24.285851
2018-10-22	24.17848
2018-10-23	23.729462
2018-10-24	23.11451
2018-10-25	23.661133
2018-10-26	23.885643
2018-10-29	23.397583
2018-10-30	23.983255
2018-10-31	24.715343
2018-11-01	26.013582
2018-11-02	26.482119
2018-11-05	26.364986
2018-11-06	25.955017
2018-11-07	26.00382
2018-11-08	25.515762
2018-11-09	25.16436
2018-11-12	24.783672
2018-11-13	24.237043
2018-11-14	24.82272
2018-11-15	25.457195
2018-11-16	25.623135
2018-11-19	25.193644
2018-11-20	24.207762
2018-11-21	24.783672
2018-11-23	24.324896
2018-11-26	24.568926
2018-11-27	24.256569
2018-11-28	24.82272
2018-11-29	25.242449
2018-11-30	25.086269
2018-12-03	25.89645
2018-12-04	25.349821
2018-12-06	25.16436
2018-12-07	24.695822
2018-12-10	24.432268
2018-12-11	24.627495
2018-12-12	24.930092
2018-12-13	24.383463
2018-12-14	24.012539
2018-12-17	23.153553
2018-12-18	23.221884
2018-12-19	22.831432
2018-12-20	22.528835
2018-12-21	22.079824
2018-12-24	21.357492
2018-12-26	22.275045
2018-12-27	22.782629
2018-12-28	22.85684
2018-12-31	23.222942
2019-01-02	23.32189
2019-01-03	23.331787
2019-01-04	24.331154
2019-01-07	24.974312
2019-01-08	25.073259
2019-01-09	25.765892
2019-01-10	25.864838
2019-01-11	25.97368
2019-01-14	25.904417
2019-01-15	26.033049
2019-01-16	25.943996
2019-01-17	25.97368
2019-01-18	26.40905
2019-01-22	25.587786
2019-01-23	25.874733
2019-01-24	26.141891
2019-01-25	26.616838
2019-01-28	26.804838
2019-01-29	26.923574
2019-01-30	27.32926
2019-01-31	27.655787
2019-02-01	27.685469
2019-02-04	28.011995
2019-02-05	28.031784
2019-02-06	27.438101
2019-02-07	27.012627
2019-02-08	27.042311
2019-02-11	27.170942
2019-02-12	27.685469
2019-02-13	27.319365
2019-02-14	27.47768
2019-02-15	27.447994
2019-02-19	27.071995
2019-02-20	26.99284
2019-02-21	26.824629
2019-02-22	27.41831
2019-02-25	27.309469
2019-02-26	27.012627
2019-02-27	28.031784
2019-02-28	27.883364
2019-03-01	27.388628
2019-03-04	27.368839
2019-03-05	27.45789
2019-03-06	26.893892
2019-03-07	26.478312
2019-03-08	26.587154
2019-03-11	27.66568
2019-03-12	27.675575
2019-03-13	28.199995
2019-03-14	27.87347
2019-03-15	28.180206
2019-03-18	28.615576
2019-03-19	28.358311
2019-03-20	28.556208
2019-03-21	28.506731
2019-03-22	27.804207
2019-03-25	27.754732
2019-03-26	27.408419
2019-03-27	26.636627
2019-03-28	26.943363
2019-03-29	27.319365
2019-04-01	27.685469
2019-04-02	27.210522
2019-04-03	27.141258
2019-04-04	26.982944
2019-04-05	27.250101
2019-04-08	27.517258
2019-04-09	27.180838
2019-04-10	27.467787
2019-04-11	27.111574
2019-04-12	27.339153
2019-04-15	27.685469
2019-04-16	27.546942
2019-04-17	27.47768
2019-04-18	26.923574
2019-04-22	26.93347
2019-04-23	27.299576
2019-04-24	26.112206
2019-04-25	25.775785
2019-04-26	25.736208
2019-04-29	25.795574
2019-04-30	25.775785
2019-05-01	25.716415
2019-05-02	25.765892
2019-05-03	27.972418
2019-05-06	27.725048
2019-05-07	26.923574
2019-05-08	27.299576
2019-05-09	27.497471
2019-05-10	27.517258
2019-05-13	26.794945
2019-05-14	27.161049
2019-05-15	27.606312
2019-05-16	28.298943
2019-05-17	27.685469
2019-05-20	27.616205
2019-05-21	28.150524
2019-05-22	28.091152
2019-05-23	27.87347
2019-05-24	28.417679
2019-05-28	28.318733
2019-05-29	27.725048
2019-05-30	27.982313
2019-05-31	27.843784
2019-06-03	27.85368
2019-06-04	28.219786
2019-06-05	28.308838
2019-06-06	28.536417
2019-06-07	28.892628
2019-06-10	29.308207
2019-06-11	30.248205
2019-06-12	31.564205
2019-06-13	31.663153
2019-06-14	30.960629
2019-06-17	31.109047
2019-06-18	31.455364
2019-06-19	31.494942
2019-06-20	31.841259
2019-06-21	31.959995
2019-06-24	31.752205
2019-06-25	31.692837
2019-06-26	31.415785
2019-06-27	31.669058
2019-06-28	32.097824
2019-07-01	32.287285
2019-07-02	32.616337
2019-07-03	32.745964
2019-07-05	32.815765
2019-07-08	32.815765
2019-07-09	33.214622
2019-07-10	33.623447
2019-07-11	33.623447
2019-07-12	33.792957
2019-07-15	33.065048
2019-07-16	32.895538
2019-07-17	32.885563
2019-07-18	32.86562
2019-07-19	32.227455
2019-07-22	31.948257
2019-07-23	32.028027
2019-07-24	32.416908
2019-07-25	32.117767
2019-07-26	33.005219
2019-07-29	33.13485
2019-07-30	32.775879
2019-07-31	32.257366
2019-08-01	31.958227
2019-08-02	31.679029
2019-08-05	30.532324
2019-08-06	30.96109
2019-08-07	30.96109
2019-08-08	32.057941
2019-08-09	33.264477
2019-08-12	25.137812
2019-08-13	25.287384
2019-08-14	24.230419
2019-08-15	24.858616
2019-08-16	25.02813
2019-08-19	23.781708
2019-08-20	23.94125
2019-08-21	24.439817
2019-08-22	24.469732
2019-08-23	23.821592
2019-08-26	23.622166
2019-08-27	23.143539
2019-08-28	22.934141
2019-08-29	22.724745
2019-08-30	22.355803
2019-09-03	21.817348
2019-09-04	22.48543
2019-09-05	23.28314
2019-09-06	22.993969
2019-09-09	22.674887
2019-09-10	22.704802
2019-09-11	22.784571
2019-09-12	22.784571
2019-09-13	22.47546
2019-09-16	22.85437
2019-09-17	22.804514
2019-09-18	22.684858
2019-09-19	22.993969
2019-09-20	22.834427
2019-09-23	22.525316
2019-09-24	22.276031
2019-09-25	22.535288
2019-09-26	22.47546
2019-09-27	22.764627
2019-09-30	22.744684
2019-10-01	22.625031
2019-10-02	22.625031
2019-10-03	22.804514
2019-10-04	23.063768
2019-10-07	23.003941
2019-10-08	22.276031
2019-10-09	22.375746
2019-10-10	22.954084
2019-10-11	23.103655
2019-10-14	22.794542
2019-10-15	22.993969
2019-10-16	22.625031
2019-10-17	22.674887
2019-10-18	22.395687
2019-10-21	22.555231
2019-10-22	22.246117
2019-10-23	22.236145
2019-10-24	22.375746
2019-10-25	22.435574
2019-10-28	21.937004
2019-10-29	22.096546
2019-10-30	22.036718
2019-10-31	21.817348
2019-11-01	21.847263
2019-11-04	22.076603
2019-11-05	22.146402
2019-11-06	21.797407
2019-11-07	22.04669
2019-11-08	21.757521
2019-11-11	21.837292
2019-11-12	21.797407
2019-11-13	21.737577
2019-11-14	21.927034
2019-11-15	22.186289
2019-11-18	21.727608
2019-11-19	21.956947
2019-11-20	22.525316
2019-11-21	22.575172
2019-11-22	22.714773
2019-11-25	23.263197
2019-11-26	23.163483
2019-11-27	23.811621
2019-11-29	23.592251
2019-12-02	23.13357
2019-12-03	22.834427
2019-12-04	23.342968
2019-12-05	23.452654
2019-12-06	23.991106
2019-12-09	24.350075
2019-12-10	23.841536
2019-12-11	23.991106
2019-12-12	24.489674
2019-12-13	24.908472
2019-12-16	25.048073
2019-12-17	24.998215
2019-12-18	25.397068
2019-12-19	25.516726
2019-12-20	25.965437
2019-12-23	26.743202
2019-12-24	27.032373
2019-12-26	27.580797
2019-12-27	27.162001
2019-12-30	26.76
2019-12-31	26.59
2020-01-02	26.719999
2020-01-03	26.370001
2020-01-06	26.34
2020-01-07	26.540001
2020-01-08	26.6
2020-01-09	26.99
2020-01-10	27.059999
2020-01-13	26.959999
2020-01-14	26.4
2020-01-15	26.17
2020-01-16	26.450001
2020-01-17	26.780001
2020-01-21	26.040001
2020-01-22	26.280001
2020-01-23	25.959999
2020-01-24	25.6
2020-01-27	25.120001
2020-01-28	26.030001
2020-01-29	25.85
2020-01-30	25.969999
2020-01-31	25.530001
2020-02-03	26.18
2020-02-04	26.16
2020-02-05	25.9
2020-02-06	25.98
2020-02-07	25.68
2020-02-10	25.77
2020-02-11	25.469999
2020-02-12	26.030001
2020-02-13	25.799999
2020-02-14	26.059999
2020-02-18	25.93
2020-02-19	26.35
2020-02-20	26.370001
2020-02-21	26.57
2020-02-24	25.16
2020-02-25	24.030001
2020-02-26	23.950001
2020-02-27	23.16
2020-02-28	22.93
2020-03-02	23.82
2020-03-03	23.68
2020-03-04	24.16
2020-03-05	23.73
2020-03-06	22.950001
2020-03-09	19.799999
2020-03-10	21.23
2020-03-11	19.68
2020-03-12	17.66
2020-03-13	18.33
2020-03-16	16.450001
2020-03-17	16.76
2020-03-18	14.79
2020-03-19	14.97
2020-03-20	14.67
2020-03-23	14.36
2020-03-24	15.93
2020-03-25	16.57
2020-03-26	16.66
2020-03-27	15.79
2020-03-30	15.94
2020-03-31	16.440001
2020-04-01	15.7
2020-04-02	15.94
2020-04-03	15.78
2020-04-06	16.65
2020-04-07	17.18
2020-04-08	17.48
2020-04-09	17.59
2020-04-13	17.27
2020-04-14	17.59
2020-04-15	17.82
2020-04-16	17.99
2020-04-17	17.879999
