2007-09-17	4494.649902
2007-09-18	4546.200195
2007-09-19	4732.350098
2007-09-20	4747.549805
2007-09-21	4837.549805
2007-09-24	4932.200195
2007-09-25	4938.850098
2007-09-26	4940.5
2007-09-27	5000.549805
2007-09-28	5021.350098
2007-10-01	5068.950195
2007-10-03	5210.799805
2007-10-04	5208.649902
2007-10-05	5185.850098
2007-10-08	5085.100098
2007-10-09	5327.25
2007-10-10	5441.450195
2007-10-11	5524.850098
2007-10-12	5428.25
2007-10-15	5670.399902
2007-10-16	5668.049805
2007-10-17	5559.299805
2007-10-18	5351.0
2007-10-19	5215.299805
2007-10-22	5184.0
2007-10-23	5473.700195
2007-10-24	5496.149902
2007-10-25	5568.950195
2007-10-26	5702.299805
2007-10-29	5905.899902
2007-10-30	5868.75
2007-10-31	5900.649902
2007-11-01	5866.450195
2007-11-02	5932.399902
2007-11-05	5847.299805
2007-11-06	5786.5
2007-11-07	5782.350098
2007-11-08	5698.75
2007-11-12	5617.100098
2007-11-13	5695.399902
2007-11-14	5937.899902
2007-11-15	5912.100098
2007-11-16	5906.850098
2007-11-19	5907.649902
2007-11-20	5780.899902
2007-11-21	5561.049805
2007-11-22	5519.350098
2007-11-23	5608.600098
2007-11-26	5731.700195
2007-11-27	5698.149902
2007-11-28	5617.549805
2007-11-29	5634.600098
2007-11-30	5762.75
2007-12-03	5865.0
2007-12-04	5858.350098
2007-12-05	5940.0
2007-12-06	5954.700195
2007-12-07	5974.299805
2007-12-10	5960.600098
2007-12-11	6097.25
2007-12-12	6159.299805
2007-12-13	6058.100098
2007-12-14	6047.700195
2007-12-17	5777.0
2007-12-18	5742.299805
2007-12-19	5751.149902
2007-12-20	5766.5
2007-12-24	5985.100098
2007-12-26	6070.75
2007-12-27	6081.5
2007-12-28	6079.700195
2007-12-31	6138.600098
2008-01-01	6144.350098
2008-01-02	6179.399902
2008-01-03	6178.549805
2008-01-04	6274.299805
2008-01-07	6279.100098
2008-01-08	6287.850098
2008-01-09	6272.0
2008-01-10	6156.950195
2008-01-11	6200.100098
2008-01-14	6206.799805
2008-01-15	6074.25
2008-01-16	5935.75
2008-01-17	5913.200195
2008-01-18	5705.299805
2008-01-21	5208.799805
2008-01-22	4899.299805
2008-01-23	5203.399902
2008-01-24	5033.450195
2008-01-25	5383.350098
2008-01-28	5274.100098
2008-01-29	5280.799805
2008-01-30	5167.600098
2008-01-31	5137.450195
2008-02-01	5317.25
2008-02-04	5463.5
2008-02-05	5483.899902
2008-02-06	5322.549805
2008-02-07	5133.25
2008-02-08	5120.350098
2008-02-11	4857.0
2008-02-12	4838.25
2008-02-13	4929.450195
2008-02-14	5202.0
2008-02-15	5302.899902
2008-02-18	5276.899902
2008-02-19	5280.799805
2008-02-20	5154.450195
2008-02-21	5191.799805
2008-02-22	5110.75
2008-02-25	5200.700195
2008-02-26	5270.049805
2008-02-27	5268.399902
2008-02-28	5285.100098
2008-02-29	5223.5
2008-03-03	4953.0
2008-03-04	4864.25
2008-03-05	4921.399902
2008-03-07	4771.600098
2008-03-10	4800.399902
2008-03-11	4865.899902
2008-03-12	4872.0
2008-03-13	4623.600098
2008-03-14	4745.799805
2008-03-17	4503.100098
2008-03-18	4533.0
2008-03-19	4573.950195
2008-03-24	4609.850098
2008-03-25	4877.5
2008-03-26	4828.850098
2008-03-27	4830.25
2008-03-28	4942.0
2008-03-31	4734.5
2008-04-01	4739.549805
2008-04-02	4754.200195
2008-04-03	4771.600098
2008-04-04	4647.0
2008-04-07	4761.200195
2008-04-08	4709.649902
2008-04-09	4747.049805
2008-04-10	4733.0
2008-04-11	4777.799805
2008-04-15	4879.649902
2008-04-16	4887.299805
2008-04-17	4958.399902
2008-04-21	5037.0
2008-04-22	5049.299805
2008-04-23	5022.799805
2008-04-24	4999.850098
2008-04-25	5111.700195
2008-04-28	5089.649902
2008-04-29	5195.5
2008-04-30	5165.899902
2008-05-02	5228.200195
2008-05-05	5192.25
2008-05-06	5144.649902
2008-05-07	5135.5
2008-05-08	5081.700195
2008-05-09	4982.600098
2008-05-12	5012.649902
2008-05-13	4957.799805
2008-05-14	5011.75
2008-05-15	5115.25
2008-05-16	5157.700195
2008-05-20	5104.950195
2008-05-21	5117.649902
2008-05-22	5025.450195
2008-05-23	4946.549805
2008-05-26	4875.049805
2008-05-27	4859.799805
2008-05-28	4918.350098
2008-05-29	4835.299805
2008-05-30	4870.100098
2008-06-02	4739.600098
2008-06-03	4715.899902
2008-06-04	4585.600098
2008-06-05	4676.950195
2008-06-06	4627.799805
2008-06-09	4500.950195
2008-06-10	4449.799805
2008-06-11	4523.600098
2008-06-12	4539.350098
2008-06-13	4517.100098
2008-06-16	4572.5
2008-06-17	4653.0
2008-06-18	4582.399902
2008-06-19	4504.25
2008-06-20	4347.549805
2008-06-23	4266.399902
2008-06-24	4191.100098
2008-06-25	4252.649902
2008-06-26	4315.850098
2008-06-27	4136.649902
2008-06-30	4040.550049
2008-07-01	3896.75
2008-07-02	4093.350098
2008-07-03	3925.75
2008-07-04	4016.0
2008-07-07	4030.0
2008-07-08	3988.550049
2008-07-09	4157.100098
2008-07-10	4162.200195
2008-07-11	4049.0
2008-07-14	4039.699951
2008-07-15	3861.100098
2008-07-16	3816.699951
2008-07-17	3947.199951
2008-07-18	4092.25
2008-07-21	4159.5
2008-07-22	4240.100098
2008-07-23	4476.799805
2008-07-24	4433.549805
2008-07-25	4311.850098
2008-07-28	4332.100098
2008-07-29	4189.850098
2008-07-30	4313.549805
2008-07-31	4332.950195
2008-08-01	4413.549805
2008-08-04	4395.350098
2008-08-05	4502.850098
2008-08-06	4517.549805
2008-08-07	4523.850098
2008-08-08	4529.5
2008-08-11	4620.399902
2008-08-12	4552.25
2008-08-13	4529.049805
2008-08-14	4430.700195
2008-08-18	4393.049805
2008-08-19	4368.25
2008-08-20	4415.75
2008-08-21	4283.850098
2008-08-22	4327.450195
2008-08-25	4335.350098
2008-08-26	4337.5
2008-08-27	4292.100098
2008-08-28	4214.0
2008-08-29	4360.0
2008-09-01	4348.649902
2008-09-02	4504.0
2008-09-04	4447.75
2008-09-05	4352.299805
2008-09-08	4482.299805
2008-09-09	4468.700195
2008-09-10	4400.25
2008-09-11	4290.299805
2008-09-12	4228.450195
2008-09-15	4072.899902
2008-09-16	4074.899902
2008-09-17	4008.25
2008-09-18	4038.149902
2008-09-19	4245.25
2008-09-22	4223.049805
2008-09-23	4126.899902
2008-09-24	4161.25
2008-09-25	4110.549805
2008-09-26	3985.25
2008-09-29	3850.050049
2008-09-30	3921.199951
2008-10-01	3950.75
2008-10-03	3818.300049
2008-10-06	3602.350098
2008-10-07	3606.600098
2008-10-08	3513.649902
2008-10-10	3279.949951
2008-10-13	3490.699951
2008-10-14	3518.649902
2008-10-15	3338.399902
2008-10-16	3269.300049
2008-10-17	3074.350098
2008-10-20	3122.800049
2008-10-21	3234.899902
2008-10-22	3065.149902
2008-10-23	2943.149902
2008-10-24	2584.0
2008-10-27	2524.199951
2008-10-29	2697.050049
2008-10-31	2885.600098
2008-11-03	3043.850098
2008-11-04	3142.100098
2008-11-05	2994.949951
2008-11-06	2892.649902
2008-11-07	2973.0
2008-11-10	3148.25
2008-11-11	2938.649902
2008-11-12	2848.449951
2008-11-14	2810.350098
2008-11-17	2799.550049
2008-11-18	2683.149902
2008-11-19	2635.0
2008-11-20	2553.149902
2008-11-21	2693.449951
2008-11-24	2708.25
2008-11-25	2654.0
2008-11-26	2752.25
2008-11-28	2755.100098
2008-12-01	2682.899902
2008-12-02	2657.800049
2008-12-03	2656.449951
2008-12-04	2788.0
2008-12-05	2714.399902
2008-12-08	2784.0
2008-12-10	2928.25
2008-12-11	2920.149902
2008-12-12	2921.350098
2008-12-15	2981.199951
2008-12-16	3041.75
2008-12-17	2954.350098
2008-12-18	3060.75
2008-12-19	3077.5
2008-12-22	3039.300049
2008-12-23	2968.649902
2008-12-24	2916.850098
2008-12-26	2857.25
2008-12-29	2922.199951
2008-12-30	2979.5
2008-12-31	2959.149902
2009-01-02	3046.75
2009-01-05	3121.449951
2009-01-06	3112.800049
2009-01-07	2920.399902
2009-01-09	2873.0
2009-01-12	2773.100098
2009-01-13	2744.949951
2009-01-14	2835.300049
2009-01-15	2736.699951
2009-01-16	2828.449951
2009-01-19	2846.199951
2009-01-20	2796.600098
2009-01-21	2706.149902
2009-01-22	2713.800049
2009-01-23	2678.550049
2009-01-27	2771.350098
2009-01-28	2849.5
2009-01-29	2823.949951
2009-01-30	2874.800049
2009-02-02	2766.649902
2009-02-03	2783.899902
2009-02-04	2803.050049
2009-02-05	2780.050049
2009-02-06	2843.100098
2009-02-09	2919.899902
2009-02-10	2934.5
2009-02-11	2925.699951
2009-02-12	2893.050049
2009-02-13	2948.350098
2009-02-16	2848.5
2009-02-17	2770.5
2009-02-18	2776.149902
2009-02-19	2789.350098
2009-02-20	2736.449951
2009-02-24	2733.899902
2009-02-25	2762.5
2009-02-26	2785.649902
2009-02-27	2763.649902
2009-03-02	2674.600098
2009-03-03	2622.399902
2009-03-04	2645.199951
2009-03-05	2576.699951
2009-03-06	2620.149902
2009-03-09	2573.149902
2009-03-12	2617.449951
2009-03-13	2719.25
2009-03-16	2777.25
2009-03-17	2757.449951
2009-03-18	2794.699951
2009-03-19	2807.149902
2009-03-20	2807.050049
2009-03-23	2939.899902
2009-03-24	2938.699951
2009-03-25	2984.350098
2009-03-26	3082.25
2009-03-27	3108.649902
2009-03-30	2978.149902
2009-03-31	3020.949951
2009-04-01	3060.350098
2009-04-02	3211.050049
2009-04-06	3256.600098
2009-04-08	3342.949951
2009-04-09	3342.050049
2009-04-13	3382.600098
2009-04-15	3484.149902
2009-04-16	3369.5
2009-04-17	3384.399902
2009-04-20	3377.100098
2009-04-21	3365.300049
2009-04-22	3330.300049
2009-04-23	3423.699951
2009-04-24	3480.75
2009-04-27	3470.0
2009-04-28	3362.350098
2009-04-29	3473.949951
2009-05-04	3654.0
2009-05-05	3661.899902
2009-05-06	3625.050049
2009-05-07	3683.899902
2009-05-08	3620.699951
2009-05-11	3554.600098
2009-05-12	3681.100098
2009-05-13	3635.25
2009-05-14	3593.449951
2009-05-15	3671.649902
2009-05-18	4323.149902
2009-05-19	4318.450195
2009-05-20	4270.299805
2009-05-21	4210.899902
2009-05-22	4238.5
2009-05-25	4237.549805
2009-05-26	4116.700195
2009-05-27	4276.049805
2009-05-28	4337.100098
2009-05-29	4448.950195
2009-06-01	4529.899902
2009-06-02	4525.25
2009-06-03	4530.700195
2009-06-04	4572.649902
2009-06-05	4586.899902
2009-06-08	4429.899902
2009-06-09	4550.950195
2009-06-10	4655.25
2009-06-11	4637.700195
2009-06-12	4583.399902
2009-06-15	4484.0
2009-06-16	4517.799805
2009-06-17	4356.149902
2009-06-18	4251.399902
2009-06-19	4313.600098
2009-06-22	4235.25
2009-06-23	4247.0
2009-06-24	4292.950195
2009-06-25	4241.850098
2009-06-26	4375.5
2009-06-29	4390.950195
2009-06-30	4291.100098
2009-07-01	4340.899902
2009-07-02	4348.850098
2009-07-03	4424.25
2009-07-06	4165.700195
2009-07-07	4202.149902
2009-07-08	4078.899902
2009-07-09	4080.949951
2009-07-10	4003.899902
2009-07-13	3974.050049
2009-07-14	4111.399902
2009-07-15	4233.5
2009-07-16	4231.399902
2009-07-17	4374.950195
2009-07-20	4502.25
2009-07-21	4469.100098
2009-07-22	4398.899902
2009-07-23	4523.75
2009-07-24	4568.549805
2009-07-27	4572.299805
2009-07-28	4564.100098
2009-07-29	4513.5
2009-07-30	4571.450195
2009-07-31	4636.450195
2009-08-03	4711.399902
2009-08-04	4680.5
2009-08-05	4694.149902
2009-08-06	4585.5
2009-08-07	4481.399902
2009-08-10	4437.649902
2009-08-11	4471.350098
2009-08-12	4457.5
2009-08-13	4605.0
2009-08-14	4580.049805
2009-08-17	4387.899902
2009-08-18	4458.899902
2009-08-19	4394.100098
2009-08-20	4453.450195
2009-08-21	4528.799805
2009-08-24	4642.799805
2009-08-25	4659.350098
2009-08-26	4680.850098
2009-08-27	4688.200195
2009-08-28	4732.350098
2009-08-31	4662.100098
2009-09-01	4625.350098
2009-09-02	4608.350098
2009-09-03	4593.549805
2009-09-04	4680.399902
2009-09-07	4782.899902
2009-09-08	4805.25
2009-09-09	4814.25
2009-09-10	4819.399902
2009-09-11	4829.549805
2009-09-14	4808.600098
2009-09-15	4892.100098
2009-09-16	4958.399902
2009-09-17	4965.549805
2009-09-18	4976.049805
2009-09-22	5020.200195
2009-09-23	4969.950195
2009-09-24	4986.549805
2009-09-25	4958.950195
2009-09-29	5006.850098
2009-09-30	5083.950195
2009-10-01	5083.399902
2009-10-05	5003.200195
2009-10-06	5027.399902
2009-10-07	4985.75
2009-10-08	5002.25
2009-10-09	4945.200195
2009-10-12	5054.25
2009-10-14	5118.200195
2009-10-15	5108.850098
2009-10-16	5142.149902
2009-10-20	5114.450195
2009-10-21	5063.600098
2009-10-22	4988.600098
2009-10-23	4997.049805
2009-10-26	4970.899902
2009-10-27	4846.700195
2009-10-28	4826.149902
2009-10-29	4750.549805
2009-10-30	4711.700195
2009-11-03	4563.899902
2009-11-04	4710.799805
2009-11-05	4765.549805
2009-11-06	4796.149902
2009-11-09	4898.399902
2009-11-10	4881.700195
2009-11-11	5003.950195
2009-11-12	4952.649902
2009-11-13	4998.950195
2009-11-16	5058.049805
2009-11-17	5062.25
2009-11-18	5054.700195
2009-11-19	4989.0
2009-11-20	5052.450195
2009-11-23	5103.549805
2009-11-24	5090.549805
2009-11-25	5108.149902
2009-11-26	5005.549805
2009-11-27	4941.75
2009-11-30	5032.700195
2009-12-01	5122.0
2009-12-02	5123.25
2009-12-03	5131.700195
2009-12-04	5108.899902
2009-12-07	5066.700195
2009-12-08	5147.950195
2009-12-09	5112.0
2009-12-10	5134.649902
2009-12-11	5117.299805
2009-12-14	5105.700195
2009-12-15	5033.049805
2009-12-16	5042.049805
2009-12-17	5041.75
2009-12-18	4987.700195
2009-12-21	4952.600098
2009-12-22	4985.850098
2009-12-23	5144.600098
2009-12-24	5178.399902
2009-12-29	5187.950195
2009-12-30	5169.450195
2009-12-31	5201.049805
2010-01-04	5232.200195
2010-01-05	5277.899902
2010-01-06	5281.799805
2010-01-07	5263.100098
2010-01-08	5244.75
2010-01-11	5249.399902
2010-01-12	5210.399902
2010-01-13	5233.950195
2010-01-14	5259.899902
2010-01-15	5252.200195
2010-01-18	5274.850098
2010-01-19	5225.649902
2010-01-20	5221.700195
2010-01-21	5094.149902
2010-01-22	5036.0
2010-01-25	5007.899902
2010-01-27	4853.100098
2010-01-28	4867.25
2010-01-29	4882.049805
2010-02-01	4899.700195
2010-02-02	4830.100098
2010-02-03	4931.850098
2010-02-04	4845.350098
2010-02-05	4718.649902
2010-02-08	4760.399902
2010-02-09	4792.649902
2010-02-10	4757.200195
2010-02-11	4826.850098
2010-02-15	4801.950195
2010-02-16	4855.75
2010-02-17	4914.0
2010-02-18	4887.75
2010-02-19	4844.899902
2010-02-22	4856.399902
2010-02-23	4870.049805
2010-02-24	4858.600098
2010-02-25	4859.75
2010-02-26	4922.299805
2010-03-02	5017.0
2010-03-03	5088.100098
2010-03-04	5080.25
2010-03-05	5088.700195
2010-03-08	5124.0
2010-03-09	5101.5
2010-03-10	5116.25
2010-03-11	5133.399902
2010-03-12	5137.0
2010-03-15	5128.899902
2010-03-16	5198.100098
2010-03-17	5231.899902
2010-03-18	5245.899902
2010-03-19	5262.799805
2010-03-22	5205.200195
2010-03-23	5225.299805
2010-03-25	5260.399902
2010-03-26	5282.0
2010-03-29	5302.850098
2010-03-30	5262.450195
2010-03-31	5249.100098
2010-04-01	5290.5
2010-04-05	5368.399902
2010-04-06	5366.0
2010-04-07	5374.649902
2010-04-08	5304.450195
2010-04-09	5361.75
2010-04-12	5339.700195
2010-04-13	5322.950195
2010-04-15	5273.600098
2010-04-16	5262.600098
2010-04-19	5203.649902
2010-04-20	5230.100098
2010-04-21	5244.899902
2010-04-22	5269.350098
2010-04-23	5304.100098
2010-04-26	5322.450195
2010-04-27	5308.350098
2010-04-28	5215.450195
2010-04-29	5254.149902
2010-04-30	5278.0
2010-05-03	5222.75
2010-05-04	5148.5
2010-05-05	5124.899902
2010-05-06	5090.850098
2010-05-07	5018.049805
2010-05-10	5193.600098
2010-05-11	5136.149902
2010-05-12	5156.649902
2010-05-13	5178.899902
2010-05-14	5093.5
2010-05-17	5059.899902
2010-05-18	5066.200195
2010-05-19	4919.649902
2010-05-20	4947.600098
2010-05-21	4931.149902
2010-05-24	4943.950195
2010-05-25	4806.75
2010-05-26	4917.399902
2010-05-27	5003.100098
2010-05-28	5066.549805
2010-05-31	5086.299805
2010-06-01	4970.200195
2010-06-02	5019.850098
2010-06-03	5110.5
2010-06-04	5135.5
2010-06-07	5034.0
2010-06-08	4987.100098
2010-06-09	5000.299805
2010-06-10	5078.600098
2010-06-11	5119.350098
2010-06-14	5197.700195
2010-06-15	5222.350098
2010-06-16	5233.350098
2010-06-17	5274.850098
2010-06-18	5262.600098
2010-06-21	5353.299805
2010-06-22	5316.549805
2010-06-23	5323.149902
2010-06-24	5320.600098
2010-06-25	5269.049805
2010-06-28	5333.5
2010-06-29	5256.149902
2010-06-30	5312.5
2010-07-01	5251.399902
2010-07-02	5237.100098
2010-07-05	5235.899902
2010-07-06	5289.049805
2010-07-07	5241.100098
2010-07-08	5296.850098
2010-07-09	5352.450195
2010-07-12	5383.0
2010-07-13	5400.649902
2010-07-14	5386.149902
2010-07-15	5378.75
2010-07-16	5393.899902
2010-07-19	5386.450195
2010-07-20	5368.0
2010-07-21	5399.350098
2010-07-22	5441.950195
2010-07-23	5449.100098
2010-07-26	5418.600098
2010-07-27	5430.600098
2010-07-28	5397.549805
2010-07-29	5408.899902
2010-07-30	5367.600098
2010-08-02	5431.649902
2010-08-03	5439.549805
2010-08-04	5467.850098
2010-08-05	5447.100098
2010-08-06	5439.25
2010-08-09	5486.149902
2010-08-10	5460.700195
2010-08-11	5420.600098
2010-08-12	5416.450195
2010-08-13	5452.100098
2010-08-16	5418.299805
2010-08-17	5414.149902
2010-08-18	5479.149902
2010-08-19	5540.200195
2010-08-20	5530.649902
2010-08-23	5543.5
2010-08-24	5505.100098
2010-08-25	5462.350098
2010-08-26	5477.899902
2010-08-27	5408.700195
2010-08-30	5415.450195
2010-08-31	5402.399902
2010-09-01	5471.850098
2010-09-02	5486.149902
2010-09-03	5479.399902
2010-09-06	5576.950195
2010-09-07	5604.0
2010-09-08	5607.850098
2010-09-09	5640.049805
2010-09-13	5760.0
2010-09-14	5795.549805
2010-09-15	5860.950195
2010-09-16	5828.700195
2010-09-17	5884.950195
2010-09-20	5980.450195
2010-09-21	6009.049805
2010-09-22	5991.0
2010-09-23	5959.549805
2010-09-24	6018.299805
2010-09-27	6035.649902
2010-09-28	6029.5
2010-09-29	5991.299805
2010-09-30	6029.950195
2010-10-01	6143.399902
2010-10-04	6159.450195
2010-10-05	6145.799805
2010-10-06	6186.450195
2010-10-07	6120.299805
2010-10-08	6103.450195
2010-10-11	6135.850098
2010-10-12	6090.899902
2010-10-13	6233.899902
2010-10-14	6177.350098
2010-10-15	6062.649902
2010-10-18	6075.950195
2010-10-19	6027.299805
2010-10-20	5982.100098
2010-10-21	6101.5
2010-10-22	6066.049805
2010-10-25	6105.799805
2010-10-26	6082.0
2010-10-27	6012.649902
2010-10-28	5987.700195
2010-10-29	6017.700195
2010-11-01	6117.549805
2010-11-02	6119.0
2010-11-03	6160.5
2010-11-04	6281.799805
2010-11-08	6273.200195
2010-11-09	6301.549805
2010-11-10	6275.700195
2010-11-11	6194.25
2010-11-12	6071.649902
2010-11-15	6121.600098
2010-11-16	5988.700195
2010-11-18	5998.799805
2010-11-19	5890.299805
2010-11-22	6010.0
2010-11-23	5934.75
2010-11-24	5865.75
2010-11-25	5799.75
2010-11-26	5751.950195
2010-11-29	5830.0
2010-11-30	5862.700195
2010-12-01	5960.899902
2010-12-02	6011.700195
2010-12-03	5992.799805
2010-12-06	5992.25
2010-12-07	5976.549805
2010-12-08	5903.700195
2010-12-09	5766.5
2010-12-10	5857.350098
2010-12-13	5907.649902
2010-12-14	5944.100098
2010-12-15	5892.299805
2010-12-16	5948.75
2010-12-20	5947.049805
2010-12-21	6000.649902
2010-12-22	5984.399902
2010-12-23	5980.0
2010-12-24	6011.600098
2010-12-27	5998.100098
2010-12-28	5996.0
2010-12-29	6060.350098
2010-12-30	6101.850098
2010-12-31	6134.5
2011-01-03	6157.600098
2011-01-04	6146.350098
2011-01-05	6079.799805
2011-01-06	6048.25
2011-01-07	5904.600098
2011-01-10	5762.850098
2011-01-11	5754.100098
2011-01-12	5863.25
2011-01-13	5751.899902
2011-01-14	5654.549805
2011-01-17	5654.75
2011-01-18	5724.049805
2011-01-19	5691.049805
2011-01-20	5711.600098
2011-01-21	5696.5
2011-01-24	5743.25
2011-01-25	5687.399902
2011-01-27	5604.299805
2011-01-28	5512.149902
2011-01-31	5505.899902
2011-02-01	5417.200195
2011-02-02	5432.0
2011-02-03	5526.75
2011-02-04	5395.75
2011-02-07	5396.0
2011-02-08	5312.549805
2011-02-09	5253.549805
2011-02-10	5225.799805
2011-02-11	5310.0
2011-02-14	5456.0
2011-02-15	5481.0
2011-02-16	5481.700195
2011-02-17	5546.450195
2011-02-18	5458.950195
2011-02-21	5518.600098
2011-02-22	5469.200195
2011-02-23	5437.350098
2011-02-24	5262.700195
2011-02-25	5303.549805
2011-02-28	5333.25
2011-03-01	5522.299805
2011-03-03	5536.200195
2011-03-04	5538.75
2011-03-07	5463.149902
2011-03-08	5520.799805
2011-03-09	5531.0
2011-03-10	5494.399902
2011-03-11	5445.450195
2011-03-14	5531.5
2011-03-15	5449.649902
2011-03-16	5511.149902
2011-03-17	5446.649902
2011-03-18	5373.700195
2011-03-21	5364.75
2011-03-22	5413.850098
2011-03-23	5480.25
2011-03-24	5522.399902
2011-03-25	5654.25
2011-03-28	5687.25
2011-03-29	5736.350098
2011-03-30	5787.649902
2011-03-31	5833.75
2011-04-01	5826.049805
2011-04-04	5908.450195
2011-04-05	5910.049805
2011-04-06	5891.75
2011-04-07	5885.700195
2011-04-08	5842.0
2011-04-11	5785.700195
2011-04-13	5911.5
2011-04-15	5824.549805
2011-04-18	5729.100098
2011-04-19	5740.75
2011-04-20	5851.649902
2011-04-21	5884.700195
2011-04-25	5874.5
2011-04-26	5868.399902
2011-04-27	5833.899902
2011-04-28	5785.450195
2011-04-29	5749.5
2011-05-02	5701.299805
2011-05-03	5565.25
2011-05-04	5537.149902
2011-05-05	5459.850098
2011-05-06	5551.450195
2011-05-09	5551.100098
2011-05-10	5541.25
2011-05-11	5565.049805
2011-05-12	5486.149902
2011-05-13	5544.75
2011-05-16	5499.0
2011-05-17	5438.950195
2011-05-18	5420.600098
2011-05-19	5428.100098
2011-05-20	5486.350098
2011-05-23	5386.549805
2011-05-24	5394.850098
2011-05-25	5348.950195
2011-05-26	5412.350098
2011-05-27	5476.100098
2011-05-30	5473.100098
2011-06-01	5592.0
2011-06-02	5550.350098
2011-06-03	5516.75
2011-06-06	5532.049805
2011-06-07	5556.149902
2011-06-08	5526.850098
2011-06-09	5521.049805
2011-06-10	5485.799805
2011-06-13	5482.799805
2011-06-14	5500.5
2011-06-15	5447.5
2011-06-16	5396.75
2011-06-17	5366.399902
2011-06-20	5257.899902
2011-06-21	5275.850098
2011-06-22	5278.299805
2011-06-23	5320.0
2011-06-24	5471.25
2011-06-27	5526.600098
2011-06-28	5545.299805
2011-06-29	5600.450195
2011-06-30	5647.399902
2011-07-01	5627.200195
2011-07-04	5650.5
2011-07-05	5632.100098
2011-07-06	5625.450195
2011-07-07	5728.950195
2011-07-08	5660.649902
2011-07-11	5616.100098
2011-07-12	5526.149902
2011-07-13	5585.450195
2011-07-14	5512.299805
2011-07-15	5581.100098
2011-07-18	5567.049805
2011-07-19	5613.549805
2011-07-20	5567.049805
2011-07-21	5541.600098
2011-07-22	5633.950195
2011-07-25	5680.299805
2011-07-26	5574.850098
2011-07-27	5546.799805
2011-07-28	5487.75
2011-07-29	5482.0
2011-08-01	5516.799805
2011-08-02	5456.549805
2011-08-03	5404.799805
2011-08-04	5331.799805
2011-08-05	5211.25
2011-08-08	5118.5
2011-08-09	5072.850098
2011-08-10	5161.0
2011-08-11	5138.299805
2011-08-12	5072.950195
2011-08-16	5035.799805
2011-08-17	5056.600098
2011-08-18	4944.149902
2011-08-19	4845.649902
2011-08-22	4898.799805
2011-08-23	4948.899902
2011-08-24	4888.899902
2011-08-25	4839.600098
2011-08-26	4747.799805
2011-08-29	4919.600098
2011-08-30	5001.0
2011-09-02	5040.0
2011-09-05	5017.200195
2011-09-06	5064.299805
2011-09-07	5124.649902
2011-09-08	5153.25
2011-09-09	5059.450195
2011-09-12	4946.799805
2011-09-13	4940.950195
2011-09-14	5012.549805
2011-09-15	5075.700195
2011-09-16	5084.25
2011-09-19	5031.950195
2011-09-20	5140.200195
2011-09-21	5133.25
2011-09-22	4923.649902
2011-09-23	4867.75
2011-09-26	4835.399902
2011-09-27	4971.25
2011-09-28	4945.899902
2011-09-29	5015.450195
2011-09-30	4943.25
2011-10-03	4849.5
2011-10-04	4772.149902
2011-10-05	4751.299805
2011-10-07	4888.049805
2011-10-10	4979.600098
2011-10-11	4974.350098
2011-10-12	5099.399902
2011-10-13	5077.850098
2011-10-14	5132.299805
2011-10-17	5118.25
2011-10-18	5037.5
2011-10-19	5139.149902
2011-10-20	5091.899902
2011-10-21	5049.950195
2011-10-24	5098.350098
2011-10-25	5191.600098
2011-10-28	5360.700195
2011-10-31	5326.600098
2011-11-01	5257.950195
2011-11-02	5258.450195
2011-11-03	5265.75
2011-11-04	5284.200195
2011-11-08	5289.350098
2011-11-09	5221.049805
2011-11-11	5168.850098
2011-11-14	5148.350098
2011-11-15	5068.5
2011-11-16	5030.450195
2011-11-17	4934.75
2011-11-18	4905.799805
2011-11-21	4778.350098
2011-11-22	4812.350098
2011-11-23	4706.450195
2011-11-25	4710.049805
2011-11-28	4851.299805
2011-11-29	4805.100098
2011-11-30	4832.049805
2011-12-01	4936.850098
2011-12-02	5050.149902
2011-12-05	5039.149902
2011-12-07	5062.600098
2011-12-08	4943.649902
2011-12-09	4866.700195
2011-12-12	4764.600098
2011-12-13	4800.600098
2011-12-14	4763.25
2011-12-15	4746.350098
2011-12-16	4651.600098
2011-12-19	4613.100098
2011-12-20	4544.200195
2011-12-21	4693.149902
2011-12-22	4733.850098
2011-12-23	4714.0
2011-12-27	4750.5
2011-12-28	4705.799805
2011-12-29	4646.25
2011-12-30	4624.299805
2012-01-03	4765.299805
2012-01-04	4749.649902
2012-01-05	4749.950195
2012-01-06	4754.100098
2012-01-09	4742.799805
2012-01-10	4849.549805
2012-01-11	4860.950195
2012-01-12	4831.25
2012-01-13	4866.0
2012-01-16	4873.899902
2012-01-17	4967.299805
2012-01-18	4955.799805
2012-01-19	5018.399902
2012-01-20	5048.600098
2012-01-23	5046.25
2012-01-24	5127.350098
2012-01-25	5158.299805
2012-01-27	5204.700195
2012-01-30	5087.299805
2012-01-31	5199.25
2012-02-01	5235.700195
2012-02-02	5269.899902
2012-02-03	5325.850098
2012-02-06	5361.649902
2012-02-07	5335.149902
2012-02-08	5368.149902
2012-02-09	5412.350098
2012-02-10	5381.600098
2012-02-13	5390.200195
2012-02-14	5416.049805
2012-02-15	5531.950195
2012-02-16	5521.950195
2012-02-17	5564.299805
2012-02-21	5607.149902
2012-02-22	5505.350098
2012-02-23	5483.299805
2012-02-24	5429.299805
2012-02-27	5281.200195
2012-02-28	5375.5
2012-02-29	5385.200195
2012-03-01	5339.75
2012-03-02	5359.350098
2012-03-05	5280.350098
2012-03-06	5222.399902
2012-03-07	5220.450195
2012-03-09	5333.549805
2012-03-12	5359.549805
2012-03-13	5429.5
2012-03-14	5463.899902
2012-03-15	5380.5
2012-03-16	5317.899902
2012-03-19	5257.049805
2012-03-20	5274.850098
2012-03-21	5364.950195
2012-03-22	5228.450195
2012-03-23	5278.200195
2012-03-26	5184.25
2012-03-27	5243.149902
2012-03-28	5194.75
2012-03-29	5178.850098
2012-03-30	5295.549805
2012-04-02	5317.899902
2012-04-03	5358.5
2012-04-04	5322.899902
2012-04-09	5234.399902
2012-04-10	5243.600098
2012-04-11	5226.850098
2012-04-12	5276.850098
2012-04-13	5207.450195
2012-04-16	5226.200195
2012-04-17	5289.700195
2012-04-18	5300.0
2012-04-19	5332.399902
2012-04-20	5290.850098
2012-04-23	5200.600098
2012-04-24	5222.649902
2012-04-25	5202.0
2012-04-26	5189.0
2012-04-27	5190.600098
2012-04-30	5248.149902
2012-05-02	5239.149902
2012-05-03	5188.399902
2012-05-04	5086.850098
2012-05-07	5114.149902
2012-05-08	4999.950195
2012-05-09	4974.799805
2012-05-10	4965.700195
2012-05-11	4928.899902
2012-05-14	4907.799805
2012-05-15	4942.799805
2012-05-16	4858.25
2012-05-17	4870.200195
2012-05-18	4891.450195
2012-05-22	4860.5
2012-05-23	4835.649902
2012-05-24	4921.399902
2012-05-25	4920.399902
2012-05-28	4985.649902
2012-05-29	4990.100098
2012-05-30	4950.75
2012-05-31	4924.25
2012-06-01	4841.600098
2012-06-04	4848.149902
2012-06-05	4863.299805
2012-06-06	4997.100098
2012-06-07	5049.649902
2012-06-08	5068.350098
2012-06-11	5054.100098
2012-06-12	5115.899902
2012-06-13	5121.450195
2012-06-14	5054.75
2012-06-15	5139.049805
2012-06-18	5064.25
2012-06-19	5103.850098
2012-06-20	5120.549805
2012-06-21	5165.0
2012-06-22	5146.049805
2012-06-25	5114.649902
2012-06-26	5120.799805
2012-06-27	5141.899902
2012-06-28	5149.149902
2012-06-29	5278.899902
2012-07-02	5278.600098
2012-07-03	5287.950195
2012-07-04	5302.549805
2012-07-05	5327.299805
2012-07-06	5316.950195
2012-07-09	5275.149902
2012-07-10	5345.350098
2012-07-11	5306.299805
2012-07-12	5235.25
2012-07-13	5227.25
2012-07-16	5197.25
2012-07-17	5192.850098
2012-07-18	5216.299805
2012-07-19	5242.700195
2012-07-20	5205.100098
2012-07-23	5117.950195
2012-07-24	5128.200195
2012-07-25	5109.600098
2012-07-26	5043.0
2012-07-27	5099.850098
2012-07-30	5199.799805
2012-07-31	5229.0
2012-08-01	5240.5
2012-08-02	5227.75
2012-08-03	5215.700195
2012-08-06	5282.549805
2012-08-07	5336.700195
2012-08-08	5338.0
2012-08-09	5322.950195
2012-08-10	5320.399902
2012-08-13	5347.899902
2012-08-14	5380.350098
2012-08-16	5362.950195
2012-08-17	5366.299805
2012-08-21	5421.0
2012-08-22	5412.850098
2012-08-23	5415.350098
2012-08-24	5386.700195
2012-08-27	5350.25
2012-08-29	5287.799805
2012-08-30	5315.049805
2012-08-31	5258.5
2012-09-03	5253.75
2012-09-04	5274.0
2012-09-05	5225.700195
2012-09-06	5238.399902
2012-09-07	5342.100098
2012-09-10	5363.450195
2012-09-11	5390.0
2012-09-12	5431.0
2012-09-13	5435.350098
2012-09-14	5577.649902
2012-09-17	5610.0
2012-09-18	5600.049805
2012-09-20	5554.25
2012-09-21	5691.149902
2012-09-24	5669.600098
2012-09-25	5673.899902
2012-09-26	5663.450195
2012-09-27	5649.5
2012-09-28	5703.299805
2012-10-01	5718.799805
2012-10-03	5731.25
2012-10-04	5787.600098
2012-10-05	5746.950195
2012-10-08	5676.0
2012-10-09	5704.600098
2012-10-10	5652.149902
2012-10-11	5708.049805
2012-10-12	5676.049805
2012-10-15	5687.25
2012-10-16	5648.0
2012-10-17	5660.25
2012-10-18	5718.700195
2012-10-19	5684.25
2012-10-22	5717.149902
2012-10-23	5691.399902
2012-10-25	5705.299805
2012-10-29	5665.600098
2012-10-30	5597.899902
2012-10-31	5619.700195
2012-11-01	5645.049805
2012-11-02	5697.700195
2012-11-05	5704.200195
2012-11-06	5724.399902
2012-11-07	5760.100098
2012-11-08	5738.75
2012-11-09	5686.25
2012-11-12	5683.700195
2012-11-15	5631.0
2012-11-16	5574.049805
2012-11-19	5571.399902
2012-11-20	5571.549805
2012-11-21	5614.799805
2012-11-22	5627.75
2012-11-23	5626.600098
2012-11-26	5635.899902
2012-11-27	5727.450195
2012-11-29	5825.0
2012-11-30	5879.850098
2012-12-03	5870.950195
2012-12-04	5889.25
2012-12-05	5900.5
2012-12-06	5930.899902
2012-12-07	5907.399902
2012-12-10	5908.899902
2012-12-11	5898.799805
2012-12-12	5888.0
2012-12-13	5851.5
2012-12-14	5879.600098
2012-12-17	5857.899902
2012-12-18	5896.799805
2012-12-19	5929.600098
2012-12-20	5916.399902
2012-12-21	5847.700195
2012-12-24	5855.75
2012-12-26	5905.600098
2012-12-27	5870.100098
2012-12-28	5908.350098
2012-12-31	5905.100098
2013-01-02	5993.25
2013-01-03	6009.5
2013-01-04	6016.149902
2013-01-07	5988.399902
2013-01-08	6001.700195
2013-01-09	5971.5
2013-01-10	5968.649902
2013-01-11	5951.299805
2013-01-14	6024.049805
2013-01-15	6056.600098
2013-01-16	6001.850098
2013-01-17	6039.200195
2013-01-18	6064.399902
2013-01-21	6082.299805
2013-01-22	6048.5
2013-01-23	6054.299805
2013-01-24	6019.350098
2013-01-25	6074.649902
2013-01-28	6074.799805
2013-01-29	6049.899902
2013-01-30	6055.75
2013-01-31	6034.75
2013-02-01	5998.899902
2013-02-04	5987.25
2013-02-05	5956.899902
2013-02-06	5959.200195
2013-02-07	5938.799805
2013-02-08	5903.5
2013-02-11	5897.850098
2013-02-12	5922.5
2013-02-13	5932.950195
2013-02-14	5896.950195
2013-02-15	5887.399902
2013-02-18	5898.200195
2013-02-19	5939.700195
2013-02-20	5943.049805
2013-02-21	5852.25
2013-02-22	5850.299805
2013-02-25	5854.75
2013-02-26	5761.350098
2013-02-27	5796.899902
2013-02-28	5693.049805
2013-03-01	5719.700195
2013-03-04	5698.5
2013-03-05	5784.25
2013-03-06	5818.600098
2013-03-07	5863.299805
2013-03-08	5945.700195
2013-03-11	5942.350098
2013-03-12	5914.100098
2013-03-13	5851.200195
2013-03-14	5908.950195
2013-03-15	5872.600098
2013-03-18	5835.25
2013-03-19	5745.950195
2013-03-20	5694.399902
2013-03-21	5658.75
2013-03-22	5651.350098
2013-03-25	5633.850098
2013-03-26	5641.600098
2013-03-28	5682.549805
2013-04-01	5704.399902
2013-04-02	5748.100098
2013-04-03	5672.899902
2013-04-04	5574.75
2013-04-05	5553.25
2013-04-08	5542.950195
2013-04-09	5495.100098
2013-04-10	5558.700195
2013-04-11	5594.0
2013-04-12	5528.549805
2013-04-15	5568.399902
2013-04-16	5688.950195
2013-04-17	5688.700195
2013-04-18	5783.100098
2013-04-22	5834.399902
2013-04-23	5836.899902
2013-04-25	5916.299805
2013-04-26	5871.450195
2013-04-29	5904.100098
2013-04-30	5930.200195
2013-05-02	5999.350098
2013-05-03	5944.0
2013-05-06	5971.049805
2013-05-07	6043.549805
2013-05-08	6069.299805
2013-05-09	6050.149902
2013-05-10	6094.75
2013-05-13	5980.450195
2013-05-14	5995.399902
2013-05-15	6146.75
2013-05-16	6169.899902
2013-05-17	6187.299805
2013-05-20	6156.899902
2013-05-21	6114.100098
2013-05-22	6094.5
2013-05-23	5967.049805
2013-05-24	5983.549805
2013-05-27	6083.149902
2013-05-28	6111.25
2013-05-29	6104.299805
2013-05-30	6124.049805
2013-05-31	5985.950195
2013-06-03	5939.299805
2013-06-04	5919.450195
2013-06-05	5923.850098
2013-06-06	5921.399902
2013-06-07	5881.0
2013-06-10	5878.0
2013-06-11	5788.799805
2013-06-12	5760.200195
2013-06-13	5699.100098
2013-06-14	5808.399902
2013-06-17	5850.049805
2013-06-18	5813.600098
2013-06-19	5822.25
2013-06-20	5655.899902
2013-06-21	5667.649902
2013-06-24	5590.25
2013-06-25	5609.100098
2013-06-26	5588.700195
2013-06-27	5682.350098
2013-06-28	5842.200195
2013-07-01	5898.850098
2013-07-02	5857.549805
2013-07-03	5770.899902
2013-07-04	5836.950195
2013-07-05	5867.899902
2013-07-08	5811.549805
2013-07-09	5859.0
2013-07-10	5816.700195
2013-07-11	5935.100098
2013-07-12	6009.0
2013-07-15	6030.799805
2013-07-16	5955.25
2013-07-17	5973.299805
2013-07-18	6038.049805
2013-07-19	6029.200195
2013-07-22	6031.799805
2013-07-23	6077.799805
2013-07-24	5990.5
2013-07-25	5907.5
2013-07-26	5886.200195
2013-07-29	5831.649902
2013-07-30	5755.049805
2013-07-31	5742.0
2013-08-01	5727.850098
2013-08-02	5677.899902
2013-08-05	5685.399902
2013-08-06	5542.25
2013-08-07	5519.100098
2013-08-08	5565.649902
2013-08-12	5612.399902
2013-08-13	5699.299805
2013-08-14	5742.299805
2013-08-16	5507.850098
2013-08-19	5414.75
2013-08-20	5401.450195
2013-08-21	5302.549805
2013-08-22	5408.450195
2013-08-23	5471.75
2013-08-26	5476.5
2013-08-27	5287.450195
2013-08-28	5285.0
2013-08-29	5409.049805
2013-08-30	5471.799805
2013-09-02	5550.75
2013-09-03	5341.450195
2013-09-04	5448.100098
2013-09-05	5592.950195
2013-09-06	5680.399902
2013-09-10	5896.75
2013-09-11	5913.149902
2013-09-12	5850.700195
2013-09-13	5850.600098
2013-09-16	5840.549805
2013-09-17	5850.200195
2013-09-18	5899.450195
2013-09-19	6115.549805
2013-09-20	6012.100098
2013-09-23	5889.75
2013-09-24	5892.450195
2013-09-25	5873.850098
2013-09-26	5882.25
2013-09-27	5833.200195
2013-09-30	5735.299805
2013-10-01	5780.049805
2013-10-03	5909.700195
2013-10-04	5907.299805
2013-10-07	5906.149902
2013-10-08	5928.399902
2013-10-09	6007.450195
2013-10-10	6020.950195
2013-10-11	6096.200195
2013-10-14	6112.700195
2013-10-15	6089.049805
2013-10-17	6045.850098
2013-10-18	6189.350098
2013-10-21	6204.950195
2013-10-22	6202.799805
2013-10-23	6178.350098
2013-10-24	6164.350098
2013-10-25	6144.899902
2013-10-28	6101.100098
2013-10-29	6220.899902
2013-10-30	6251.700195
2013-10-31	6299.149902
2013-11-01	6307.200195
2013-11-05	6253.149902
2013-11-06	6215.149902
2013-11-07	6187.25
2013-11-08	6140.75
2013-11-11	6078.799805
2013-11-12	6018.049805
2013-11-13	5989.600098
2013-11-14	6056.149902
2013-11-18	6189.0
2013-11-19	6203.350098
2013-11-20	6122.899902
2013-11-21	5999.049805
2013-11-22	5995.450195
2013-11-25	6115.350098
2013-11-26	6059.100098
2013-11-27	6057.100098
2013-11-28	6091.850098
2013-11-29	6176.100098
2013-12-02	6217.850098
2013-12-03	6201.850098
2013-12-04	6160.950195
2013-12-05	6241.100098
2013-12-06	6259.899902
2013-12-09	6363.899902
2013-12-10	6332.850098
2013-12-11	6307.899902
2013-12-12	6237.049805
2013-12-13	6168.399902
2013-12-16	6154.700195
2013-12-17	6139.049805
2013-12-18	6217.149902
2013-12-19	6166.649902
2013-12-20	6274.25
2013-12-23	6284.5
2013-12-24	6268.399902
2013-12-26	6278.899902
2013-12-27	6313.799805
2013-12-30	6291.100098
2013-12-31	6304.0
2014-01-02	6221.149902
2014-01-03	6211.149902
2014-01-06	6191.450195
2014-01-07	6162.25
2014-01-08	6174.600098
2014-01-09	6168.350098
2014-01-10	6171.450195
2014-01-13	6272.75
2014-01-14	6241.850098
2014-01-15	6320.899902
2014-01-16	6318.899902
2014-01-17	6261.649902
2014-01-20	6303.950195
2014-01-21	6313.799805
2014-01-22	6338.950195
2014-01-23	6345.649902
2014-01-24	6266.75
2014-01-27	6135.850098
2014-01-28	6126.25
2014-01-29	6120.25
2014-01-30	6073.700195
2014-01-31	6089.5
2014-02-03	6001.799805
2014-02-04	6000.899902
2014-02-05	6022.399902
2014-02-06	6036.299805
2014-02-07	6063.200195
2014-02-10	6053.450195
2014-02-11	6062.700195
2014-02-12	6084.0
2014-02-13	6001.100098
2014-02-14	6048.350098
2014-02-17	6073.299805
2014-02-18	6127.100098
2014-02-19	6152.75
2014-02-20	6091.450195
2014-02-21	6155.450195
2014-02-24	6186.100098
2014-02-25	6200.049805
2014-02-26	6238.799805
2014-02-28	6276.950195
2014-03-03	6221.450195
2014-03-04	6297.950195
2014-03-05	6328.649902
2014-03-06	6401.149902
2014-03-07	6526.649902
2014-03-10	6537.25
2014-03-11	6511.899902
2014-03-12	6516.899902
2014-03-13	6493.100098
2014-03-14	6504.200195
2014-03-18	6516.649902
2014-03-19	6524.049805
2014-03-20	6483.100098
2014-03-21	6493.200195
2014-03-24	6583.5
2014-03-25	6589.75
2014-03-26	6601.399902
2014-03-27	6641.75
2014-03-28	6695.899902
2014-03-31	6704.200195
2014-04-01	6721.049805
2014-04-02	6752.549805
2014-04-03	6736.100098
2014-04-04	6694.350098
2014-04-07	6695.049805
2014-04-09	6796.200195
2014-04-10	6796.399902
2014-04-11	6776.299805
2014-04-15	6733.100098
2014-04-16	6675.299805
2014-04-17	6779.399902
2014-04-21	6817.649902
2014-04-22	6815.350098
2014-04-23	6840.799805
2014-04-25	6782.75
2014-04-28	6761.25
2014-04-29	6715.25
2014-04-30	6696.399902
2014-05-02	6694.799805
2014-05-05	6699.350098
2014-05-06	6715.299805
2014-05-07	6652.549805
2014-05-08	6659.850098
2014-05-09	6858.799805
2014-05-12	7014.25
2014-05-13	7108.75
2014-05-14	7108.75
2014-05-15	7123.149902
2014-05-16	7203.0
2014-05-19	7263.549805
2014-05-20	7275.5
2014-05-21	7252.899902
2014-05-22	7276.399902
2014-05-23	7367.100098
2014-05-26	7359.049805
2014-05-27	7318.0
2014-05-28	7329.649902
2014-05-29	7235.649902
2014-05-30	7229.950195
2014-06-02	7362.5
2014-06-03	7415.850098
2014-06-04	7402.25
2014-06-05	7474.100098
2014-06-06	7583.399902
2014-06-09	7654.600098
2014-06-10	7656.399902
2014-06-11	7626.850098
2014-06-12	7649.899902
2014-06-13	7542.100098
2014-06-16	7533.549805
2014-06-17	7631.700195
2014-06-18	7558.200195
2014-06-19	7540.700195
2014-06-20	7511.450195
2014-06-23	7493.350098
2014-06-24	7580.200195
2014-06-25	7569.25
2014-06-26	7493.200195
2014-06-27	7508.799805
2014-06-30	7611.350098
2014-07-01	7634.700195
2014-07-02	7725.149902
2014-07-03	7714.799805
2014-07-04	7751.600098
2014-07-07	7787.149902
2014-07-08	7623.200195
2014-07-09	7585.0
2014-07-10	7567.75
2014-07-11	7459.600098
2014-07-14	7454.149902
2014-07-15	7526.649902
2014-07-16	7624.399902
2014-07-17	7640.450195
2014-07-18	7663.899902
2014-07-21	7684.200195
2014-07-22	7767.850098
2014-07-23	7795.75
2014-07-24	7830.600098
2014-07-25	7790.450195
2014-07-28	7748.700195
2014-07-30	7791.399902
2014-07-31	7721.299805
2014-08-01	7602.600098
2014-08-04	7683.649902
2014-08-05	7746.549805
2014-08-06	7672.049805
2014-08-07	7649.25
2014-08-08	7568.549805
2014-08-11	7625.950195
2014-08-12	7727.049805
2014-08-13	7739.549805
2014-08-14	7791.700195
2014-08-18	7874.25
2014-08-19	7897.5
2014-08-20	7875.299805
2014-08-21	7891.100098
2014-08-22	7913.200195
2014-08-25	7906.299805
2014-08-26	7904.75
2014-08-27	7936.049805
2014-08-28	7954.350098
2014-09-01	8027.700195
2014-09-02	8083.049805
2014-09-03	8114.600098
2014-09-04	8095.950195
2014-09-05	8086.850098
2014-09-08	8173.899902
2014-09-09	8152.950195
2014-09-10	8094.100098
2014-09-11	8085.700195
2014-09-12	8105.5
2014-09-15	8042.0
2014-09-16	7932.899902
2014-09-17	7975.5
2014-09-18	8114.75
2014-09-19	8121.450195
2014-09-22	8146.299805
2014-09-23	8017.549805
2014-09-24	8002.399902
2014-09-25	7911.850098
2014-09-26	7968.850098
2014-09-29	7958.899902
2014-09-30	7964.799805
2014-10-01	7945.549805
2014-10-07	7852.399902
2014-10-08	7842.700195
2014-10-09	7960.549805
2014-10-10	7859.950195
2014-10-13	7884.25
2014-10-14	7864.0
2014-10-16	7748.200195
2014-10-17	7779.700195
2014-10-20	7879.399902
2014-10-21	7927.75
2014-10-22	7995.899902
2014-10-27	7991.700195
2014-10-28	8027.600098
2014-10-29	8090.450195
2014-10-30	8169.200195
2014-10-31	8322.200195
2014-11-03	8324.150391
2014-11-05	8338.299805
2014-11-07	8337.0
2014-11-10	8344.25
2014-11-11	8362.650391
2014-11-12	8383.299805
2014-11-13	8357.849609
2014-11-14	8389.900391
2014-11-17	8430.75
2014-11-18	8425.900391
2014-11-19	8382.299805
2014-11-20	8401.900391
2014-11-21	8477.349609
2014-11-24	8530.150391
2014-11-25	8463.099609
2014-11-26	8475.75
2014-11-27	8494.200195
2014-11-28	8588.25
2014-12-01	8555.900391
2014-12-02	8524.700195
2014-12-03	8537.650391
2014-12-04	8564.400391
2014-12-05	8538.299805
2014-12-08	8438.25
2014-12-09	8340.700195
2014-12-10	8355.650391
2014-12-11	8292.900391
2014-12-12	8224.099609
2014-12-15	8219.599609
2014-12-16	8067.600098
2014-12-17	8029.799805
2014-12-18	8159.299805
2014-12-19	8225.200195
2014-12-22	8324.0
2014-12-23	8267.0
2014-12-24	8174.100098
2014-12-26	8200.700195
2014-12-29	8246.299805
2014-12-30	8248.25
2014-12-31	8282.700195
2015-01-02	8395.450195
2015-01-05	8378.400391
2015-01-06	8127.350098
2015-01-07	8102.100098
2015-01-08	8234.599609
2015-01-09	8284.5
2015-01-12	8323.0
2015-01-13	8299.400391
2015-01-14	8277.549805
2015-01-15	8494.150391
2015-01-16	8513.799805
2015-01-19	8550.700195
2015-01-20	8695.599609
2015-01-21	8729.5
2015-01-22	8761.400391
2015-01-23	8835.599609
2015-01-27	8910.5
2015-01-28	8914.299805
2015-01-29	8952.349609
2015-01-30	8808.900391
2015-02-02	8797.400391
2015-02-03	8756.549805
2015-02-04	8723.700195
2015-02-05	8711.700195
2015-02-06	8661.049805
2015-02-09	8526.349609
2015-02-10	8565.549805
2015-02-11	8627.400391
2015-02-12	8711.549805
2015-02-13	8805.5
2015-02-16	8809.349609
2015-02-18	8869.099609
2015-02-19	8895.299805
2015-02-20	8833.599609
2015-02-23	8754.950195
2015-02-24	8762.099609
2015-02-25	8767.25
2015-02-26	8683.849609
2015-02-27	8844.599609
2015-03-02	8956.75
2015-03-03	8996.25
2015-03-04	8922.650391
2015-03-05	8937.75
2015-03-09	8756.75
2015-03-10	8712.049805
2015-03-11	8699.950195
2015-03-12	8776.0
2015-03-13	8647.75
2015-03-16	8633.150391
2015-03-17	8723.299805
2015-03-18	8685.900391
2015-03-19	8634.650391
2015-03-20	8570.900391
2015-03-23	8550.900391
2015-03-24	8542.950195
2015-03-25	8530.799805
2015-03-26	8342.150391
2015-03-27	8341.400391
2015-03-30	8492.299805
2015-03-31	8491.0
2015-04-01	8586.25
2015-04-06	8659.900391
2015-04-07	8660.299805
2015-04-08	8714.400391
2015-04-09	8778.299805
2015-04-10	8780.349609
2015-04-13	8834.0
2015-04-16	8706.700195
2015-04-17	8606.0
2015-04-20	8448.099609
2015-04-21	8377.75
2015-04-22	8429.700195
2015-04-23	8398.299805
2015-04-24	8305.25
2015-04-27	8213.799805
2015-04-28	8285.599609
2015-04-29	8239.75
2015-04-30	8181.5
2015-05-04	8331.950195
2015-05-05	8324.799805
2015-05-06	8097.0
2015-05-07	8057.299805
2015-05-08	8191.5
2015-05-11	8325.25
2015-05-12	8126.950195
2015-05-13	8235.450195
2015-05-14	8224.200195
2015-05-15	8262.349609
2015-05-18	8373.650391
2015-05-19	8365.650391
2015-05-20	8423.25
2015-05-21	8421.0
2015-05-22	8458.950195
2015-05-25	8370.25
2015-05-26	8339.349609
2015-05-27	8334.599609
2015-05-28	8319.0
2015-05-29	8433.650391
2015-06-01	8433.400391
2015-06-02	8236.450195
2015-06-03	8135.100098
2015-06-04	8130.649902
2015-06-05	8114.700195
2015-06-08	8044.149902
2015-06-09	8022.399902
2015-06-10	8124.450195
2015-06-11	7965.350098
2015-06-12	7982.899902
2015-06-15	8013.899902
2015-06-16	8047.299805
2015-06-17	8091.549805
2015-06-18	8174.600098
2015-06-19	8224.950195
2015-06-22	8353.099609
2015-06-23	8381.549805
2015-06-24	8360.849609
2015-06-25	8398.0
2015-06-26	8381.099609
2015-06-29	8318.400391
2015-06-30	8368.5
2015-07-01	8453.049805
2015-07-02	8444.900391
2015-07-03	8484.900391
2015-07-06	8522.150391
2015-07-07	8510.799805
2015-07-08	8363.049805
2015-07-09	8328.549805
2015-07-10	8360.549805
2015-07-13	8459.650391
2015-07-14	8454.099609
2015-07-15	8523.799805
2015-07-16	8608.049805
2015-07-17	8609.849609
2015-07-20	8603.450195
2015-07-21	8529.450195
2015-07-22	8633.5
2015-07-23	8589.799805
2015-07-24	8521.549805
2015-07-27	8361.0
2015-07-28	8337.0
2015-07-29	8375.049805
2015-07-30	8421.799805
2015-07-31	8532.849609
2015-08-03	8543.049805
2015-08-04	8516.900391
2015-08-05	8567.950195
2015-08-06	8588.650391
2015-08-07	8564.599609
2015-08-10	8525.599609
2015-08-11	8462.349609
2015-08-12	8349.450195
2015-08-13	8355.849609
2015-08-14	8518.549805
2015-08-17	8477.299805
2015-08-18	8466.549805
2015-08-19	8495.150391
2015-08-20	8372.75
2015-08-21	8299.950195
2015-08-24	7809.0
2015-08-25	7880.700195
2015-08-26	7791.850098
2015-08-27	7948.950195
2015-08-28	8001.950195
2015-08-31	7971.299805
2015-09-01	7785.850098
2015-09-02	7717.0
2015-09-03	7823.0
2015-09-04	7655.049805
2015-09-07	7558.799805
2015-09-08	7688.25
2015-09-09	7818.600098
2015-09-10	7788.100098
2015-09-11	7789.299805
2015-09-14	7872.25
2015-09-15	7829.100098
2015-09-16	7899.149902
2015-09-18	7981.899902
2015-09-21	7977.100098
2015-09-22	7812.0
2015-09-23	7845.950195
2015-09-24	7868.5
2015-09-28	7795.700195
2015-09-29	7843.299805
2015-09-30	7948.899902
2015-10-01	7950.899902
2015-10-05	8119.299805
2015-10-06	8152.899902
2015-10-07	8177.399902
2015-10-08	8129.350098
2015-10-09	8189.700195
2015-10-12	8143.600098
2015-10-13	8131.700195
2015-10-14	8107.899902
2015-10-15	8179.5
2015-10-16	8238.150391
2015-10-19	8275.049805
2015-10-20	8261.650391
2015-10-21	8251.700195
2015-10-23	8295.450195
2015-10-26	8260.549805
2015-10-27	8232.900391
2015-10-28	8171.200195
2015-10-29	8111.75
2015-10-30	8065.799805
2015-11-02	8050.799805
2015-11-03	8060.700195
2015-11-04	8040.200195
2015-11-05	7955.450195
2015-11-06	7954.299805
2015-11-09	7915.200195
2015-11-10	7783.350098
2015-11-13	7762.25
2015-11-16	7806.600098
2015-11-17	7837.549805
2015-11-18	7731.799805
2015-11-19	7842.75
2015-11-20	7856.549805
2015-11-23	7849.25
2015-11-24	7831.600098
2015-11-26	7883.799805
2015-11-27	7942.700195
2015-11-30	7935.25
2015-12-01	7954.899902
2015-12-02	7931.350098
2015-12-03	7864.149902
2015-12-04	7781.899902
2015-12-07	7765.399902
2015-12-08	7701.700195
2015-12-09	7612.5
2015-12-10	7683.299805
2015-12-11	7610.450195
2015-12-14	7650.049805
2015-12-15	7700.899902
2015-12-16	7750.899902
2015-12-17	7844.350098
2015-12-18	7761.950195
2015-12-21	7834.450195
2015-12-22	7786.100098
2015-12-23	7865.950195
2015-12-24	7861.049805
2015-12-28	7925.149902
2015-12-29	7928.950195
2015-12-30	7896.25
2015-12-31	7946.350098
2016-01-04	7791.299805
2016-01-05	7784.649902
2016-01-06	7741.0
2016-01-07	7568.299805
2016-01-08	7601.350098
2016-01-11	7563.850098
2016-01-12	7510.299805
2016-01-13	7562.399902
2016-01-14	7536.799805
2016-01-15	7437.799805
2016-01-18	7351.0
2016-01-19	7435.100098
2016-01-20	7309.299805
2016-01-21	7276.799805
2016-01-22	7422.450195
2016-01-25	7436.149902
2016-01-27	7437.75
2016-01-28	7424.649902
2016-01-29	7563.549805
2016-02-01	7555.950195
2016-02-02	7455.549805
2016-02-03	7361.799805
2016-02-04	7404.0
2016-02-05	7489.100098
2016-02-08	7387.25
2016-02-09	7298.200195
2016-02-10	7215.700195
2016-02-11	6976.350098
2016-02-12	6980.950195
2016-02-15	7162.950195
2016-02-16	7048.25
2016-02-17	7108.450195
2016-02-18	7191.75
2016-02-19	7210.75
2016-02-22	7234.549805
2016-02-23	7109.549805
2016-02-24	7018.700195
2016-02-25	6970.600098
2016-02-26	7029.75
2016-02-29	6987.049805
2016-03-01	7222.299805
2016-03-02	7368.850098
2016-03-03	7475.600098
2016-03-04	7485.350098
2016-03-08	7485.299805
2016-03-09	7531.799805
2016-03-10	7486.149902
2016-03-11	7510.200195
2016-03-14	7538.75
2016-03-15	7460.600098
2016-03-16	7498.75
2016-03-17	7512.549805
2016-03-18	7604.350098
2016-03-21	7704.25
2016-03-22	7714.899902
2016-03-23	7716.5
2016-03-28	7615.100098
2016-03-29	7597.0
2016-03-30	7735.200195
2016-03-31	7738.399902
2016-04-01	7713.049805
2016-04-04	7758.799805
2016-04-05	7603.200195
2016-04-06	7614.350098
2016-04-07	7546.450195
2016-04-08	7555.200195
2016-04-11	7671.399902
2016-04-12	7708.950195
2016-04-13	7850.450195
2016-04-18	7914.700195
2016-04-20	7914.75
2016-04-21	7912.049805
2016-04-22	7899.299805
2016-04-25	7855.049805
2016-04-26	7962.649902
2016-04-27	7979.899902
2016-04-28	7847.25
2016-04-29	7849.799805
2016-05-02	7805.899902
2016-05-03	7747.0
2016-05-04	7706.549805
2016-05-05	7735.5
2016-05-06	7733.450195
2016-05-09	7866.049805
2016-05-10	7887.799805
2016-05-11	7848.850098
2016-05-12	7900.399902
2016-05-13	7814.899902
2016-05-16	7860.75
2016-05-17	7890.75
2016-05-18	7870.149902
2016-05-19	7783.399902
2016-05-20	7749.700195
2016-05-23	7731.049805
2016-05-24	7748.850098
2016-05-25	7934.899902
2016-05-26	8069.649902
2016-05-27	8156.649902
2016-05-30	8178.5
2016-05-31	8160.100098
2016-06-01	8179.950195
2016-06-02	8218.950195
2016-06-03	8220.799805
2016-06-06	8201.049805
2016-06-07	8266.450195
2016-06-08	8273.049805
2016-06-09	8203.599609
2016-06-10	8170.049805
2016-06-13	8110.600098
2016-06-14	8108.850098
2016-06-15	8206.599609
2016-06-16	8140.75
2016-06-17	8170.200195
2016-06-20	8238.5
2016-06-21	8219.900391
2016-06-22	8203.700195
2016-06-23	8270.450195
2016-06-24	8088.600098
2016-06-27	8094.700195
2016-06-28	8127.850098
2016-06-29	8204.0
2016-06-30	8287.75
2016-07-01	8328.349609
2016-07-04	8370.700195
2016-07-05	8335.950195
2016-07-07	8337.900391
2016-07-08	8323.200195
2016-07-11	8467.900391
2016-07-12	8521.049805
2016-07-13	8519.5
2016-07-14	8565.0
2016-07-15	8541.400391
2016-07-18	8508.700195
2016-07-19	8528.549805
2016-07-20	8565.849609
2016-07-21	8510.099609
2016-07-22	8541.200195
2016-07-25	8635.650391
2016-07-26	8590.650391
2016-07-27	8615.799805
2016-07-28	8666.299805
2016-07-29	8638.5
2016-08-01	8636.549805
2016-08-02	8622.900391
2016-08-03	8544.849609
2016-08-04	8551.099609
2016-08-05	8683.150391
2016-08-08	8711.349609
2016-08-09	8678.25
2016-08-10	8575.299805
2016-08-11	8592.150391
2016-08-16	8642.549805
2016-08-17	8624.049805
2016-08-18	8673.25
2016-08-19	8666.900391
2016-08-22	8629.150391
2016-08-23	8632.599609
2016-08-24	8650.299805
2016-08-25	8592.200195
2016-08-26	8572.549805
2016-08-29	8607.450195
2016-08-30	8744.349609
2016-08-31	8786.200195
2016-09-01	8774.650391
2016-09-02	8809.650391
2016-09-06	8943.0
2016-09-07	8917.950195
2016-09-08	8952.5
2016-09-09	8866.700195
2016-09-12	8715.599609
2016-09-14	8726.599609
2016-09-15	8742.549805
2016-09-16	8779.849609
2016-09-19	8808.400391
2016-09-20	8775.900391
2016-09-21	8777.150391
2016-09-22	8867.450195
2016-09-23	8831.549805
2016-09-26	8723.049805
2016-09-27	8706.400391
2016-09-28	8745.150391
2016-09-29	8591.25
2016-09-30	8611.150391
2016-10-03	8738.099609
2016-10-04	8769.150391
2016-10-05	8743.950195
2016-10-06	8709.549805
2016-10-07	8697.599609
2016-10-10	8708.799805
2016-10-13	8573.349609
2016-10-14	8583.400391
2016-10-17	8520.400391
2016-10-18	8677.900391
2016-10-19	8659.099609
2016-10-20	8699.400391
2016-10-21	8693.049805
2016-10-24	8708.950195
2016-10-25	8691.299805
2016-10-26	8615.25
2016-10-27	8615.25
2016-10-28	8638.0
2016-11-01	8626.25
2016-11-02	8514.0
2016-11-03	8484.950195
2016-11-04	8433.75
2016-11-07	8497.049805
2016-11-08	8543.549805
2016-11-09	8432.0
2016-11-10	8525.75
2016-11-11	8296.299805
2016-11-15	8108.450195
2016-11-16	8111.600098
2016-11-17	8079.950195
2016-11-18	8074.100098
2016-11-21	7929.100098
2016-11-22	8002.299805
2016-11-23	8033.299805
2016-11-24	7965.5
2016-11-25	8114.299805
2016-11-28	8126.899902
2016-11-29	8142.149902
2016-11-30	8224.5
2016-12-01	8192.900391
2016-12-02	8086.799805
2016-12-05	8128.75
2016-12-06	8143.149902
2016-12-07	8102.049805
2016-12-08	8246.849609
2016-12-09	8261.75
2016-12-12	8170.799805
2016-12-13	8221.799805
2016-12-14	8182.450195
2016-12-15	8153.600098
2016-12-16	8139.450195
2016-12-19	8104.350098
2016-12-20	8082.399902
2016-12-21	8061.299805
2016-12-22	7979.100098
2016-12-23	7985.75
2016-12-26	7908.25
2016-12-27	8032.850098
2016-12-28	8034.850098
2016-12-29	8103.600098
2016-12-30	8185.799805
2017-01-02	8179.5
2017-01-03	8192.25
2017-01-04	8190.5
2017-01-05	8273.799805
2017-01-06	8243.799805
2017-01-09	8236.049805
2017-01-10	8288.599609
2017-01-11	8380.650391
2017-01-12	8407.200195
2017-01-13	8400.349609
2017-01-16	8412.799805
2017-01-17	8398.0
2017-01-18	8417.0
2017-01-19	8435.099609
2017-01-20	8349.349609
2017-01-23	8391.5
2017-01-24	8475.799805
2017-01-25	8602.75
2017-01-27	8641.25
2017-01-30	8632.75
2017-01-31	8561.299805
2017-02-01	8716.400391
2017-02-02	8734.25
2017-02-03	8740.950195
2017-02-06	8801.049805
2017-02-07	8768.299805
2017-02-08	8769.049805
2017-02-09	8778.400391
2017-02-10	8793.549805
2017-02-13	8805.049805
2017-02-14	8792.299805
2017-02-15	8724.700195
2017-02-16	8778.0
2017-02-17	8821.700195
2017-02-20	8879.200195
2017-02-21	8907.849609
2017-02-22	8926.900391
2017-02-23	8939.5
2017-02-27	8896.700195
2017-02-28	8879.599609
2017-03-01	8945.799805
2017-03-02	8899.75
2017-03-03	8897.549805
2017-03-06	8963.450195
2017-03-07	8946.900391
2017-03-08	8924.299805
2017-03-09	8927.0
2017-03-10	8934.549805
2017-03-14	9087.0
2017-03-15	9084.799805
2017-03-16	9153.700195
2017-03-17	9160.049805
2017-03-20	9126.849609
2017-03-21	9121.5
2017-03-22	9030.450195
2017-03-23	9086.299805
2017-03-24	9108.0
2017-03-27	9045.200195
2017-03-28	9100.799805
2017-03-29	9143.799805
2017-03-30	9173.75
2017-03-31	9173.75
2017-04-03	9237.849609
2017-04-05	9265.150391
2017-04-06	9261.950195
2017-04-07	9198.299805
2017-04-10	9181.450195
2017-04-11	9237.0
2017-04-12	9203.450195
2017-04-13	9150.799805
2017-04-17	9139.299805
2017-04-18	9105.150391
2017-04-19	9103.5
2017-04-20	9136.400391
2017-04-21	9119.400391
2017-04-24	9217.950195
2017-04-25	9306.599609
2017-04-26	9351.849609
2017-04-27	9342.150391
2017-04-28	9304.049805
2017-05-02	9313.799805
2017-05-03	9311.950195
2017-05-04	9359.900391
2017-05-05	9285.299805
2017-05-08	9314.049805
2017-05-09	9316.849609
2017-05-10	9407.299805
2017-05-11	9422.400391
2017-05-12	9400.900391
2017-05-15	9445.400391
2017-05-16	9512.25
2017-05-17	9525.75
2017-05-18	9429.450195
2017-05-19	9427.900391
2017-05-22	9438.25
2017-05-23	9386.150391
2017-05-24	9360.549805
2017-05-25	9509.75
2017-05-26	9595.099609
2017-05-29	9604.900391
2017-05-30	9624.549805
2017-05-31	9621.25
2017-06-01	9616.099609
2017-06-02	9653.5
2017-06-05	9675.099609
2017-06-06	9637.150391
2017-06-07	9663.900391
2017-06-08	9647.25
2017-06-09	9668.25
2017-06-12	9616.400391
2017-06-13	9606.900391
2017-06-14	9618.150391
2017-06-15	9578.049805
2017-06-16	9588.049805
2017-06-19	9657.549805
2017-06-20	9653.5
2017-06-21	9633.599609
2017-06-22	9630.0
2017-06-23	9574.950195
2017-06-27	9511.400391
2017-06-28	9491.25
2017-06-29	9504.099609
2017-06-30	9520.900391
2017-07-03	9615.0
2017-07-04	9613.299805
2017-07-05	9637.599609
2017-07-06	9674.549805
2017-07-07	9665.799805
2017-07-10	9771.049805
2017-07-11	9786.049805
2017-07-12	9816.099609
2017-07-13	9891.700195
2017-07-14	9886.349609
2017-07-17	9915.950195
2017-07-18	9827.150391
2017-07-19	9899.599609
2017-07-20	9873.299805
2017-07-21	9915.25
2017-07-24	9966.400391
2017-07-25	9964.549805
2017-07-26	10020.650391
2017-07-27	10020.549805
2017-07-28	10014.5
2017-07-31	10077.099609
2017-08-01	10114.650391
2017-08-02	10081.5
2017-08-03	10013.650391
2017-08-04	10066.400391
2017-08-07	10057.400391
2017-08-08	9978.549805
2017-08-09	9908.049805
2017-08-10	9820.25
2017-08-11	9710.799805
2017-08-14	9794.150391
2017-08-16	9897.299805
2017-08-17	9904.150391
2017-08-18	9837.400391
2017-08-21	9754.349609
2017-08-22	9765.549805
2017-08-23	9852.5
2017-08-24	9857.049805
2017-08-28	9912.799805
2017-08-29	9796.049805
2017-08-30	9884.400391
2017-08-31	9917.900391
2017-09-01	9974.400391
2017-09-04	9912.849609
2017-09-05	9952.200195
2017-09-06	9916.200195
2017-09-07	9929.900391
2017-09-08	9934.799805
2017-09-11	10006.049805
2017-09-12	10093.049805
2017-09-13	10079.299805
2017-09-14	10086.599609
2017-09-15	10085.400391
2017-09-18	10153.099609
2017-09-19	10147.549805
2017-09-20	10141.150391
2017-09-21	10121.900391
2017-09-22	9964.400391
2017-09-25	9872.599609
2017-09-26	9871.5
2017-09-27	9735.75
2017-09-28	9768.950195
2017-09-29	9788.599609
2017-10-03	9859.5
2017-10-04	9914.900391
2017-10-05	9888.700195
2017-10-06	9979.700195
2017-10-09	9988.75
2017-10-10	10016.950195
2017-10-11	9984.799805
2017-10-12	10096.400391
2017-10-13	10167.450195
2017-10-16	10230.849609
2017-10-17	10234.450195
2017-10-18	10210.849609
2017-10-23	10184.849609
2017-10-24	10207.700195
2017-10-25	10295.349609
2017-10-26	10343.799805
2017-10-27	10323.049805
2017-10-30	10363.650391
2017-10-31	10335.299805
2017-11-01	10440.5
2017-11-02	10423.799805
2017-11-03	10452.5
2017-11-06	10451.799805
2017-11-07	10350.150391
2017-11-08	10303.150391
2017-11-09	10308.950195
2017-11-10	10321.75
2017-11-13	10224.950195
2017-11-14	10186.599609
2017-11-15	10118.049805
2017-11-16	10214.75
2017-11-17	10283.599609
2017-11-20	10298.75
2017-11-21	10326.900391
2017-11-22	10342.299805
2017-11-23	10348.75
2017-11-24	10389.700195
2017-11-27	10399.549805
2017-11-28	10370.25
2017-11-29	10361.299805
2017-11-30	10226.549805
2017-12-01	10121.799805
2017-12-04	10127.75
2017-12-05	10118.25
2017-12-06	10044.099609
2017-12-07	10166.700195
2017-12-08	10265.650391
2017-12-11	10322.25
2017-12-12	10240.150391
2017-12-13	10192.950195
2017-12-14	10252.099609
2017-12-15	10333.25
2017-12-18	10388.75
2017-12-19	10463.200195
2017-12-20	10444.200195
2017-12-21	10440.299805
2017-12-22	10493.0
2017-12-26	10531.5
2017-12-27	10490.75
2017-12-28	10477.900391
2017-12-29	10530.700195
