2003-01-02	1954.959961
2003-01-05	1981.099976
2003-01-06	1992.420044
2003-01-07	1987.98999
2003-01-08	1984.449951
2003-01-09	1998.910034
2003-01-12	2006.140015
2003-01-13	2003.550049
2003-01-14	2014.829956
2003-01-15	2008.930054
2003-01-16	2004.410034
2003-01-19	1985.98999
2003-01-20	1979.780029
2003-01-21	1973.609985
2003-01-22	1981.560059
2003-01-23	1989.27002
2003-01-26	1984.719971
2003-01-27	1973.51001
2003-01-28	1975.670044
2003-01-29	1962.819946
2003-01-30	1953.219971
2003-02-02	1958.449951
2003-02-03	1975.579956
2003-02-04	1949.569946
2003-02-06	1927.880005
2003-02-09	1946.599976
2003-02-10	1958.619995
2003-02-11	1937.540039
2003-02-12	1923.050049
2003-02-13	1920.930054
2003-02-16	1946.920044
2003-02-17	1947.030029
2003-02-18	1952.27002
2003-02-19	1936.089966
2003-02-20	1916.290039
2003-02-23	1902.869995
2003-02-24	1869.719971
2003-02-25	1873.930054
2003-02-26	1875.449951
2003-02-27	1880.849976
2003-03-02	1886.119995
2003-03-03	1901.390015
2003-03-04	1910.329956
2003-03-05	1909.959961
2003-03-06	1902.48999
2003-03-09	1907.52002
2003-03-10	1901.859985
2003-03-11	1893.579956
2003-03-12	1872.949951
2003-03-13	1898.449951
2003-03-16	1888.790039
2003-03-17	1912.02002
2003-03-18	1895.859985
2003-03-19	1902.069946
2003-03-20	1908.030029
2003-03-23	1916.439941
2003-03-24	1905.410034
2003-03-25	1908.160034
2003-03-26	1914.079956
2003-03-27	1919.22998
2003-03-30	1931.609985
2003-03-31	1924.77002
2003-04-01	1933.599976
2003-04-02	1931.609985
2003-04-03	1945.97998
2003-04-06	1975.589966
2003-04-07	1972.060059
2003-04-08	1974.530029
2003-04-09	1947.300049
2003-04-10	1959.829956
2003-04-13	1981.719971
2003-04-14	2006.119995
2003-04-15	1981.420044
2003-04-16	1970.329956
2003-04-21	1964.439941
2003-04-22	1978.890015
2003-04-23	1994.359985
2003-04-27	1973.630005
2003-04-28	1993.040039
2003-04-29	2013.310059
2003-04-30	1999.439941
2003-05-01	1955.449951
2003-05-04	1960.420044
2003-05-05	1977.869995
2003-05-06	1978.060059
2003-05-07	1977.859985
2003-05-08	1979.430054
2003-05-11	2000.410034
2003-05-12	2009.77002
2003-05-13	2017.280029
2003-05-14	2019.01001
2003-05-15	2020.099976
2003-05-18	2009.630005
2003-05-19	2009.609985
2003-05-20	2013.219971
2003-05-21	2033.119995
2003-05-22	2044.77002
2003-05-25	2048.01001
2003-05-26	2058.659912
2003-05-27	2064.52002
2003-05-28	2084.76001
2003-05-29	2087.060059
2003-06-02	2089.629883
2003-06-03	2083.320068
2003-06-04	2101.77002
2003-06-05	2108.919922
2003-06-08	2109.399902
2003-06-09	2112.080078
2003-06-10	2105.870117
2003-06-11	2113.290039
2003-06-12	2121.48999
2003-06-15	2140.51001
2003-06-16	2167.149902
2003-06-17	2169.72998
2003-06-18	2180.379883
2003-06-19	2188.300049
2003-06-22	2184.899902
2003-06-23	2167.959961
2003-06-24	2169.840088
2003-06-25	2165.419922
2003-06-26	2172.469971
2003-06-29	2212.52002
2003-06-30	2186.209961
2003-07-01	2196.070068
2003-07-02	2192.340088
2003-07-03	2181.530029
2003-07-06	2171.25
2003-07-07	2157.040039
2003-07-08	2131.810059
2003-07-09	2129.209961
2003-07-10	2131.669922
2003-07-13	2135.290039
2003-07-14	2131.840088
2003-07-15	2104.280029
2003-07-16	2104.98999
2003-07-17	2110.370117
2003-07-20	2137.060059
2003-07-21	2130.399902
2003-07-22	2149.929932
2003-07-23	2163.25
2003-07-24	2169.47998
2003-07-27	2172.120117
2003-07-28	2157.860107
2003-07-29	2146.97998
2003-07-30	2146.350098
2003-07-31	2157.840088
2003-08-03	2159.409912
2003-08-04	2176.879883
2003-08-05	2180.590088
2003-08-06	2178.5
2003-08-07	2202.25
2003-08-10	2207.030029
2003-08-11	2203.399902
2003-08-12	2217.52002
2003-08-13	2204.72998
2003-08-14	2190.280029
2003-08-17	2208.929932
2003-08-18	2217.550049
2003-08-19	2196.649902
2003-08-20	2178.090088
2003-08-21	2174.620117
2003-08-24	2171.969971
2003-08-25	2184.179932
2003-08-26	2178.120117
2003-08-27	2188.320068
2003-08-28	2214.909912
2003-08-31	2208.409912
2003-09-01	2206.689941
2003-09-02	2216.76001
2003-09-03	2218.879883
2003-09-04	2223.360107
2003-09-07	2216.649902
2003-09-08	2218.25
2003-09-09	2213.73999
2003-09-10	2213.389893
2003-09-11	2210.23999
2003-09-14	2231.73999
2003-09-15	2221.459961
2003-09-16	2240.02002
2003-09-17	2239.97998
2003-09-18	2260.870117
2003-09-21	2267.600098
2003-09-22	2271.48999
2003-09-23	2275.560059
2003-09-24	2272.790039
2003-09-25	2274.209961
2003-09-28	2270.590088
2003-09-29	2280.830078
2003-09-30	2272.52002
2003-10-01	2278.52002
2003-10-02	2293.169922
2003-10-05	2302.209961
2003-10-06	2298.780029
2003-10-07	2297.590088
2003-10-08	2300.939941
2003-10-09	2293.350098
2003-10-12	2299.72998
2003-10-13	2281.550049
2003-10-14	2288.959961
2003-10-15	2294.820068
2003-10-16	2310.48999
2003-10-19	2310.959961
2003-10-20	2312.860107
2003-10-21	2309.0
2003-10-22	2293.449951
2003-10-23	2291.600098
2003-10-27	2298.080078
2003-10-28	2318.209961
2003-10-29	2312.290039
2003-10-30	2306.919922
2003-11-02	2315.179932
2003-11-03	2325.820068
2003-11-04	2321.600098
2003-11-05	2309.780029
2003-11-06	2317.939941
2003-11-09	2312.060059
2003-11-10	2333.600098
2003-11-11	2321.860107
2003-11-12	2324.530029
2003-11-13	2319.540039
2003-11-16	2323.810059
2003-11-17	2333.629883
2003-11-18	2339.870117
2003-11-19	2341.98999
2003-11-20	2327.570068
2003-11-23	2328.719971
2003-11-24	2333.120117
2003-11-25	2346.800049
2003-11-26	2339.340088
2003-11-27	2345.840088
2003-11-30	2369.149902
2003-12-01	2369.459961
2003-12-02	2362.0
2003-12-03	2366.560059
2003-12-04	2361.590088
2003-12-07	2366.219971
2003-12-08	2380.580078
2003-12-09	2375.98999
2003-12-10	2374.320068
2003-12-11	2384.51001
2003-12-14	2406.939941
2003-12-15	2393.169922
2003-12-16	2387.22998
2003-12-17	2396.620117
2003-12-18	2394.459961
2003-12-21	2406.810059
2003-12-22	2417.370117
2003-12-23	2434.139893
2003-12-28	2434.0
2003-12-29	2441.939941
2003-12-30	2450.340088
2004-01-04	2453.02002
2004-01-05	2472.879883
2004-01-06	2475.199951
2004-01-07	2456.98999
2004-01-08	2464.75
2004-01-11	2476.820068
2004-01-12	2462.72998
2004-01-13	2440.399902
2004-01-14	2468.870117
2004-01-15	2479.77002
2004-01-18	2496.300049
2004-01-19	2509.179932
2004-01-20	2501.649902
2004-01-21	2493.439941
2004-01-22	2503.25
2004-01-25	2503.139893
2004-01-26	2524.23999
2004-01-27	2519.919922
2004-01-28	2485.879883
2004-01-29	2471.51001
2004-02-01	2456.120117
2004-02-02	2448.75
2004-02-03	2432.550049
2004-02-04	2431.379883
2004-02-08	2453.639893
2004-02-09	2457.72998
2004-02-10	2439.050049
2004-02-11	2429.070068
2004-02-12	2441.879883
2004-02-15	2431.050049
2004-02-16	2418.560059
2004-02-17	2434.790039
2004-02-18	2434.25
2004-02-19	2426.830078
2004-02-22	2422.159912
2004-02-23	2420.929932
2004-02-24	2431.820068
2004-02-25	2436.530029
2004-02-26	2440.47998
2004-02-29	2441.75
2004-03-01	2450.659912
2004-03-02	2463.139893
2004-03-03	2473.179932
2004-03-04	2473.199951
2004-03-07	2478.129883
2004-03-08	2494.580078
2004-03-09	2489.350098
2004-03-10	2512.120117
2004-03-11	2514.580078
2004-03-14	2504.209961
2004-03-15	2502.310059
2004-03-16	2510.300049
2004-03-17	2508.5
2004-03-18	2507.5
2004-03-21	2517.47998
2004-03-22	2526.52002
2004-03-23	2533.050049
2004-03-24	2547.76001
2004-03-25	2575.620117
2004-03-28	2578.050049
2004-03-29	2590.889893
2004-03-30	2593.02002
2004-03-31	2591.070068
2004-04-01	2590.050049
2004-04-04	2593.439941
2004-04-05	2622.030029
2004-04-06	2614.689941
2004-04-07	2611.129883
2004-04-12	2604.810059
2004-04-13	2602.409912
2004-04-14	2610.51001
2004-04-15	2609.300049
2004-04-18	2624.030029
2004-04-19	2636.389893
2004-04-20	2648.77002
2004-04-21	2648.219971
2004-04-22	2654.840088
2004-04-25	2645.300049
2004-04-26	2648.360107
2004-04-27	2656.22998
2004-04-28	2640.25
2004-04-29	2631.149902
2004-05-02	2612.570068
2004-05-03	2622.129883
2004-05-04	2617.389893
2004-05-05	2610.139893
2004-05-06	2595.51001
2004-05-09	2576.969971
2004-05-10	2568.110107
2004-05-11	2566.580078
2004-05-12	2568.810059
2004-05-13	2564.72998
2004-05-16	2588.959961
2004-05-17	2584.139893
2004-05-18	2612.419922
2004-05-19	2605.110107
2004-05-20	2594.780029
2004-05-23	2599.110107
2004-05-24	2575.899902
2004-05-25	2579.080078
2004-05-26	2587.600098
2004-05-27	2589.159912
2004-05-30	2595.72998
2004-05-31	2597.75
2004-06-01	2597.959961
2004-06-02	2613.590088
2004-06-03	2612.399902
2004-06-07	2620.830078
2004-06-08	2611.209961
2004-06-09	2603.800049
2004-06-13	2624.02002
2004-06-14	2618.290039
2004-06-15	2622.129883
2004-06-16	2625.600098
2004-06-17	2640.189941
2004-06-20	2638.100098
2004-06-21	2656.26001
2004-06-22	2667.389893
2004-06-23	2660.790039
2004-06-24	2666.75
2004-06-27	2661.110107
2004-06-28	2669.639893
2004-06-29	2696.070068
2004-06-30	2692.209961
2004-07-01	2693.399902
2004-07-04	2692.639893
2004-07-05	2687.600098
2004-07-06	2700.709961
2004-07-07	2693.540039
2004-07-08	2691.01001
2004-07-11	2689.879883
2004-07-12	2681.659912
2004-07-13	2678.939941
2004-07-14	2693.469971
2004-07-15	2709.810059
2004-07-18	2707.159912
2004-07-19	2734.830078
2004-07-20	2743.669922
2004-07-21	2757.639893
2004-07-22	2741.550049
2004-07-25	2741.409912
2004-07-26	2755.939941
2004-07-27	2768.169922
2004-07-28	2774.610107
2004-07-29	2788.01001
2004-08-01	2776.649902
2004-08-02	2786.25
2004-08-03	2785.290039
2004-08-04	2794.600098
2004-08-05	2764.219971
2004-08-08	2756.76001
2004-08-09	2755.050049
2004-08-10	2763.449951
2004-08-11	2767.850098
2004-08-12	2757.719971
2004-08-15	2747.48999
2004-08-16	2748.560059
2004-08-17	2733.850098
2004-08-18	2738.050049
2004-08-19	2734.399902
2004-08-22	2737.360107
2004-08-23	2737.310059
2004-08-24	2739.97998
2004-08-25	2740.590088
2004-08-26	2735.909912
2004-08-29	2747.340088
2004-08-30	2749.51001
2004-08-31	2747.050049
2004-09-01	2733.820068
2004-09-05	2728.169922
2004-09-06	2730.689941
2004-09-07	2740.75
2004-09-08	2751.129883
2004-09-09	2751.919922
2004-09-12	2734.399902
2004-09-13	2736.879883
2004-09-14	2740.76001
2004-09-15	2758.22998
2004-09-16	2767.600098
2004-09-19	2780.290039
2004-09-20	2794.73999
2004-09-21	2799.75
2004-09-22	2788.879883
2004-09-23	2806.580078
2004-09-26	2810.73999
2004-09-27	2826.820068
2004-09-28	2828.530029
2004-09-29	2834.399902
2004-09-30	2853.719971
2004-10-03	2858.110107
2004-10-04	2860.820068
2004-10-05	2856.800049
2004-10-06	2854.73999
2004-10-07	2854.969971
2004-10-10	2861.469971
2004-10-11	2859.76001
2004-10-12	2854.419922
2004-10-13	2857.659912
2004-10-14	2837.25
2004-10-17	2836.75
2004-10-18	2815.389893
2004-10-19	2805.870117
2004-10-20	2802.810059
2004-10-21	2789.830078
2004-10-25	2771.550049
2004-10-26	2778.530029
2004-10-27	2807.149902
2004-10-28	2812.340088
2004-10-31	2831.76001
2004-11-01	2853.429932
2004-11-02	2867.580078
2004-11-03	2884.77002
2004-11-04	2873.0
2004-11-07	2880.580078
2004-11-08	2889.290039
2004-11-09	2891.72998
2004-11-10	2910.290039
2004-11-11	2923.659912
2004-11-14	2920.98999
2004-11-15	2906.889893
2004-11-16	2900.620117
2004-11-17	2913.669922
2004-11-18	2929.47998
2004-11-21	2927.679932
2004-11-22	2923.459961
2004-11-24	2959.030029
2004-11-25	2968.48999
2004-11-28	2988.300049
2004-11-29	2990.800049
2004-11-30	2998.870117
2004-12-01	3013.47998
2004-12-02	3009.469971
2004-12-05	3015.100098
2004-12-06	3010.899902
2004-12-07	2991.149902
2004-12-08	2977.5
2004-12-09	2981.889893
2004-12-12	2986.179932
2004-12-13	2977.01001
2004-12-14	2975.429932
2004-12-15	2978.899902
2004-12-16	2975.340088
2004-12-19	2958.429932
2004-12-20	2969.070068
2004-12-21	2991.459961
2004-12-22	2998.76001
2004-12-23	3004.47998
2004-12-28	3027.080078
2004-12-29	3046.909912
2004-12-30	3064.439941
2005-01-04	3087.389893
2005-01-05	3093.76001
2005-01-06	3086.899902
2005-01-09	3076.27002
2005-01-10	3083.709961
2005-01-11	3058.659912
2005-01-12	3072.929932
2005-01-13	3056.820068
2005-01-17	3081.560059
2005-01-18	3078.639893
2005-01-19	3054.209961
2005-01-20	3055.459961
2005-01-23	3057.350098
2005-01-24	3076.530029
2005-01-25	3092.149902
2005-01-26	3076.290039
2005-01-27	3085.449951
2005-01-30	3075.580078
2005-01-31	3092.820068
2005-02-01	3091.870117
2005-02-02	3097.320068
2005-02-03	3124.050049
2005-02-06	3144.379883
2005-02-07	3148.610107
2005-02-08	3175.320068
2005-02-09	3161.129883
2005-02-10	3163.399902
2005-02-13	3184.939941
2005-02-14	3167.169922
2005-02-15	3158.209961
2005-02-16	3164.01001
2005-02-17	3157.149902
2005-02-20	3184.560059
2005-02-21	3162.389893
2005-02-22	3146.320068
2005-02-23	3145.389893
2005-02-24	3160.97998
2005-02-27	3208.419922
2005-02-28	3196.02002
2005-03-01	3199.199951
2005-03-02	3195.340088
2005-03-03	3200.090088
2005-03-06	3213.360107
2005-03-07	3231.110107
2005-03-08	3238.530029
2005-03-09	3195.219971
2005-03-10	3149.76001
2005-03-13	3156.030029
2005-03-14	3165.669922
2005-03-15	3155.379883
2005-03-16	3124.959961
2005-03-17	3129.199951
2005-03-20	3140.840088
2005-03-21	3127.330078
2005-03-22	3104.889893
2005-03-23	3074.969971
2005-03-28	3055.580078
2005-03-29	3039.429932
2005-03-30	3039.080078
2005-03-31	3039.909912
2005-04-03	3046.72998
2005-04-04	3048.629883
2005-04-05	3063.73999
2005-04-06	3055.419922
2005-04-07	3057.629883
2005-04-10	3051.290039
2005-04-11	3048.02002
2005-04-12	3051.659912
2005-04-13	3040.840088
2005-04-14	3010.790039
2005-04-17	2952.77002
2005-04-18	2969.909912
2005-04-19	2958.48999
2005-04-20	2939.070068
2005-04-21	2948.399902
2005-04-25	2952.629883
2005-04-26	2958.570068
2005-04-27	2968.330078
2005-04-28	2982.649902
2005-05-01	2999.23999
2005-05-02	2998.969971
2005-05-03	2991.860107
2005-05-04	2946.959961
2005-05-05	2922.370117
2005-05-08	2900.780029
2005-05-09	2901.639893
2005-05-10	2913.75
2005-05-11	2940.719971
2005-05-12	2942.639893
2005-05-15	2955.889893
2005-05-16	2966.870117
2005-05-17	2963.379883
2005-05-18	2982.689941
2005-05-19	3000.659912
2005-05-22	3038.639893
2005-05-23	3034.649902
2005-05-24	3037.969971
2005-05-25	3007.340088
2005-05-26	3027.219971
2005-05-29	3042.77002
2005-05-30	3034.350098
2005-05-31	2996.060059
2005-06-01	3035.030029
2005-06-02	3060.97998
2005-06-06	3068.370117
2005-06-07	3080.810059
2005-06-08	3091.219971
2005-06-09	3079.219971
2005-06-12	3089.22998
2005-06-13	3116.22998
2005-06-14	3139.199951
2005-06-15	3163.25
2005-06-16	3181.01001
2005-06-19	3168.050049
2005-06-20	3179.189941
2005-06-21	3177.679932
2005-06-22	3173.030029
2005-06-23	3137.669922
2005-06-26	3163.98999
2005-06-27	3191.189941
2005-06-28	3212.800049
2005-06-29	3246.48999
2005-06-30	3235.350098
2005-07-04	3267.320068
2005-07-05	3276.75
2005-07-06	3262.280029
2005-07-07	3257.52002
2005-07-10	3292.040039
2005-07-11	3307.669922
2005-07-12	3323.679932
2005-07-13	3321.22998
2005-07-14	3325.27002
2005-07-17	3334.100098
2005-07-18	3307.840088
2005-07-19	3319.73999
2005-07-20	3310.379883
2005-07-21	3316.22998
2005-07-24	3329.070068
2005-07-25	3348.22998
2005-07-26	3357.969971
2005-07-27	3356.919922
2005-07-28	3359.280029
2005-07-31	3372.879883
2005-08-01	3358.659912
2005-08-02	3349.060059
2005-08-03	3354.050049
2005-08-04	3348.669922
2005-08-07	3343.399902
2005-08-08	3339.699951
2005-08-09	3324.300049
2005-08-10	3330.419922
2005-08-11	3340.0
2005-08-14	3338.050049
2005-08-15	3356.939941
2005-08-16	3378.139893
2005-08-17	3366.530029
2005-08-18	3356.580078
2005-08-21	3384.699951
2005-08-22	3387.409912
2005-08-23	3376.26001
2005-08-24	3365.540039
2005-08-25	3332.969971
2005-08-28	3329.26001
2005-08-29	3351.620117
2005-08-30	3353.110107
2005-08-31	3367.77002
2005-09-01	3379.899902
2005-09-04	3373.719971
2005-09-05	3362.179932
2005-09-06	3366.909912
2005-09-07	3385.419922
2005-09-08	3385.98999
2005-09-11	3367.120117
2005-09-12	3372.870117
2005-09-13	3405.639893
2005-09-14	3415.689941
2005-09-15	3434.879883
2005-09-18	3423.600098
2005-09-19	3407.76001
2005-09-20	3426.570068
2005-09-21	3405.129883
2005-09-22	3407.790039
2005-09-25	3412.570068
2005-09-26	3431.929932
2005-09-27	3449.409912
2005-09-28	3444.72998
2005-09-29	3452.790039
2005-10-02	3458.129883
2005-10-03	3468.23999
2005-10-04	3446.419922
2005-10-05	3406.0
2005-10-06	3400.25
2005-10-09	3414.030029
2005-10-10	3404.850098
2005-10-11	3417.98999
2005-10-12	3362.959961
2005-10-13	3351.620117
2005-10-16	3358.610107
2005-10-17	3346.850098
2005-10-18	3301.47998
2005-10-19	3288.969971
2005-10-20	3240.889893
2005-10-24	3267.969971
2005-10-25	3294.320068
2005-10-26	3286.959961
2005-10-27	3270.75
2005-10-30	3293.159912
2005-10-31	3297.149902
2005-11-01	3285.580078
2005-11-02	3323.439941
2005-11-03	3325.659912
2005-11-06	3316.449951
2005-11-07	3324.189941
2005-11-08	3302.0
2005-11-09	3281.560059
2005-11-10	3269.439941
2005-11-13	3284.439941
2005-11-14	3311.649902
2005-11-15	3334.76001
2005-11-16	3324.620117
2005-11-17	3326.02002
2005-11-20	3333.97998
2005-11-21	3327.350098
2005-11-22	3307.969971
2005-11-23	3316.689941
2005-11-24	3324.22998
2005-11-27	3310.439941
2005-11-28	3302.429932
2005-11-29	3317.77002
2005-11-30	3292.25
2005-12-01	3297.23999
2005-12-04	3266.939941
2005-12-05	3225.149902
2005-12-06	3227.570068
2005-12-07	3229.97998
2005-12-08	3183.310059
2005-12-11	3185.280029
2005-12-12	3196.719971
2005-12-13	3207.949951
2005-12-14	3234.669922
2005-12-15	3281.899902
2005-12-18	3317.040039
2005-12-19	3319.320068
2005-12-20	3318.52002
2005-12-21	3309.659912
2005-12-22	3316.110107
2005-12-27	3344.790039
2005-12-28	3357.429932
2005-12-29	3370.51001
2006-01-03	3374.459961
2006-01-04	3375.97998
2006-01-05	3364.969971
2006-01-08	3368.050049
2006-01-09	3381.050049
2006-01-10	3391.320068
2006-01-11	3383.409912
2006-01-12	3364.73999
2006-01-15	3351.570068
2006-01-16	3348.360107
2006-01-17	3328.659912
2006-01-18	3358.899902
2006-01-19	3341.969971
2006-01-22	3309.050049
2006-01-23	3318.929932
2006-01-24	3324.679932
2006-01-25	3328.189941
2006-01-26	3341.100098
2006-01-29	3341.679932
2006-01-30	3350.649902
2006-01-31	3364.929932
2006-02-01	3407.709961
2006-02-02	3378.629883
2006-02-06	3372.459961
2006-02-07	3348.459961
2006-02-08	3354.280029
2006-02-09	3347.889893
2006-02-12	3348.050049
2006-02-13	3340.429932
2006-02-14	3323.219971
2006-02-15	3303.26001
2006-02-16	3333.26001
2006-02-19	3369.959961
2006-02-20	3368.429932
2006-02-21	3410.030029
2006-02-22	3394.399902
2006-02-23	3377.840088
2006-02-26	3369.070068
2006-02-27	3404.929932
2006-02-28	3397.090088
2006-03-01	3407.330078
2006-03-02	3407.550049
2006-03-05	3420.899902
2006-03-06	3458.679932
2006-03-07	3449.47998
2006-03-08	3462.669922
2006-03-09	3487.719971
2006-03-12	3516.98999
2006-03-13	3579.159912
2006-03-14	3571.25
2006-03-15	3553.469971
2006-03-16	3552.449951
2006-03-19	3547.469971
2006-03-20	3530.550049
2006-03-21	3561.709961
2006-03-22	3571.22998
2006-03-23	3580.790039
2006-03-26	3640.439941
2006-03-27	3677.580078
2006-03-28	3687.370117
2006-03-29	3695.120117
2006-03-30	3702.47998
2006-04-02	3705.070068
2006-04-03	3739.550049
2006-04-04	3762.949951
2006-04-05	3776.139893
2006-04-06	3800.969971
2006-04-09	3774.090088
2006-04-10	3759.699951
2006-04-11	3762.560059
2006-04-12	3734.679932
2006-04-17	3726.179932
2006-04-18	3704.570068
2006-04-19	3680.550049
2006-04-20	3699.879883
2006-04-23	3710.110107
2006-04-25	3760.409912
2006-04-26	3777.899902
2006-04-27	3795.169922
2006-04-30	3779.76001
2006-05-01	3762.73999
2006-05-02	3766.659912
2006-05-03	3693.209961
2006-05-04	3655.879883
2006-05-07	3693.709961
2006-05-08	3716.02002
2006-05-09	3738.149902
2006-05-10	3720.820068
2006-05-11	3680.889893
2006-05-14	3633.080078
2006-05-15	3623.649902
2006-05-16	3649.98999
2006-05-17	3639.679932
2006-05-18	3679.189941
2006-05-21	3653.530029
2006-05-22	3593.129883
2006-05-23	3618.550049
2006-05-24	3580.600098
2006-05-25	3599.429932
2006-05-28	3625.909912
2006-05-29	3617.030029
2006-05-30	3613.590088
2006-05-31	3607.840088
2006-06-01	3639.149902
2006-06-05	3600.580078
2006-06-06	3653.689941
2006-06-07	3645.98999
2006-06-08	3618.0
2006-06-11	3613.030029
2006-06-12	3600.52002
2006-06-13	3563.25
2006-06-14	3529.199951
2006-06-15	3558.870117
2006-06-18	3564.51001
2006-06-19	3546.550049
2006-06-20	3541.379883
2006-06-21	3584.830078
2006-06-22	3583.899902
2006-06-25	3587.860107
2006-06-26	3613.419922
2006-06-27	3574.320068
2006-06-28	3581.850098
2006-06-29	3585.870117
2006-07-02	3598.149902
2006-07-03	3597.790039
2006-07-04	3604.73999
2006-07-05	3603.330078
2006-07-06	3642.280029
2006-07-09	3651.23999
2006-07-10	3663.149902
2006-07-11	3669.780029
2006-07-12	3666.22998
2006-07-13	3619.439941
2006-07-16	3590.709961
2006-07-17	3558.959961
2006-07-18	3532.179932
2006-07-19	3541.659912
2006-07-20	3535.459961
2006-07-23	3525.919922
2006-07-24	3548.550049
2006-07-25	3547.530029
2006-07-26	3559.870117
2006-07-27	3553.449951
2006-07-30	3580.560059
2006-07-31	3578.129883
2006-08-01	3563.51001
2006-08-02	3583.01001
2006-08-03	3570.379883
2006-08-06	3549.840088
2006-08-07	3565.370117
2006-08-08	3537.030029
2006-08-09	3514.040039
2006-08-10	3506.389893
2006-08-13	3486.909912
2006-08-14	3492.22998
2006-08-15	3495.350098
2006-08-16	3484.409912
2006-08-17	3468.26001
2006-08-20	3424.389893
2006-08-21	3426.780029
2006-08-22	3460.080078
2006-08-23	3468.870117
2006-08-24	3484.419922
2006-08-27	3470.600098
2006-08-28	3496.600098
2006-08-29	3497.840088
2006-08-30	3510.27002
2006-08-31	3514.459961
2006-09-03	3532.050049
2006-09-04	3551.879883
2006-09-05	3535.97998
2006-09-06	3535.76001
2006-09-07	3535.419922
2006-09-10	3532.340088
2006-09-11	3521.080078
2006-09-12	3525.300049
2006-09-13	3516.199951
2006-09-14	3537.939941
2006-09-17	3547.23999
2006-09-18	3550.040039
2006-09-19	3517.629883
2006-09-20	3532.610107
2006-09-21	3506.850098
2006-09-24	3496.919922
2006-09-25	3515.73999
2006-09-26	3561.709961
2006-09-27	3574.22998
2006-09-28	3589.340088
2006-10-01	3603.699951
2006-10-02	3602.070068
2006-10-03	3593.389893
2006-10-04	3595.699951
2006-10-05	3592.48999
2006-10-08	3596.219971
2006-10-09	3596.100098
2006-10-10	3614.23999
2006-10-11	3622.98999
2006-10-12	3646.580078
2006-10-15	3663.01001
2006-10-16	3675.459961
2006-10-17	3664.909912
2006-10-18	3673.22998
2006-10-19	3668.26001
2006-10-23	3662.02002
2006-10-24	3667.01001
2006-10-25	3705.439941
2006-10-26	3719.709961
2006-10-29	3754.830078
2006-10-30	3784.5
2006-10-31	3795.75
2006-11-01	3758.01001
2006-11-02	3778.409912
2006-11-05	3789.310059
2006-11-06	3811.47998
2006-11-07	3818.25
2006-11-08	3823.01001
2006-11-09	3830.850098
2006-11-12	3818.469971
2006-11-13	3840.699951
2006-11-14	3834.439941
2006-11-15	3813.560059
2006-11-16	3816.22998
2006-11-19	3809.209961
2006-11-20	3821.189941
2006-11-21	3817.610107
2006-11-22	3857.0
2006-11-23	3849.350098
2006-11-26	3831.699951
2006-11-27	3832.550049
2006-11-28	3841.189941
2006-11-29	3863.709961
2006-11-30	3854.409912
2006-12-03	3835.040039
2006-12-04	3849.060059
2006-12-05	3855.02002
2006-12-06	3853.469971
2006-12-07	3888.719971
2006-12-10	3887.350098
2006-12-11	3928.110107
2006-12-12	3945.97998
2006-12-13	3967.840088
2006-12-14	3992.570068
2006-12-17	3991.889893
2006-12-18	3980.5
2006-12-19	4004.959961
2006-12-20	4028.689941
2006-12-21	4019.199951
2006-12-26	4032.070068
2006-12-27	4047.290039
2006-12-28	4055.469971
2007-01-02	4049.5
2007-01-03	4028.959961
2007-01-04	4035.26001
2007-01-07	4028.590088
2007-01-08	4052.649902
2007-01-09	4064.080078
2007-01-10	4049.649902
2007-01-11	4051.840088
2007-01-14	4085.610107
2007-01-15	4067.139893
2007-01-16	4073.330078
2007-01-17	4096.339844
2007-01-18	4091.110107
2007-01-21	4121.089844
2007-01-22	4131.129883
2007-01-23	4138.189941
2007-01-24	4135.560059
2007-01-25	4120.859863
2007-01-28	4136.339844
2007-01-29	4128.029785
2007-01-30	4152.97998
2007-01-31	4144.200195
2007-02-01	4144.399902
2007-02-04	4148.580078
2007-02-06	4211.609863
2007-02-07	4185.490234
2007-02-08	4188.890137
2007-02-11	4179.569824
2007-02-12	4184.839844
2007-02-13	4181.310059
2007-02-14	4192.669922
2007-02-15	4179.890137
2007-02-18	4140.220215
2007-02-19	4110.47998
2007-02-20	4095.780029
2007-02-21	4089.77002
2007-02-22	4120.310059
2007-02-25	4110.609863
2007-02-26	4099.430176
2007-02-27	4037.129883
2007-02-28	4048.830078
2007-03-01	4098.689941
2007-03-04	4035.330078
2007-03-05	4033.360107
2007-03-06	4062.52002
2007-03-07	4069.409912
2007-03-08	4079.969971
2007-03-11	4088.129883
2007-03-12	4105.720215
2007-03-13	4053.409912
2007-03-14	4054.209961
2007-03-15	4037.590088
2007-03-18	4050.310059
2007-03-19	4041.610107
2007-03-20	4052.51001
2007-03-21	4076.030029
2007-03-22	4064.050049
2007-03-25	4105.149902
2007-03-26	4127.279785
2007-03-27	4109.870117
2007-03-28	4112.560059
2007-03-29	4107.140137
2007-04-01	4137.950195
2007-04-02	4175.290039
2007-04-03	4187.97998
2007-04-04	4184.700195
2007-04-09	4180.470215
2007-04-10	4147.359863
2007-04-11	4168.100098
2007-04-12	4164.299805
2007-04-15	4170.709961
2007-04-16	4177.009766
2007-04-17	4193.569824
2007-04-18	4180.640137
2007-04-19	4182.899902
2007-04-22	4201.640137
2007-04-23	4163.109863
2007-04-25	4174.899902
2007-04-26	4181.450195
2007-04-29	4194.640137
2007-04-30	4191.660156
2007-05-01	4186.990234
2007-05-02	4202.669922
2007-05-03	4206.310059
2007-05-06	4202.580078
2007-05-07	4223.22998
2007-05-08	4232.330078
2007-05-09	4251.399902
2007-05-10	4226.390137
2007-05-13	4238.939941
2007-05-14	4214.779785
2007-05-15	4227.459961
2007-05-16	4275.569824
2007-05-17	4280.430176
2007-05-20	4289.709961
2007-05-21	4289.589844
2007-05-22	4312.580078
2007-05-23	4333.240234
2007-05-24	4305.25
2007-05-27	4304.410156
2007-05-28	4308.990234
2007-05-29	4279.620117
2007-05-30	4302.350098
2007-05-31	4296.430176
2007-06-04	4312.109863
2007-06-05	4294.209961
2007-06-06	4234.629883
2007-06-07	4183.450195
2007-06-10	4205.52002
2007-06-11	4227.560059
2007-06-12	4194.569824
2007-06-13	4193.669922
2007-06-14	4212.459961
2007-06-17	4303.180176
2007-06-18	4310.120117
2007-06-19	4323.169922
2007-06-20	4300.569824
2007-06-21	4285.140137
2007-06-24	4270.910156
2007-06-25	4252.029785
2007-06-26	4203.27002
2007-06-27	4189.660156
2007-06-28	4234.290039
2007-07-01	4228.009766
2007-07-02	4233.740234
2007-07-03	4240.259766
2007-07-04	4236.709961
2007-07-05	4223.529785
2007-07-08	4238.649902
2007-07-09	4236.850098
2007-07-10	4229.689941
2007-07-11	4238.540039
2007-07-12	4243.660156
2007-07-15	4240.359863
2007-07-16	4258.839844
2007-07-17	4255.640137
2007-07-18	4294.259766
2007-07-19	4320.27002
2007-07-22	4306.540039
2007-07-23	4321.290039
2007-07-24	4324.970215
2007-07-25	4325.779785
2007-07-26	4246.009766
2007-07-29	4228.830078
2007-07-30	4213.299805
2007-07-31	4158.390137
2007-08-01	4138.200195
2007-08-02	4122.410156
2007-08-05	4075.189941
2007-08-06	4136.240234
2007-08-07	4116.850098
2007-08-08	4160.430176
2007-08-09	4109.839844
2007-08-12	4070.159912
2007-08-13	4065.679932
2007-08-14	4004.459961
2007-08-15	3957.939941
2007-08-16	3894.340088
2007-08-19	3982.379883
2007-08-20	4027.790039
2007-08-21	4033.27002
2007-08-22	4089.120117
2007-08-23	4052.449951
2007-08-26	4084.439941
2007-08-27	4101.069824
2007-08-28	4084.169922
2007-08-29	4107.600098
2007-08-30	4118.970215
2007-09-02	4125.759766
2007-09-03	4150.529785
2007-09-04	4155.0
2007-09-05	4140.089844
2007-09-06	4151.97998
2007-09-09	4142.890137
2007-09-10	4160.160156
2007-09-11	4143.02002
2007-09-12	4142.430176
2007-09-13	4162.669922
2007-09-16	4168.720215
2007-09-17	4123.52002
2007-09-18	4177.649902
2007-09-19	4206.879883
2007-09-20	4231.160156
2007-09-23	4232.669922
2007-09-24	4241.669922
2007-09-25	4275.970215
2007-09-26	4275.810059
2007-09-27	4268.899902
2007-09-30	4281.189941
2007-10-01	4332.290039
2007-10-02	4327.870117
2007-10-03	4299.97998
2007-10-04	4284.049805
2007-10-07	4295.240234
2007-10-08	4280.240234
2007-10-09	4279.790039
2007-10-10	4296.609863
2007-10-11	4305.620117
2007-10-14	4325.089844
2007-10-15	4312.169922
2007-10-16	4321.839844
2007-10-17	4313.149902
2007-10-18	4316.310059
2007-10-22	4274.689941
2007-10-23	4291.049805
2007-10-24	4267.140137
2007-10-25	4226.709961
2007-10-28	4215.879883
2007-10-29	4219.77002
2007-10-30	4209.069824
2007-10-31	4207.879883
2007-11-01	4154.129883
2007-11-04	4141.200195
2007-11-05	4135.430176
2007-11-06	4205.580078
2007-11-07	4185.419922
2007-11-08	4134.77002
2007-11-11	4089.129883
2007-11-12	4107.149902
2007-11-13	4140.649902
2007-11-14	4113.049805
2007-11-15	4114.180176
2007-11-18	4114.669922
2007-11-19	4067.300049
2007-11-20	4071.01001
2007-11-21	4054.219971
2007-11-22	4071.0
2007-11-25	4077.110107
2007-11-26	4104.060059
2007-11-27	4071.030029
2007-11-28	4066.540039
2007-11-29	4062.889893
2007-12-02	4060.01001
2007-12-03	4053.860107
2007-12-04	4034.550049
2007-12-05	4043.5
2007-12-06	4092.929932
2007-12-09	4057.48999
2007-12-10	4026.949951
2007-12-11	3999.550049
2007-12-12	4001.389893
2007-12-13	4008.659912
2007-12-16	3962.620117
2007-12-17	3926.120117
2007-12-18	3939.72998
2007-12-19	3947.560059
2007-12-20	3993.51001
2007-12-23	4058.709961
2007-12-26	4068.629883
2007-12-27	4036.0
2007-12-30	4041.379883
2008-01-02	4033.929932
2008-01-03	4010.820068
2008-01-06	3953.580078
2008-01-07	3928.399902
2008-01-08	3912.169922
2008-01-09	3899.879883
2008-01-10	3872.179932
2008-01-13	3824.209961
2008-01-14	3810.5
2008-01-15	3752.389893
2008-01-16	3729.959961
2008-01-17	3664.350098
2008-01-20	3646.909912
2008-01-21	3607.129883
2008-01-22	3615.300049
2008-01-23	3658.610107
2008-01-24	3729.149902
2008-01-27	3710.320068
2008-01-28	3704.169922
2008-01-29	3697.01001
2008-01-30	3670.639893
2008-01-31	3708.129883
2008-02-03	3711.72998
2008-02-04	3690.01001
2008-02-06	3636.199951
2008-02-07	3612.409912
2008-02-10	3572.939941
2008-02-11	3574.840088
2008-02-12	3545.77002
2008-02-13	3550.409912
2008-02-14	3510.810059
2008-02-17	3601.780029
2008-02-18	3609.409912
2008-02-19	3595.909912
2008-02-21	3569.620117
2008-02-24	3570.75
2008-02-25	3543.25
2008-02-26	3562.370117
2008-02-27	3579.570068
2008-02-28	3582.719971
2008-03-02	3584.25
2008-03-03	3584.469971
2008-03-04	3619.469971
2008-03-05	3603.830078
2008-03-06	3558.26001
2008-03-09	3547.75
2008-03-10	3520.459961
2008-03-11	3544.830078
2008-03-12	3573.909912
2008-03-13	3500.909912
2008-03-16	3429.439941
2008-03-17	3418.629883
2008-03-18	3467.26001
2008-03-19	3425.709961
2008-03-24	3430.280029
2008-03-25	3425.449951
2008-03-26	3404.540039
2008-03-27	3447.5
2008-03-30	3470.429932
2008-03-31	3533.560059
2008-04-01	3592.790039
2008-04-02	3629.97998
2008-04-03	3631.22998
2008-04-06	3644.48999
2008-04-07	3605.679932
2008-04-08	3575.449951
2008-04-09	3540.01001
2008-04-10	3488.840088
2008-04-13	3470.959961
2008-04-14	3502.879883
2008-04-16	3568.939941
2008-04-17	3557.469971
2008-04-20	3592.540039
2008-04-21	3583.26001
2008-04-22	3608.469971
2008-04-23	3616.810059
2008-04-27	3642.629883
2008-04-28	3605.570068
2008-04-29	3624.800049
2008-04-30	3630.409912
2008-05-01	3661.330078
2008-05-04	3680.52002
2008-05-05	3651.090088
2008-05-06	3596.820068
2008-05-07	3625.590088
2008-05-08	3601.169922
2008-05-11	3637.830078
2008-05-12	3653.310059
2008-05-13	3628.560059
2008-05-14	3614.22998
2008-05-15	3657.199951
2008-05-18	3658.949951
2008-05-19	3647.189941
2008-05-20	3611.719971
2008-05-21	3591.340088
2008-05-22	3589.469971
2008-05-25	3573.75
2008-05-26	3551.340088
2008-05-27	3547.01001
2008-05-28	3563.110107
2008-05-29	3624.22998
2008-06-02	3540.050049
2008-06-03	3557.689941
2008-06-04	3555.969971
2008-06-05	3548.080078
2008-06-08	3496.5
2008-06-09	3505.899902
2008-06-10	3487.429932
2008-06-11	3439.219971
2008-06-12	3416.0
2008-06-15	3406.300049
2008-06-16	3404.570068
2008-06-17	3391.629883
2008-06-18	3340.100098
2008-06-19	3283.429932
2008-06-22	3287.560059
2008-06-23	3298.179932
2008-06-24	3281.290039
2008-06-25	3291.969971
2008-06-26	3226.909912
2008-06-29	3194.610107
2008-06-30	3175.27002
2008-07-01	3163.389893
2008-07-02	3094.419922
2008-07-03	3157.919922
2008-07-06	3121.449951
2008-07-07	3160.590088
2008-07-08	3177.459961
2008-07-09	3112.560059
2008-07-10	3121.540039
2008-07-13	3080.100098
2008-07-14	3040.449951
2008-07-15	3059.360107
2008-07-16	3091.379883
2008-07-17	3120.909912
2008-07-20	3148.320068
2008-07-21	3143.909912
2008-07-22	3201.649902
2008-07-23	3287.22998
2008-07-24	3254.159912
2008-07-27	3256.570068
2008-07-28	3235.5
2008-07-29	3287.76001
2008-07-30	3336.280029
2008-07-31	3303.159912
2008-08-03	3319.219971
2008-08-04	3295.679932
2008-08-05	3352.340088
2008-08-06	3378.889893
2008-08-07	3357.820068
2008-08-10	3370.189941
2008-08-11	3353.629883
2008-08-12	3345.23999
2008-08-13	3333.899902
2008-08-14	3351.129883
2008-08-17	3334.149902
2008-08-18	3319.120117
2008-08-19	3332.02002
2008-08-20	3332.050049
2008-08-21	3311.610107
2008-08-24	3326.919922
2008-08-25	3321.0
2008-08-26	3318.52002
2008-08-27	3324.800049
2008-08-28	3353.23999
2008-08-31	3357.699951
2008-09-01	3367.25
2008-09-02	3373.449951
2008-09-03	3348.139893
2008-09-04	3336.179932
2008-09-07	3374.399902
2008-09-08	3376.389893
2008-09-09	3343.860107
2008-09-10	3333.540039
2008-09-11	3361.689941
2008-09-14	3319.899902
2008-09-15	3227.300049
2008-09-16	3269.929932
2008-09-17	3158.919922
2008-09-18	3187.129883
2008-09-21	3255.719971
2008-09-22	3228.189941
2008-09-23	3259.679932
2008-09-24	3237.719971
2008-09-25	3187.580078
2008-09-28	3188.540039
2008-09-29	3090.219971
2008-09-30	3187.959961
2008-10-01	3232.639893
2008-10-02	3151.540039
2008-10-05	3048.379883
2008-10-06	3004.189941
2008-10-07	2948.310059
2008-10-08	2944.399902
2008-10-09	2805.310059
2008-10-12	2782.389893
2008-10-13	2948.969971
2008-10-14	2904.639893
2008-10-15	2764.689941
2008-10-16	2808.76001
2008-10-19	2889.919922
2008-10-20	2952.02002
2008-10-21	2899.399902
2008-10-22	2807.340088
2008-10-23	2778.550049
2008-10-27	2687.100098
2008-10-28	2745.600098
2008-10-29	2762.820068
2008-10-30	2820.860107
2008-11-02	2856.659912
2008-11-03	2844.310059
2008-11-04	2886.110107
2008-11-05	2840.129883
2008-11-06	2791.649902
2008-11-09	2837.850098
2008-11-10	2799.560059
2008-11-11	2772.189941
2008-11-12	2729.620117
2008-11-13	2767.669922
2008-11-16	2741.919922
2008-11-17	2714.590088
2008-11-18	2706.27002
2008-11-19	2644.669922
2008-11-20	2578.100098
2008-11-23	2575.47998
2008-11-24	2634.879883
2008-11-25	2637.899902
2008-11-26	2668.73999
2008-11-27	2710.959961
2008-11-30	2682.929932
2008-12-01	2651.149902
2008-12-02	2706.790039
2008-12-03	2730.679932
2008-12-04	2706.719971
2008-12-07	2699.810059
2008-12-08	2724.709961
2008-12-09	2711.550049
2008-12-10	2726.709961
2008-12-11	2676.949951
2008-12-14	2676.429932
2008-12-15	2695.080078
2008-12-16	2695.929932
2008-12-17	2707.590088
2008-12-18	2655.310059
2008-12-21	2679.75
2008-12-22	2661.73999
2008-12-23	2668.060059
2008-12-28	2677.639893
2008-12-29	2678.219971
2008-12-30	2715.709961
2009-01-04	2744.889893
2009-01-05	2783.379883
2009-01-06	2764.23999
2009-01-07	2756.649902
2009-01-08	2757.409912
2009-01-11	2768.27002
2009-01-12	2774.639893
2009-01-13	2786.780029
2009-01-14	2742.830078
2009-01-15	2752.159912
2009-01-18	2747.97998
2009-01-19	2709.47998
2009-01-20	2705.040039
2009-01-21	2734.409912
2009-01-22	2705.090088
2009-01-25	2705.75
2009-01-26	2735.860107
2009-01-27	2747.899902
2009-01-28	2770.120117
2009-01-29	2774.139893
2009-02-01	2771.5
2009-02-02	2780.290039
2009-02-03	2768.620117
2009-02-04	2773.5
2009-02-08	2766.560059
2009-02-09	2750.050049
2009-02-10	2730.22998
2009-02-11	2750.149902
2009-02-12	2750.77002
2009-02-15	2680.189941
2009-02-16	2672.620117
2009-02-17	2621.0
2009-02-18	2616.929932
2009-02-19	2576.679932
2009-02-22	2538.290039
2009-02-23	2487.530029
2009-02-24	2499.820068
2009-02-25	2497.429932
2009-02-26	2522.320068
2009-03-01	2481.51001
2009-03-02	2417.949951
2009-03-03	2469.340088
2009-03-04	2491.399902
2009-03-05	2471.040039
2009-03-08	2469.169922
2009-03-09	2462.709961
2009-03-10	2497.51001
2009-03-11	2491.620117
2009-03-12	2523.389893
2009-03-15	2544.330078
2009-03-16	2564.719971
2009-03-17	2606.330078
2009-03-18	2633.209961
2009-03-19	2599.030029
2009-03-22	2591.429932
2009-03-23	2635.330078
2009-03-24	2630.330078
2009-03-25	2616.25
2009-03-26	2653.47998
2009-03-29	2641.98999
2009-03-30	2590.389893
2009-03-31	2569.23999
2009-04-01	2585.800049
2009-04-02	2614.47998
2009-04-05	2633.439941
2009-04-06	2612.469971
2009-04-07	2568.909912
2009-04-08	2571.149902
2009-04-13	2599.820068
2009-04-14	2600.649902
2009-04-15	2663.139893
2009-04-16	2711.27002
2009-04-19	2698.800049
2009-04-20	2664.860107
2009-04-21	2662.939941
2009-04-22	2658.850098
2009-04-23	2656.389893
2009-04-26	2664.370117
2009-04-27	2686.439941
2009-04-28	2699.709961
2009-04-29	2740.580078
2009-04-30	2719.919922
2009-05-03	2766.27002
2009-05-04	2819.050049
2009-05-05	2831.360107
2009-05-06	2854.870117
2009-05-07	2873.139893
2009-05-10	2829.219971
2009-05-11	2812.699951
2009-05-12	2811.560059
2009-05-13	2776.120117
2009-05-14	2790.899902
2009-05-17	2777.860107
2009-05-18	2790.800049
2009-05-19	2801.080078
2009-05-20	2776.310059
2009-05-21	2760.540039
2009-05-24	2740.199951
2009-05-25	2734.070068
2009-05-26	2769.780029
2009-05-27	2721.97998
2009-05-28	2764.169922
2009-06-01	2807.199951
2009-06-02	2840.629883
2009-06-03	2815.709961
2009-06-04	2834.51001
2009-06-07	2816.620117
2009-06-08	2822.399902
2009-06-09	2827.969971
2009-06-10	2796.540039
2009-06-11	2809.820068
2009-06-14	2825.159912
2009-06-15	2786.149902
2009-06-16	2778.040039
2009-06-17	2798.23999
2009-06-18	2784.27002
2009-06-21	2794.909912
2009-06-22	2762.01001
2009-06-23	2739.810059
2009-06-24	2770.659912
2009-06-25	2770.620117
2009-06-28	2775.120117
2009-06-29	2796.110107
2009-06-30	2780.370117
2009-07-01	2768.189941
2009-07-02	2761.5
2009-07-05	2742.969971
2009-07-06	2746.23999
2009-07-07	2750.600098
2009-07-08	2741.679932
2009-07-09	2738.280029
2009-07-12	2736.889893
2009-07-13	2748.5
2009-07-14	2764.080078
2009-07-15	2801.51001
2009-07-16	2808.219971
2009-07-19	2820.909912
2009-07-20	2873.189941
2009-07-21	2900.439941
2009-07-22	2918.629883
2009-07-23	2961.169922
2009-07-26	2998.01001
2009-07-27	3018.469971
2009-07-28	2990.469971
2009-07-29	2994.0
2009-07-30	3016.199951
2009-08-02	3047.850098
2009-08-03	3092.800049
2009-08-04	3084.070068
2009-08-05	3056.149902
2009-08-06	3069.0
2009-08-09	3080.969971
2009-08-10	3055.469971
2009-08-11	3079.689941
2009-08-12	3128.850098
2009-08-13	3151.26001
2009-08-16	3086.080078
2009-08-17	3071.580078
2009-08-18	3081.050049
2009-08-19	3053.110107
2009-08-20	3034.949951
2009-08-23	3067.669922
2009-08-24	3080.5
2009-08-25	3090.899902
2009-08-26	3076.419922
2009-08-27	3109.340088
2009-08-30	3098.0
2009-08-31	3084.679932
2009-09-01	3074.649902
2009-09-02	3091.570068
2009-09-03	3098.320068
2009-09-06	3122.689941
2009-09-07	3121.550049
2009-09-08	3116.409912
2009-09-09	3126.679932
2009-09-10	3137.179932
2009-09-13	3128.669922
2009-09-14	3099.629883
2009-09-15	3117.580078
2009-09-16	3152.800049
2009-09-17	3156.459961
2009-09-20	3155.649902
2009-09-21	3142.860107
2009-09-22	3147.909912
2009-09-23	3130.419922
2009-09-24	3111.25
2009-09-27	3131.179932
2009-09-28	3155.389893
2009-09-29	3161.060059
2009-09-30	3183.860107
2009-10-01	3148.860107
2009-10-04	3138.719971
2009-10-05	3151.550049
2009-10-06	3141.189941
2009-10-07	3168.939941
2009-10-08	3163.25
2009-10-11	3178.879883
2009-10-12	3169.459961
2009-10-13	3186.47998
2009-10-14	3191.290039
2009-10-15	3207.199951
2009-10-18	3220.919922
2009-10-19	3252.560059
2009-10-20	3218.219971
2009-10-21	3201.699951
2009-10-22	3214.929932
2009-10-26	3192.469971
2009-10-27	3202.780029
2009-10-28	3195.620117
2009-10-29	3215.620117
2009-11-01	3183.73999
2009-11-02	3158.98999
2009-11-03	3166.709961
2009-11-04	3144.51001
2009-11-05	3160.159912
2009-11-08	3165.060059
2009-11-09	3167.409912
2009-11-10	3161.540039
2009-11-11	3172.080078
2009-11-12	3158.139893
2009-11-15	3173.969971
2009-11-16	3131.51001
2009-11-17	3141.179932
2009-11-18	3141.179932
2009-11-19	3113.629883
2009-11-22	3112.97998
2009-11-23	3107.610107
2009-11-24	3115.389893
2009-11-25	3127.310059
2009-11-26	3094.439941
2009-11-29	3125.52002
2009-11-30	3146.600098
2009-12-01	3149.449951
2009-12-02	3153.929932
2009-12-03	3146.459961
2009-12-06	3138.580078
2009-12-07	3137.300049
2009-12-08	3127.639893
2009-12-09	3132.280029
2009-12-10	3127.97998
2009-12-13	3098.800049
2009-12-14	3117.110107
2009-12-15	3132.300049
2009-12-16	3122.919922
2009-12-17	3154.22998
2009-12-20	3149.800049
2009-12-21	3179.179932
2009-12-22	3209.560059
2009-12-23	3205.199951
2009-12-28	3225.129883
2009-12-29	3220.909912
2009-12-30	3230.149902
2010-01-03	3268.189941
2010-01-04	3268.189941
2010-01-05	3271.570068
2010-01-06	3284.810059
2010-01-07	3310.22998
2010-01-10	3303.75
2010-01-11	3290.290039
2010-01-12	3276.199951
2010-01-13	3278.330078
2010-01-14	3257.949951
2010-01-17	3247.100098
2010-01-18	3227.590088
2010-01-19	3227.25
2010-01-20	3225.290039
2010-01-21	3190.429932
2010-01-24	3188.659912
2010-01-25	3209.060059
2010-01-26	3193.570068
2010-01-27	3183.600098
2010-01-28	3164.649902
2010-01-31	3150.969971
2010-02-01	3147.370117
2010-02-02	3135.110107
2010-02-03	3148.939941
2010-02-04	3104.98999
2010-02-07	3093.449951
2010-02-08	3076.449951
2010-02-09	3085.51001
2010-02-10	3065.280029
2010-02-11	3080.469971
2010-02-14	3059.530029
2010-02-15	3087.610107
2010-02-16	3111.060059
2010-02-17	3101.77002
2010-02-18	3107.090088
2010-02-21	3129.75
2010-02-22	3126.370117
2010-02-23	3130.879883
2010-02-24	3151.689941
2010-02-25	3156.100098
2010-02-28	3164.149902
2010-03-01	3183.23999
2010-03-02	3198.52002
2010-03-03	3213.560059
2010-03-04	3214.639893
2010-03-07	3222.810059
2010-03-08	3213.209961
2010-03-09	3226.189941
2010-03-10	3223.449951
2010-03-11	3225.139893
2010-03-14	3231.149902
2010-03-15	3207.800049
2010-03-16	3200.959961
2010-03-17	3220.689941
2010-03-18	3230.399902
2010-03-21	3233.300049
2010-03-22	3228.370117
2010-03-23	3232.719971
2010-03-24	3237.550049
2010-03-25	3240.47998
2010-03-28	3251.100098
2010-03-29	3249.649902
2010-03-30	3267.98999
2010-03-31	3276.22998
2010-04-05	3308.909912
2010-04-06	3325.080078
2010-04-07	3307.76001
2010-04-08	3310.25
2010-04-11	3314.139893
2010-04-12	3309.929932
2010-04-13	3335.51001
2010-04-14	3321.120117
2010-04-15	3311.310059
2010-04-18	3282.199951
2010-04-19	3293.110107
2010-04-20	3304.969971
2010-04-21	3287.459961
2010-04-22	3301.659912
2010-04-25	3306.25
2010-04-26	3291.909912
2010-04-27	3280.560059
2010-04-28	3282.27002
2010-04-29	3286.129883
2010-05-02	3280.350098
2010-05-03	3298.02002
2010-05-04	3248.820068
2010-05-05	3217.919922
2010-05-06	3158.850098
2010-05-09	3170.620117
2010-05-10	3167.02002
2010-05-11	3156.080078
2010-05-12	3195.800049
2010-05-13	3191.01001
2010-05-16	3170.73999
2010-05-17	3151.679932
2010-05-18	3121.879883
2010-05-19	3111.419922
2010-05-20	3050.080078
2010-05-23	3061.219971
2010-05-25	3011.189941
2010-05-26	3034.830078
2010-05-27	3047.75
2010-05-30	3061.22998
2010-05-31	3054.76001
2010-06-01	3018.889893
2010-06-02	3024.100098
2010-06-03	3030.139893
2010-06-07	2988.97998
2010-06-08	3000.110107
2010-06-09	3002.330078
2010-06-10	3041.26001
2010-06-13	3042.669922
2010-06-14	3043.899902
2010-06-15	3066.580078
2010-06-16	3045.719971
2010-06-17	3047.5
2010-06-20	3068.25
2010-06-21	3054.189941
2010-06-22	3054.290039
2010-06-23	3049.469971
2010-06-24	3034.110107
2010-06-27	3008.409912
2010-06-28	2991.070068
2010-06-29	2972.090088
2010-06-30	2933.820068
2010-07-01	2938.110107
2010-07-04	2947.340088
2010-07-05	2952.399902
2010-07-07	2983.929932
2010-07-08	3005.25
2010-07-11	3012.030029
2010-07-12	3008.899902
2010-07-13	3027.439941
2010-07-14	3002.320068
2010-07-15	2985.76001
2010-07-18	2964.600098
2010-07-19	2995.370117
2010-07-20	3003.409912
2010-07-21	2981.360107
2010-07-22	2994.899902
2010-07-25	3021.189941
2010-07-26	3008.429932
2010-07-27	3022.179932
2010-07-28	3033.02002
2010-07-29	3034.620117
2010-08-01	3044.169922
2010-08-02	3050.389893
2010-08-03	3038.129883
2010-08-04	3044.669922
2010-08-05	3044.629883
2010-08-08	3054.5
2010-08-09	3045.110107
2010-08-10	3036.01001
2010-08-11	3006.909912
2010-08-12	3015.129883
2010-08-15	3023.530029
2010-08-16	3006.550049
2010-08-17	3018.179932
2010-08-18	3029.790039
2010-08-19	3000.399902
2010-08-22	3016.780029
2010-08-23	3024.639893
2010-08-24	3006.050049
2010-08-25	3018.25
2010-08-26	3007.439941
2010-08-29	3036.810059
2010-08-30	3036.100098
2010-08-31	3077.100098
2010-09-01	3082.47998
2010-09-02	3107.429932
2010-09-05	3143.139893
2010-09-06	3174.139893
2010-09-07	3161.179932
2010-09-08	3151.77002
2010-09-09	3161.0
2010-09-12	3178.469971
2010-09-13	3197.52002
2010-09-14	3195.280029
2010-09-15	3195.629883
2010-09-16	3212.26001
2010-09-19	3216.939941
2010-09-20	3236.76001
2010-09-21	3236.360107
2010-09-22	3228.030029
2010-09-23	3211.159912
2010-09-26	3239.139893
2010-09-27	3230.22998
2010-09-28	3226.879883
2010-09-29	3178.090088
2010-09-30	3212.939941
2010-10-03	3228.919922
2010-10-04	3218.320068
2010-10-05	3235.040039
2010-10-06	3236.080078
2010-10-07	3232.659912
2010-10-10	3234.889893
2010-10-11	3230.830078
2010-10-12	3231.820068
2010-10-13	3262.600098
2010-10-14	3255.850098
2010-10-17	3262.350098
2010-10-18	3257.939941
2010-10-19	3243.01001
2010-10-20	3264.919922
2010-10-21	3289.75
2010-10-25	3285.439941
2010-10-26	3280.340088
2010-10-27	3290.0
2010-10-28	3304.889893
2010-10-31	3299.72998
2010-11-01	3324.76001
2010-11-02	3333.070068
2010-11-03	3326.25
2010-11-04	3319.159912
2010-11-07	3316.399902
2010-11-08	3321.77002
2010-11-09	3333.48999
2010-11-10	3331.5
2010-11-11	3310.580078
2010-11-14	3328.22998
2010-11-15	3315.060059
2010-11-16	3289.310059
2010-11-17	3280.459961
2010-11-18	3268.149902
2010-11-21	3296.629883
2010-11-22	3258.77002
2010-11-23	3269.219971
2010-11-24	3264.669922
2010-11-25	3264.25
2010-11-28	3270.379883
2010-11-29	3264.5
2010-11-30	3265.100098
2010-12-01	3285.48999
2010-12-02	3283.300049
2010-12-05	3293.179932
2010-12-06	3281.860107
2010-12-07	3294.340088
2010-12-08	3280.560059
2010-12-09	3272.919922
2010-12-12	3291.290039
2010-12-13	3288.959961
2010-12-14	3297.919922
2010-12-15	3293.780029
2010-12-16	3325.110107
2010-12-19	3299.959961
2010-12-20	3319.100098
2010-12-21	3322.379883
2010-12-22	3333.76001
2010-12-23	3329.209961
2010-12-28	3325.620117
2010-12-29	3334.27002
2010-12-30	3309.030029
2011-01-03	3309.030029
2011-01-04	3324.98999
2011-01-05	3326.709961
2011-01-06	3317.939941
2011-01-09	3324.070068
2011-01-10	3329.76001
2011-01-11	3334.580078
2011-01-12	3373.709961
2011-01-13	3369.889893
2011-01-16	3354.300049
2011-01-17	3343.73999
2011-01-18	3346.02002
2011-01-19	3339.290039
2011-01-20	3352.719971
2011-01-23	3352.659912
2011-01-24	3359.070068
2011-01-25	3354.719971
2011-01-26	3350.929932
2011-01-27	3352.639893
2011-01-30	3338.73999
2011-01-31	3348.459961
2011-02-01	3352.300049
2011-02-02	3349.889893
2011-02-03	3367.820068
2011-02-06	3387.409912
2011-02-07	3383.169922
2011-02-08	3386.47998
2011-02-09	3365.870117
2011-02-10	3367.439941
2011-02-13	3383.469971
2011-02-14	3390.090088
2011-02-15	3384.47998
2011-02-16	3395.699951
2011-02-17	3412.73999
2011-02-20	3381.929932
2011-02-21	3358.709961
2011-02-22	3372.070068
2011-02-23	3368.350098
2011-02-24	3363.909912
2011-02-27	3370.52002
2011-02-28	3384.389893
2011-03-01	3381.98999
2011-03-02	3397.310059
2011-03-03	3418.110107
2011-03-06	3430.050049
2011-03-07	3421.169922
2011-03-08	3414.419922
2011-03-09	3406.23999
2011-03-10	3382.840088
2011-03-13	3361.199951
2011-03-14	3314.139893
2011-03-15	3326.800049
2011-03-16	3329.590088
2011-03-17	3339.51001
2011-03-20	3348.360107
2011-03-21	3365.22998
2011-03-22	3375.790039
2011-03-23	3387.25
2011-03-24	3388.610107
2011-03-27	3408.050049
2011-03-28	3421.189941
2011-03-29	3433.159912
2011-03-30	3439.850098
2011-03-31	3452.139893
2011-04-03	3459.51001
2011-04-04	3469.379883
2011-04-05	3449.879883
2011-04-06	3450.360107
2011-04-07	3445.27002
2011-04-10	3461.320068
2011-04-11	3451.340088
2011-04-12	3457.629883
2011-04-13	3454.47998
2011-04-14	3452.689941
2011-04-17	3465.169922
2011-04-18	3439.97998
2011-04-19	3472.800049
2011-04-20	3492.399902
2011-04-25	3486.47998
2011-04-26	3492.040039
2011-04-27	3503.76001
2011-04-28	3519.330078
2011-05-01	3497.860107
2011-05-02	3495.110107
2011-05-03	3495.189941
2011-05-04	3498.98999
2011-05-05	3506.350098
2011-05-08	3518.97998
2011-05-09	3528.75
2011-05-10	3558.870117
2011-05-11	3540.310059
2011-05-12	3535.790039
2011-05-15	3543.870117
2011-05-16	3558.050049
2011-05-17	3559.550049
2011-05-18	3569.0
2011-05-19	3577.439941
2011-05-22	3554.139893
2011-05-23	3559.550049
2011-05-24	3554.360107
2011-05-25	3527.590088
2011-05-26	3527.959961
2011-05-29	3542.98999
2011-05-30	3547.639893
2011-05-31	3551.540039
2011-06-01	3525.820068
2011-06-02	3514.76001
2011-06-06	3505.610107
2011-06-07	3525.389893
2011-06-08	3488.75
2011-06-09	3490.629883
2011-06-12	3476.679932
2011-06-13	3488.850098
2011-06-14	3506.370117
2011-06-15	3481.610107
2011-06-16	3469.590088
2011-06-19	3467.48999
2011-06-20	3459.560059
2011-06-21	3457.459961
2011-06-22	3461.810059
2011-06-23	3455.600098
2011-06-26	3438.080078
2011-06-27	3441.01001
2011-06-28	3414.919922
2011-06-29	3448.350098
2011-06-30	3475.0
2011-07-03	3478.48999
2011-07-04	3473.590088
2011-07-05	3460.830078
2011-07-06	3460.560059
2011-07-07	3456.139893
2011-07-10	3434.139893
2011-07-11	3430.379883
2011-07-12	3424.350098
2011-07-13	3409.550049
2011-07-14	3406.379883
2011-07-17	3385.889893
2011-07-18	3392.02002
2011-07-19	3408.370117
2011-07-20	3421.340088
2011-07-21	3449.219971
2011-07-24	3428.149902
2011-07-25	3416.620117
2011-07-26	3412.350098
2011-07-27	3396.790039
2011-07-28	3395.629883
2011-07-31	3413.830078
2011-08-01	3397.0
2011-08-02	3369.820068
2011-08-03	3377.780029
2011-08-04	3276.51001
2011-08-07	3185.449951
2011-08-08	3097.780029
2011-08-09	3183.73999
2011-08-10	3208.620117
2011-08-11	3216.5
2011-08-14	3252.629883
2011-08-15	3273.75
2011-08-16	3290.100098
2011-08-17	3286.219971
2011-08-18	3267.840088
2011-08-21	3274.439941
2011-08-22	3269.590088
2011-08-23	3287.52002
2011-08-24	3301.580078
2011-08-25	3295.629883
2011-08-28	3306.0
2011-08-29	3317.72998
2011-08-30	3323.070068
2011-08-31	3332.27002
2011-09-01	3303.219971
2011-09-04	3293.129883
2011-09-05	3270.560059
2011-09-06	3300.949951
2011-09-07	3308.050049
2011-09-08	3323.929932
2011-09-11	3263.810059
2011-09-12	3285.409912
2011-09-13	3264.110107
2011-09-14	3272.5
2011-09-15	3292.679932
2011-09-18	3288.310059
2011-09-19	3290.620117
2011-09-20	3308.830078
2011-09-21	3312.280029
2011-09-22	3282.709961
2011-09-25	3255.370117
2011-09-26	3292.830078
2011-09-27	3298.719971
2011-09-28	3300.169922
2011-09-29	3343.350098
2011-10-02	3315.73999
2011-10-03	3320.389893
2011-10-04	3328.120117
2011-10-05	3346.209961
2011-10-06	3383.639893
2011-10-10	3396.149902
2011-10-11	3325.120117
2011-10-12	3306.679932
2011-10-13	3302.469971
2011-10-16	3316.959961
2011-10-17	3279.110107
2011-10-18	3300.030029
2011-10-19	3289.77002
2011-10-20	3281.159912
2011-10-24	3296.360107
2011-10-25	3296.97998
2011-10-26	3303.469971
2011-10-27	3325.600098
2011-10-30	3332.560059
2011-10-31	3332.77002
2011-11-01	3308.889893
2011-11-02	3311.51001
2011-11-03	3331.790039
2011-11-06	3342.189941
2011-11-07	3351.23999
2011-11-08	3353.560059
2011-11-09	3318.870117
2011-11-10	3322.01001
2011-11-13	3309.860107
2011-11-14	3317.330078
2011-11-15	3281.419922
2011-11-16	3280.73999
2011-11-17	3250.889893
2011-11-20	3256.560059
2011-11-21	3252.27002
2011-11-22	3268.669922
2011-11-23	3241.100098
2011-11-24	3212.27002
2011-11-27	3218.439941
2011-11-28	3239.469971
2011-11-29	3270.209961
2011-11-30	3277.310059
2011-12-01	3282.389893
2011-12-04	3301.219971
2011-12-05	3291.48999
2011-12-06	3283.040039
2011-12-07	3269.949951
2011-12-08	3271.459961
2011-12-11	3299.51001
2011-12-12	3292.790039
2011-12-13	3284.139893
2011-12-14	3263.189941
2011-12-15	3245.340088
2011-12-18	3223.030029
2011-12-19	3202.02002
2011-12-20	3223.080078
2011-12-21	3207.23999
2011-12-22	3215.5
2011-12-27	3236.899902
2011-12-28	3246.25
2011-12-29	3274.709961
2012-01-03	3288.110107
2012-01-04	3284.120117
2012-01-05	3253.429932
2012-01-08	3247.280029
2012-01-09	3228.01001
2012-01-10	3236.530029
2012-01-11	3219.830078
2012-01-12	3227.459961
2012-01-16	3234.800049
2012-01-17	3247.5
2012-01-18	3264.73999
2012-01-19	3276.459961
2012-01-22	3295.02002
2012-01-23	3268.169922
2012-01-24	3280.100098
2012-01-25	3281.679932
2012-01-26	3294.639893
2012-01-29	3307.219971
2012-01-30	3296.199951
2012-01-31	3301.790039
2012-02-01	3314.639893
2012-02-02	3312.22998
2012-02-06	3315.139893
2012-02-07	3324.669922
2012-02-08	3326.73999
2012-02-09	3348.129883
2012-02-12	3340.02002
2012-02-13	3330.330078
2012-02-14	3293.870117
2012-02-15	3286.449951
2012-02-16	3289.0
2012-02-19	3315.570068
2012-02-20	3337.320068
2012-02-21	3328.22998
2012-02-22	3323.159912
2012-02-23	3319.76001
2012-02-26	3303.449951
2012-02-27	3309.800049
2012-02-28	3322.530029
2012-02-29	3330.850098
2012-03-01	3375.810059
2012-03-04	3387.840088
2012-03-05	3401.830078
2012-03-06	3403.050049
2012-03-07	3413.790039
2012-03-08	3433.820068
2012-03-11	3452.370117
2012-03-12	3470.810059
2012-03-13	3498.98999
2012-03-14	3533.72998
2012-03-15	3505.02002
2012-03-18	3485.969971
2012-03-19	3487.01001
2012-03-20	3481.959961
2012-03-21	3474.649902
2012-03-22	3449.300049
2012-03-25	3471.919922
2012-03-26	3483.959961
2012-03-27	3486.51001
2012-03-28	3495.439941
2012-03-29	3509.550049
2012-04-01	3493.610107
2012-04-02	3473.090088
2012-04-03	3480.419922
2012-04-04	3467.97998
2012-04-09	3475.100098
2012-04-10	3465.389893
2012-04-11	3487.090088
2012-04-12	3487.169922
2012-04-15	3473.5
2012-04-16	3480.540039
2012-04-18	3525.189941
2012-04-19	3516.22998
2012-04-22	3513.449951
2012-04-23	3519.860107
2012-04-25	3520.820068
2012-04-26	3531.659912
2012-04-29	3555.870117
2012-04-30	3577.320068
2012-05-01	3614.969971
2012-05-02	3576.699951
2012-05-03	3549.780029
2012-05-06	3540.129883
2012-05-07	3552.060059
2012-05-08	3559.469971
2012-05-09	3569.050049
2012-05-10	3548.060059
2012-05-13	3555.360107
2012-05-14	3534.919922
2012-05-15	3514.51001
2012-05-16	3521.51001
2012-05-17	3501.439941
2012-05-20	3493.389893
2012-05-21	3529.860107
2012-05-22	3510.199951
2012-05-23	3496.189941
2012-05-24	3486.22998
2012-05-27	3462.25
2012-05-28	3478.290039
2012-05-29	3481.340088
2012-05-30	3488.290039
2012-05-31	3452.0
2012-06-04	3420.790039
2012-06-05	3464.51001
2012-06-06	3473.959961
2012-06-07	3449.469971
2012-06-10	3454.23999
2012-06-11	3425.600098
2012-06-12	3381.72998
2012-06-13	3416.090088
2012-06-14	3447.070068
2012-06-17	3455.679932
2012-06-18	3480.379883
2012-06-19	3444.790039
2012-06-20	3409.389893
2012-06-21	3399.199951
2012-06-24	3401.129883
2012-06-25	3381.320068
2012-06-26	3387.780029
2012-06-27	3401.340088
2012-06-28	3399.830078
2012-07-01	3440.159912
2012-07-02	3444.629883
2012-07-03	3483.120117
2012-07-04	3484.199951
2012-07-05	3478.699951
2012-07-08	3480.189941
2012-07-09	3464.719971
2012-07-10	3478.840088
2012-07-11	3501.399902
2012-07-12	3495.409912
2012-07-15	3467.340088
2012-07-16	3468.860107
2012-07-17	3474.050049
2012-07-18	3485.780029
2012-07-19	3463.699951
2012-07-22	3465.360107
2012-07-23	3460.699951
2012-07-24	3458.97998
2012-07-25	3485.73999
2012-07-26	3501.290039
2012-07-29	3518.889893
2012-07-30	3545.01001
2012-07-31	3530.649902
2012-08-01	3564.110107
2012-08-02	3548.0
2012-08-05	3563.199951
2012-08-06	3584.810059
2012-08-07	3581.790039
2012-08-08	3583.610107
2012-08-09	3577.800049
2012-08-12	3594.959961
2012-08-13	3608.879883
2012-08-14	3631.189941
2012-08-15	3616.199951
2012-08-16	3639.659912
2012-08-19	3661.090088
2012-08-20	3687.73999
2012-08-21	3658.379883
2012-08-22	3663.340088
2012-08-23	3622.590088
2012-08-26	3623.22998
2012-08-27	3629.050049
2012-08-28	3628.389893
2012-08-29	3629.560059
2012-08-30	3666.679932
2012-09-02	3669.030029
2012-09-03	3676.02002
2012-09-04	3669.649902
2012-09-05	3693.540039
2012-09-06	3722.179932
2012-09-09	3726.899902
2012-09-10	3744.959961
2012-09-11	3789.719971
2012-09-13	3792.340088
2012-09-16	3817.22998
2012-09-17	3804.47998
2012-09-18	3797.899902
2012-09-19	3819.280029
2012-09-20	3809.570068
2012-09-23	3809.149902
2012-09-24	3825.310059
2012-09-25	3809.320068
2012-09-26	3809.030029
2012-09-27	3834.149902
2012-10-01	3871.25
2012-10-02	3889.600098
2012-10-03	3881.98999
2012-10-04	3904.850098
2012-10-07	3923.909912
2012-10-09	3888.139893
2012-10-10	3883.300049
2012-10-11	3896.659912
2012-10-14	3916.360107
2012-10-16	3965.179932
2012-10-18	3988.159912
2012-10-23	4001.449951
2012-10-24	3990.48999
2012-10-25	3983.780029
2012-10-28	3951.300049
2012-10-30	3957.879883
2012-10-31	3931.879883
2012-11-01	3914.080078
2012-11-04	3908.27002
2012-11-08	3957.919922
2012-11-15	3947.840088
2012-11-22	4008.340088
2012-11-29	4050.090088
2012-12-06	4041.530029
2012-12-13	3979.169922
2012-12-20	4054.73999
2012-12-23	4057.820068
2012-12-27	4080.899902
2012-12-30	4066.51001
2013-01-03	4075.040039
2013-01-10	4131.75
2013-01-17	4164.180176
2013-01-24	4199.819824
2013-01-31	4245.930176
2013-02-07	4225.720215
2013-02-14	4196.72998
2013-02-21	4214.600098
2013-02-28	4317.990234
2013-03-03	4253.600098
2013-03-04	4269.160156
2013-03-05	4297.970215
2013-03-06	4333.47998
2013-03-07	4354.029785
2013-03-10	4366.580078
2013-03-11	4378.759766
2013-03-12	4341.149902
2013-03-14	4387.060059
2013-03-17	4341.02002
2013-03-18	4345.040039
2013-03-20	4342.5
2013-03-21	4342.890137
2013-03-24	4340.72998
2013-03-25	4346.029785
2013-03-26	4412.060059
2013-03-27	4422.75
2013-04-04	4432.970215
2013-04-07	4397.200195
2013-04-09	4420.060059
2013-04-10	4409.540039
2013-04-11	4435.77002
2013-04-14	4454.709961
2013-04-15	4427.839844
2013-04-16	4478.27002
2013-04-17	4442.100098
2013-04-18	4444.5
2013-04-21	4483.660156
2013-04-22	4516.5
2013-04-23	4538.97998
2013-04-25	4548.709961
2013-04-28	4580.959961
2013-04-29	4614.370117
2013-04-30	4603.02002
2013-05-01	4574.459961
2013-05-02	4544.319824
2013-05-05	4596.22998
2013-05-06	4621.72998
2013-05-07	4640.279785
2013-05-08	4639.330078
2013-05-09	4652.779785
2013-05-12	4671.640137
2013-05-13	4645.850098
2013-05-14	4646.330078
2013-05-15	4636.029785
2013-05-16	4597.839844
2013-05-19	4598.649902
2013-05-20	4590.839844
2013-05-21	4610.180176
2013-05-22	4588.589844
2013-05-23	4526.240234
2013-05-26	4478.200195
2013-05-27	4478.25
2013-05-28	4488.259766
2013-05-29	4470.509766
2013-05-30	4511.350098
2013-06-04	4453.589844
2013-06-05	4455.330078
2013-06-06	4439.859863
2013-06-09	4473.379883
2013-06-10	4463.580078
2013-06-11	4442.120117
2013-06-12	4401.910156
2013-06-13	4420.97998
2013-06-16	4447.640137
2013-06-17	4462.100098
2013-06-18	4445.549805
2013-06-19	4398.52002
2013-06-20	4363.069824
2013-06-23	4364.040039
2013-06-24	4316.990234
2013-06-25	4393.609863
2013-06-26	4416.959961
2013-06-27	4440.169922
2013-06-30	4418.049805
2013-07-01	4458.25
2013-07-02	4450.759766
2013-07-03	4458.950195
2013-07-04	4489.859863
2013-07-07	4493.299805
2013-07-08	4523.689941
2013-07-09	4556.77002
2013-07-10	4560.049805
2013-07-11	4568.330078
2013-07-14	4606.240234
2013-07-15	4576.540039
2013-07-16	4578.970215
2013-07-17	4563.379883
2013-07-18	4538.310059
2013-07-21	4554.040039
2013-07-22	4580.589844
2013-07-23	4599.200195
2013-07-24	4576.799805
2013-07-25	4581.990234
2013-07-28	4578.47998
2013-07-29	4550.580078
2013-07-30	4537.97998
2013-07-31	4545.77002
2013-08-01	4582.890137
2013-08-04	4589.47998
2013-08-05	4575.5
2013-08-06	4548.299805
2013-08-07	4541.379883
2013-08-08	4533.640137
2013-08-11	4522.299805
2013-08-12	4525.819824
2013-08-13	4524.589844
2013-08-14	4530.259766
2013-08-15	4513.879883
2013-08-18	4503.220215
2013-08-19	4508.359863
2013-08-20	4551.509766
2013-08-21	4529.859863
2013-08-22	4524.209961
2013-08-25	4545.669922
2013-08-26	4542.02002
2013-08-27	4509.720215
2013-08-28	4520.5
2013-08-29	4540.970215
2013-09-01	4596.359863
2013-09-02	4606.709961
2013-09-03	4610.310059
2013-09-04	4604.350098
2013-09-05	4597.180176
2013-09-08	4614.02002
2013-09-09	4627.759766
2013-09-10	4634.899902
2013-09-11	4641.5
2013-09-12	4650.939941
2013-09-15	4693.620117
2013-09-16	4698.029785
2013-09-17	4703.830078
2013-09-18	4753.029785
2013-09-19	4730.379883
2013-09-22	4701.370117
2013-09-23	4710.589844
2013-09-24	4764.720215
2013-09-25	4765.470215
2013-09-26	4782.680176
2013-09-30	4743.870117
2013-10-01	4768.870117
2013-10-02	4770.220215
2013-10-03	4759.379883
2013-10-06	4756.040039
2013-10-07	4738.680176
2013-10-08	4710.629883
2013-10-09	4717.379883
2013-10-10	4740.77002
2013-10-13	4734.169922
2013-10-14	4747.930176
2013-10-15	4758.77002
2013-10-16	4776.0
2013-10-17	4758.589844
2013-10-20	4802.560059
2013-10-22	4876.399902
2013-10-23	4834.939941
2013-10-24	4863.350098
2013-10-28	4852.589844
2013-10-29	4868.080078
2013-10-30	4909.72998
2013-10-31	4913.830078
2013-11-03	4910.680176
2013-11-04	4938.700195
2013-11-05	4944.569824
2013-11-06	4922.689941
2013-11-07	4951.359863
2013-11-10	4922.169922
2013-11-11	4915.669922
2013-11-12	4918.660156
2013-11-13	4927.180176
2013-11-14	4914.080078
2013-11-17	4892.040039
2013-11-18	4862.509766
2013-11-19	4840.359863
2013-11-20	4818.370117
2013-11-21	4818.0
2013-11-24	4813.879883
2013-11-25	4790.75
2013-11-26	4799.350098
2013-11-27	4809.459961
2013-11-28	4794.950195
2013-12-01	4792.330078
2013-12-02	4783.850098
2013-12-03	4734.160156
2013-12-04	4719.950195
2013-12-05	4713.52002
2013-12-08	4718.310059
2013-12-09	4706.509766
2013-12-10	4704.299805
2013-12-11	4708.200195
2013-12-12	4717.060059
2013-12-15	4735.609863
2013-12-16	4728.02002
2013-12-17	4675.879883
2013-12-18	4707.060059
2013-12-19	4681.189941
2013-12-22	4722.640137
2013-12-23	4767.939941
2013-12-26	4767.359863
2013-12-29	4768.97998
2013-12-30	4737.009766
2014-01-02	4769.040039
2014-01-05	4765.319824
2014-01-06	4759.629883
2014-01-07	4779.799805
2014-01-08	4814.870117
2014-01-09	4864.390137
2014-01-12	4899.399902
2014-01-13	4865.160156
2014-01-14	4913.029785
2014-01-15	4921.290039
2014-01-16	4893.950195
2014-01-19	4890.5
2014-01-20	4921.669922
2014-01-21	4950.339844
2014-01-22	4911.080078
2014-01-23	4873.700195
2014-01-26	4853.799805
2014-01-27	4848.439941
2014-01-28	4882.720215
2014-01-29	4849.839844
2014-01-30	4874.580078
2014-02-02	4849.5
2014-02-03	4802.620117
2014-02-04	4807.939941
2014-02-06	4840.790039
2014-02-09	4833.060059
2014-02-10	4848.879883
2014-02-11	4869.970215
2014-02-12	4873.529785
2014-02-13	4888.399902
2014-02-16	4894.990234
2014-02-17	4895.100098
2014-02-18	4914.140137
2014-02-19	4909.830078
2014-02-20	4927.640137
2014-02-23	4969.649902
2014-02-24	4967.509766
2014-02-25	4973.200195
2014-02-26	4964.339844
2014-02-27	4990.040039
2014-03-02	5007.399902
2014-03-03	5033.259766
2014-03-04	5073.089844
2014-03-05	5114.790039
2014-03-06	5125.649902
2014-03-09	5117.839844
2014-03-10	5101.939941
2014-03-11	5096.529785
2014-03-12	5111.97998
2014-03-13	5079.319824
2014-03-16	5088.029785
2014-03-17	5135.660156
2014-03-18	5154.720215
2014-03-19	5160.390137
2014-03-20	5124.990234
2014-03-23	5118.620117
2014-03-24	5130.700195
2014-03-25	5124.890137
2014-03-26	5126.529785
2014-03-27	5142.899902
2014-03-30	5139.97998
2014-03-31	5122.52002
2014-04-01	5116.310059
2014-04-02	5122.370117
2014-04-03	5123.899902
2014-04-06	5075.839844
2014-04-07	5031.560059
2014-04-08	5067.410156
2014-04-09	5115.490234
2014-04-10	5091.430176
2014-04-13	5063.540039
2014-04-14	5076.290039
2014-04-15	5090.549805
2014-04-16	5103.350098
2014-04-21	5104.939941
2014-04-22	5142.919922
2014-04-23	5153.959961
2014-04-27	5115.799805
2014-04-28	5148.290039
2014-04-29	5232.680176
2014-04-30	5209.209961
2014-05-01	5232.910156
2014-05-04	5200.25
2014-05-05	5174.899902
2014-05-06	5189.129883
2014-05-07	5161.410156
2014-05-08	5152.669922
2014-05-11	5162.419922
2014-05-12	5199.339844
2014-05-13	5213.359863
2014-05-14	5194.959961
2014-05-15	5186.189941
2014-05-18	5167.779785
2014-05-19	5134.890137
2014-05-20	5108.569824
2014-05-21	5128.839844
2014-05-22	5151.370117
2014-05-25	5153.680176
2014-05-26	5145.850098
2014-05-27	5181.459961
2014-05-28	5183.160156
2014-05-29	5178.439941
2014-06-02	5164.120117
2014-06-03	5159.350098
2014-06-04	5159.490234
2014-06-05	5182.439941
2014-06-08	5186.430176
2014-06-09	5179.399902
2014-06-10	5179.149902
2014-06-11	5195.109863
2014-06-12	5170.509766
2014-06-15	5178.799805
2014-06-16	5193.5
2014-06-17	5184.459961
2014-06-18	5192.149902
2014-06-19	5145.029785
2014-06-22	5126.160156
2014-06-23	5121.209961
2014-06-24	5104.540039
2014-06-25	5130.149902
2014-06-26	5144.25
2014-06-29	5141.47998
2014-06-30	5146.259766
2014-07-01	5149.390137
2014-07-02	5167.390137
2014-07-03	5188.910156
2014-07-06	5186.359863
2014-07-07	5166.080078
2014-07-08	5122.740234
2014-07-09	5128.009766
2014-07-10	5100.589844
2014-07-13	5127.870117
2014-07-14	5115.399902
2014-07-15	5114.240234
2014-07-16	5112.390137
2014-07-17	5108.930176
2014-07-20	5126.899902
2014-07-21	5133.870117
2014-07-22	5146.529785
2014-07-23	5174.709961
2014-07-24	5194.27002
2014-07-27	5187.140137
2014-07-28	5165.560059
2014-07-29	5158.549805
2014-07-30	5167.990234
2014-07-31	5109.930176
2014-08-03	5090.689941
2014-08-04	5104.160156
2014-08-05	5092.22998
2014-08-06	5097.509766
2014-08-07	5055.200195
2014-08-10	5049.629883
2014-08-11	5055.810059
2014-08-12	5054.700195
2014-08-13	5062.410156
2014-08-14	5078.080078
2014-08-17	5071.120117
2014-08-18	5114.209961
2014-08-19	5140.339844
2014-08-20	5152.919922
2014-08-21	5167.0
2014-08-24	5182.740234
2014-08-25	5195.629883
2014-08-26	5243.700195
2014-08-27	5237.509766
2014-08-28	5223.299805
2014-08-31	5215.399902
2014-09-01	5221.77002
2014-09-02	5224.399902
2014-09-03	5228.549805
2014-09-04	5253.870117
2014-09-07	5261.75
2014-09-08	5243.700195
2014-09-09	5236.660156
2014-09-10	5262.319824
2014-09-11	5223.970215
2014-09-14	5210.859863
2014-09-15	5189.790039
2014-09-16	5142.339844
2014-09-17	5154.180176
2014-09-18	5181.350098
2014-09-21	5236.290039
2014-09-22	5241.439941
2014-09-23	5258.169922
2014-09-24	5277.859863
2014-09-25	5253.490234
2014-09-28	5259.509766
2014-09-29	5255.040039
2014-09-30	5274.580078
2014-10-01	5245.240234
2014-10-02	5236.990234
2014-10-05	5241.310059
2014-10-06	5235.709961
2014-10-07	5245.899902
2014-10-08	5266.040039
2014-10-09	5225.140137
2014-10-12	5170.049805
2014-10-13	5145.890137
2014-10-14	5162.870117
2014-10-15	5132.02002
2014-10-16	5146.939941
2014-10-19	5197.890137
2014-10-20	5233.120117
2014-10-21	5279.700195
2014-10-22	5292.830078
2014-10-23	5333.830078
2014-10-27	5338.330078
2014-10-28	5355.879883
2014-10-29	5370.180176
2014-10-30	5387.830078
2014-11-02	5418.220215
2014-11-03	5423.259766
2014-11-04	5402.149902
2014-11-05	5403.609863
2014-11-06	5418.990234
2014-11-09	5470.339844
2014-11-10	5490.790039
2014-11-11	5487.890137
2014-11-12	5462.740234
2014-11-13	5484.0
2014-11-16	5490.22998
2014-11-17	5505.029785
2014-11-18	5522.060059
2014-11-19	5526.950195
2014-11-20	5495.810059
2014-11-23	5471.680176
2014-11-24	5442.680176
2014-11-25	5457.390137
2014-11-26	5455.379883
2014-11-27	5424.450195
2014-11-30	5429.620117
2014-12-01	5430.040039
2014-12-02	5503.069824
2014-12-03	5522.680176
2014-12-04	5521.910156
2014-12-07	5529.319824
2014-12-08	5542.930176
2014-12-09	5523.580078
2014-12-10	5502.069824
2014-12-11	5514.950195
2014-12-14	5499.069824
2014-12-15	5495.75
2014-12-16	5496.589844
2014-12-17	5518.47998
2014-12-18	5527.75
2014-12-21	5541.740234
2014-12-22	5552.100098
2014-12-23	5557.419922
2014-12-28	5592.330078
2014-12-29	5577.200195
2014-12-30	5568.279785
2015-01-04	5602.600098
2015-01-05	5561.379883
2015-01-06	5558.060059
2015-01-07	5574.049805
2015-01-08	5584.839844
2015-01-11	5609.799805
2015-01-12	5636.609863
2015-01-13	5648.629883
2015-01-14	5642.049805
2015-01-15	5616.72998
2015-01-18	5638.140137
2015-01-19	5633.220215
2015-01-20	5672.850098
2015-01-21	5647.149902
2015-01-22	5675.240234
2015-01-25	5698.660156
2015-01-26	5737.740234
2015-01-27	5794.819824
2015-01-28	5759.810059
2015-01-29	5744.0
2015-02-01	5756.689941
2015-02-02	5781.950195
2015-02-03	5785.319824
2015-02-04	5797.589844
2015-02-08	5769.569824
2015-02-09	5784.089844
2015-02-10	5789.180176
2015-02-11	5749.319824
2015-02-12	5786.540039
2015-02-15	5758.25
2015-02-16	5750.209961
2015-02-17	5741.359863
2015-02-18	5726.22998
2015-02-19	5748.950195
2015-02-22	5754.359863
2015-02-23	5722.970215
2015-02-24	5842.290039
2015-02-25	5861.680176
2015-02-26	5878.470215
2015-03-01	5892.669922
2015-03-02	5893.660156
2015-03-03	5874.080078
2015-03-04	5856.77002
2015-03-05	5903.069824
2015-03-08	5896.959961
2015-03-09	5887.75
2015-03-10	5861.97998
2015-03-11	5886.779785
2015-03-12	5908.589844
2015-03-15	5911.399902
2015-03-16	5905.410156
2015-03-17	5846.660156
2015-03-18	5859.399902
2015-03-19	5871.379883
2015-03-22	5875.22998
2015-03-23	5870.540039
2015-03-24	5857.779785
2015-03-25	5833.169922
2015-03-26	5854.25
2015-03-29	5821.290039
2015-03-30	5833.990234
2015-03-31	5835.580078
2015-04-01	5831.399902
2015-04-06	5855.439941
2015-04-07	5859.720215
2015-04-08	5847.169922
2015-04-09	5847.359863
2015-04-12	5854.319824
2015-04-13	5882.109863
2015-04-14	5856.080078
2015-04-15	5881.759766
2015-04-16	5861.47998
2015-04-19	5824.279785
2015-04-20	5817.52002
2015-04-21	5793.609863
2015-04-22	5757.910156
2015-04-23	5765.359863
2015-04-27	5769.649902
2015-04-28	5740.819824
2015-04-29	5791.339844
2015-04-30	5797.399902
2015-05-03	5767.080078
2015-05-04	5787.790039
2015-05-05	5765.27002
2015-05-06	5729.350098
2015-05-07	5735.359863
2015-05-10	5747.950195
2015-05-11	5746.22998
2015-05-12	5751.759766
2015-05-13	5738.399902
2015-05-14	5760.379883
2015-05-17	5772.709961
2015-05-18	5757.160156
2015-05-19	5755.790039
2015-05-20	5769.27002
2015-05-21	5776.02002
2015-05-24	5794.97998
2015-05-25	5795.859863
2015-05-26	5757.939941
2015-05-27	5777.640137
2015-05-28	5844.950195
2015-06-01	5863.740234
2015-06-02	5858.709961
2015-06-03	5865.439941
2015-06-04	5867.899902
2015-06-07	5885.810059
2015-06-08	5862.109863
2015-06-09	5803.870117
2015-06-10	5858.410156
2015-06-11	5846.970215
2015-06-14	5819.970215
2015-06-15	5813.930176
2015-06-16	5779.259766
2015-06-17	5749.709961
2015-06-18	5781.759766
2015-06-21	5772.049805
2015-06-22	5772.140137
2015-06-23	5775.490234
2015-06-24	5733.290039
2015-06-25	5755.439941
2015-06-28	5705.810059
2015-06-29	5726.959961
2015-06-30	5794.359863
2015-07-01	5841.470215
2015-07-02	5840.899902
2015-07-05	5776.620117
2015-07-06	5803.180176
2015-07-07	5767.700195
2015-07-08	5737.439941
2015-07-09	5725.339844
2015-07-12	5706.700195
2015-07-13	5750.879883
2015-07-14	5805.959961
2015-07-15	5824.149902
2015-07-16	5853.759766
2015-07-19	5861.930176
2015-07-20	5876.910156
2015-07-21	5927.75
2015-07-22	5901.299805
2015-07-23	5894.180176
2015-07-26	5872.060059
2015-07-27	5848.390137
2015-07-28	5870.77002
2015-07-29	5891.850098
2015-07-30	5920.959961
2015-08-02	5957.850098
2015-08-03	5933.75
2015-08-04	5938.509766
2015-08-05	5928.689941
2015-08-06	5868.660156
2015-08-09	5865.02002
2015-08-10	5822.350098
2015-08-11	5757.220215
2015-08-12	5737.689941
2015-08-13	5696.450195
2015-08-16	5727.419922
2015-08-17	5710.759766
2015-08-18	5750.029785
2015-08-19	5742.459961
2015-08-20	5751.189941
2015-08-23	5607.310059
2015-08-24	5613.290039
2015-08-25	5577.779785
2015-08-26	5634.939941
2015-08-27	5670.47998
2015-08-30	5656.240234
2015-08-31	5654.990234
2015-09-01	5590.200195
2015-09-02	5569.680176
2015-09-03	5546.879883
2015-09-06	5572.72998
2015-09-07	5610.310059
2015-09-08	5671.419922
2015-09-09	5670.990234
2015-09-10	5648.22998
2015-09-13	5665.870117
2015-09-14	5652.390137
2015-09-15	5667.970215
2015-09-16	5694.22998
2015-09-17	5712.040039
2015-09-20	5683.52002
2015-09-21	5696.790039
2015-09-22	5654.339844
2015-09-23	5676.810059
2015-09-24	5687.350098
2015-09-27	5699.129883
2015-09-28	5612.419922
2015-09-29	5593.359863
2015-09-30	5585.419922
2015-10-01	5593.509766
2015-10-04	5630.540039
2015-10-05	5668.109863
2015-10-06	5650.029785
2015-10-07	5625.779785
2015-10-08	5638.790039
2015-10-11	5689.830078
2015-10-12	5702.810059
2015-10-13	5727.129883
2015-10-14	5775.700195
2015-10-15	5820.009766
2015-10-18	5834.830078
2015-10-19	5895.490234
2015-10-20	5918.259766
2015-10-21	5923.600098
2015-10-22	5970.669922
2015-10-26	6001.02002
2015-10-27	5998.990234
2015-10-28	6002.970215
2015-10-29	5986.370117
2015-11-01	5983.839844
2015-11-02	6021.970215
2015-11-03	6071.209961
2015-11-04	6073.629883
2015-11-05	6069.740234
2015-11-08	6047.890137
2015-11-09	6002.810059
2015-11-10	6013.529785
2015-11-11	6023.959961
2015-11-12	5989.029785
2015-11-15	5961.669922
2015-11-16	5967.609863
2015-11-17	5979.810059
2015-11-18	5995.25
2015-11-19	6008.52002
2015-11-22	6077.620117
2015-11-23	6101.27002
2015-11-24	6069.140137
2015-11-25	6087.899902
2015-11-26	6101.02002
2015-11-29	6100.149902
2015-11-30	6150.680176
2015-12-01	6143.319824
2015-12-02	6125.669922
2015-12-03	6094.819824
2015-12-06	6064.430176
2015-12-07	6035.0
2015-12-08	6053.549805
2015-12-09	6040.560059
2015-12-10	6069.950195
2015-12-13	6035.25
2015-12-14	6040.549805
2015-12-15	6070.939941
2015-12-16	6088.330078
2015-12-17	6107.839844
2015-12-20	6120.819824
2015-12-21	6147.970215
2015-12-22	6195.339844
2015-12-23	6225.529785
2015-12-27	6239.990234
2015-12-28	6292.439941
2015-12-29	6319.390137
2015-12-30	6324.259766
2016-01-04	6278.100098
2016-01-05	6262.52002
2016-01-06	6213.390137
2016-01-07	6158.100098
2016-01-10	6102.830078
2016-01-11	6112.350098
2016-01-12	6151.870117
2016-01-13	6109.290039
2016-01-14	6169.089844
2016-01-17	6101.439941
2016-01-18	6124.200195
2016-01-19	6113.720215
2016-01-20	6080.899902
2016-01-21	6121.609863
2016-01-24	6175.25
2016-01-25	6142.160156
2016-01-26	6141.939941
2016-01-27	6149.700195
2016-01-28	6170.220215
2016-01-31	6174.490234
2016-02-01	6180.080078
2016-02-02	6133.379883
2016-02-03	6137.700195
2016-02-04	6153.799805
2016-02-08	6071.310059
2016-02-09	6019.490234
2016-02-10	5987.02002
2016-02-11	5933.959961
2016-02-14	6034.279785
2016-02-15	6075.370117
2016-02-16	6085.560059
2016-02-17	6111.089844
2016-02-18	6141.709961
2016-02-21	6139.459961
2016-02-22	6175.669922
2016-02-23	6230.370117
2016-02-24	6225.279785
2016-02-25	6224.97998
2016-02-28	6230.870117
2016-02-29	6280.899902
2016-03-01	6313.069824
2016-03-02	6380.859863
2016-03-03	6418.129883
2016-03-06	6418.930176
2016-03-07	6446.720215
2016-03-08	6457.259766
2016-03-09	6508.279785
2016-03-10	6515.410156
2016-03-13	6566.830078
2016-03-14	6577.819824
2016-03-15	6562.959961
2016-03-16	6573.450195
2016-03-17	6623.5
2016-03-20	6641.939941
2016-03-21	6664.25
2016-03-22	6668.870117
2016-03-23	6662.549805
2016-03-28	6676.330078
2016-03-29	6714.160156
2016-03-30	6752.419922
2016-03-31	6708.02002
2016-04-03	6743.600098
2016-04-04	6715.810059
2016-04-05	6734.27002
2016-04-06	6755.22998
2016-04-07	6730.279785
2016-04-10	6725.100098
2016-04-11	6726.02002
2016-04-12	6777.910156
2016-04-13	6823.810059
2016-04-14	6844.740234
2016-04-17	6851.200195
2016-04-18	6873.040039
2016-04-19	6901.259766
2016-04-20	6906.100098
2016-04-21	6866.109863
2016-04-25	6795.720215
2016-04-26	6750.399902
2016-04-27	6789.97998
2016-04-28	6820.580078
2016-05-01	6791.819824
2016-05-02	6843.009766
2016-05-03	6824.5
2016-05-04	6876.47998
2016-05-05	6898.109863
2016-05-08	6885.049805
2016-05-09	6909.399902
2016-05-10	6944.339844
2016-05-11	6923.169922
2016-05-12	6916.569824
2016-05-15	6914.129883
2016-05-16	6974.870117
2016-05-17	6982.640137
2016-05-18	6903.620117
2016-05-19	6909.859863
2016-05-22	6907.77002
2016-05-23	6872.660156
2016-05-24	6908.040039
2016-05-25	6947.890137
2016-05-26	6992.540039
2016-05-29	7019.640137
2016-05-30	7039.419922
2016-05-31	7022.399902
2016-06-01	7003.120117
2016-06-02	7024.379883
2016-06-06	7037.310059
2016-06-07	6991.509766
2016-06-08	6970.549805
2016-06-09	6971.779785
2016-06-12	6924.27002
2016-06-13	6834.950195
2016-06-14	6869.560059
2016-06-15	6888.569824
2016-06-16	6847.060059
2016-06-19	6869.540039
2016-06-20	6839.399902
2016-06-21	6781.72998
2016-06-22	6821.350098
2016-06-23	6667.779785
2016-06-26	6686.930176
2016-06-27	6716.580078
2016-06-28	6804.200195
2016-06-29	6897.529785
2016-06-30	6926.22998
2016-07-03	6940.950195
2016-07-04	6970.990234
2016-07-05	6977.22998
2016-07-06	7007.52002
2016-07-07	7000.100098
2016-07-10	7062.450195
2016-07-11	7079.459961
2016-07-12	7064.319824
2016-07-13	7080.330078
2016-07-14	7072.879883
2016-07-17	7105.950195
2016-07-18	7154.830078
2016-07-19	7172.669922
2016-07-20	7214.049805
2016-07-21	7226.049805
2016-07-24	7317.310059
2016-07-25	7310.390137
2016-07-26	7301.899902
2016-07-27	7306.350098
2016-07-28	7348.129883
2016-07-31	7356.629883
2016-08-01	7329.200195
2016-08-02	7277.399902
2016-08-03	7298.080078
2016-08-04	7308.419922
2016-08-07	7348.299805
2016-08-08	7363.160156
2016-08-09	7349.609863
2016-08-10	7353.819824
2016-08-11	7363.100098
2016-08-14	7388.350098
2016-08-15	7310.669922
2016-08-16	7355.02002
2016-08-17	7385.120117
2016-08-18	7405.25
2016-08-21	7462.160156
2016-08-22	7467.330078
2016-08-23	7410.299805
2016-08-24	7427.279785
2016-08-25	7391.299805
2016-08-28	7367.259766
2016-08-29	7387.950195
2016-08-30	7398.830078
2016-08-31	7423.189941
2016-09-01	7426.109863
2016-09-04	7491.839844
2016-09-05	7503.540039
2016-09-06	7571.100098
2016-09-07	7534.72998
2016-09-08	7468.589844
2016-09-11	7279.759766
2016-09-12	7249.22998
2016-09-13	7210.720215
2016-09-14	7196.240234
2016-09-15	7250.509766
2016-09-18	7278.120117
2016-09-19	7308.450195
2016-09-20	7281.169922
2016-09-21	7311.709961
2016-09-22	7296.740234
2016-09-25	7264.870117
2016-09-26	7252.919922
2016-09-27	7290.450195
2016-09-28	7343.450195
2016-09-29	7361.089844
2016-10-02	7372.490234
2016-10-03	7352.459961
2016-10-04	7271.160156
2016-10-05	7197.290039
2016-10-06	7167.810059
2016-10-09	7116.919922
2016-10-10	7124.22998
2016-10-11	7107.459961
2016-10-12	7120.049805
2016-10-13	7133.259766
2016-10-16	7066.370117
2016-10-17	6973.089844
2016-10-18	6976.540039
2016-10-19	6973.779785
2016-10-20	6958.399902
2016-10-24	7002.870117
2016-10-25	6896.200195
2016-10-26	6941.950195
2016-10-27	6928.640137
2016-10-30	6960.680176
2016-10-31	6930.490234
2016-11-01	6853.75
2016-11-02	6778.939941
2016-11-03	6708.470215
2016-11-06	6872.27002
2016-11-07	6894.359863
2016-11-08	6664.209961
2016-11-09	6733.720215
2016-11-10	6697.779785
2016-11-13	6737.759766
2016-11-14	6770.430176
2016-11-15	6824.580078
2016-11-16	6814.649902
2016-11-17	6857.839844
2016-11-20	6848.950195
2016-11-21	6816.390137
2016-11-22	6851.450195
2016-11-23	6883.25
2016-11-24	6899.620117
2016-11-27	6902.950195
2016-11-28	6901.75
2016-11-29	6896.950195
2016-11-30	6932.740234
2016-12-01	6904.850098
2016-12-04	6854.709961
2016-12-05	6910.359863
2016-12-06	6889.77002
2016-12-07	6916.009766
2016-12-08	6893.299805
2016-12-11	6876.040039
2016-12-12	6850.200195
2016-12-13	6797.859863
2016-12-14	6748.620117
2016-12-15	6760.240234
2016-12-18	6786.25
2016-12-19	6789.669922
2016-12-20	6802.759766
2016-12-21	6851.870117
2016-12-22	6876.990234
2016-12-27	6875.779785
2016-12-28	6892.279785
2016-12-29	6881.220215
2017-01-03	6974.310059
2017-01-04	6975.600098
2017-01-05	6970.660156
2017-01-08	7012.740234
2017-01-09	7037.580078
2017-01-10	7069.589844
2017-01-11	7063.589844
2017-01-12	7046.970215
2017-01-15	7074.939941
2017-01-16	7062.959961
2017-01-17	7059.279785
2017-01-18	7062.359863
2017-01-19	7048.470215
2017-01-22	7067.850098
2017-01-23	7064.160156
2017-01-24	7090.910156
2017-01-25	7113.319824
2017-01-26	7134.259766
2017-01-29	7085.560059
2017-01-30	7050.75
2017-01-31	7055.509766
2017-02-01	7053.540039
2017-02-02	7094.379883
2017-02-06	7067.049805
2017-02-07	7066.27002
2017-02-08	7121.629883
2017-02-09	7104.439941
2017-02-12	7135.5
2017-02-13	7150.890137
2017-02-14	7180.029785
2017-02-15	7099.97998
2017-02-16	7093.52002
2017-02-19	7099.490234
2017-02-20	7115.689941
2017-02-21	7062.47998
2017-02-22	7089.52002
2017-02-23	7058.580078
2017-02-26	7079.180176
2017-02-27	7167.459961
2017-02-28	7148.779785
2017-03-01	7175.830078
2017-03-02	7160.870117
2017-03-05	7178.740234
2017-03-06	7167.629883
2017-03-07	7178.220215
2017-03-08	7140.97998
2017-03-09	7177.589844
2017-03-12	7194.790039
2017-03-13	7177.089844
2017-03-14	7131.299805
2017-03-15	7151.990234
2017-03-16	7158.140137
2017-03-19	7057.049805
2017-03-20	7085.540039
2017-03-21	7060.830078
2017-03-22	7062.549805
2017-03-23	7073.830078
2017-03-26	7062.709961
2017-03-27	7065.22998
2017-03-28	7133.569824
2017-03-29	7169.109863
2017-03-30	7196.779785
2017-04-02	7225.02002
2017-04-03	7244.540039
2017-04-04	7265.049805
2017-04-05	7289.52002
2017-04-06	7243.759766
2017-04-09	7238.859863
2017-04-10	7254.379883
2017-04-11	7251.540039
2017-04-12	7229.799805
2017-04-17	7233.609863
2017-04-18	7218.509766
2017-04-19	7188.049805
2017-04-20	7197.220215
2017-04-23	7222.939941
2017-04-25	7335.129883
2017-04-26	7354.609863
2017-04-27	7378.75
2017-04-30	7382.220215
2017-05-01	7422.490234
2017-05-02	7405.839844
2017-05-03	7378.419922
2017-05-04	7365.5
2017-05-07	7426.459961
2017-05-08	7412.120117
2017-05-09	7424.200195
2017-05-10	7489.709961
2017-05-11	7452.379883
2017-05-14	7429.939941
2017-05-15	7407.609863
2017-05-16	7422.5
2017-05-17	7371.759766
2017-05-18	7392.109863
2017-05-21	7409.5
2017-05-22	7384.700195
2017-05-23	7421.779785
2017-05-24	7434.470215
2017-05-25	7441.569824
2017-05-28	7412.740234
2017-05-29	7411.950195
2017-05-30	7418.899902
2017-05-31	7450.899902
2017-06-01	7499.970215
2017-06-05	7494.970215
2017-06-06	7467.899902
2017-06-07	7458.660156
2017-06-08	7436.100098
2017-06-11	7432.740234
2017-06-12	7440.080078
2017-06-13	7483.990234
2017-06-14	7516.350098
2017-06-15	7552.75
2017-06-18	7592.029785
2017-06-19	7586.529785
2017-06-20	7527.109863
2017-06-21	7563.689941
2017-06-22	7553.640137
2017-06-25	7595.5
2017-06-26	7626.350098
2017-06-27	7624.490234
2017-06-28	7685.450195
2017-06-29	7611.439941
2017-07-02	7588.430176
2017-07-03	7620.640137
2017-07-04	7595.669922
2017-07-05	7629.609863
2017-07-06	7622.129883
2017-07-09	7583.950195
2017-07-10	7628.569824
2017-07-11	7586.02002
2017-07-12	7610.890137
2017-07-13	7649.77002
2017-07-16	7699.569824
2017-07-17	7707.330078
2017-07-18	7732.75
2017-07-19	7672.439941
2017-07-20	7670.859863
2017-07-23	7682.290039
2017-07-24	7713.060059
2017-07-25	7710.589844
2017-07-26	7711.720215
2017-07-27	7639.509766
2017-07-30	7693.990234
2017-07-31	7729.439941
2017-08-01	7748.310059
2017-08-02	7753.75
2017-08-03	7746.120117
2017-08-06	7771.569824
2017-08-07	7782.720215
2017-08-08	7799.640137
2017-08-09	7789.709961
2017-08-10	7719.109863
2017-08-13	7761.939941
2017-08-14	7813.740234
2017-08-15	7853.339844
2017-08-16	7870.060059
2017-08-17	7873.549805
2017-08-20	7867.779785
2017-08-21	7867.080078
2017-08-22	7879.459961
2017-08-23	7868.410156
2017-08-24	7857.810059
2017-08-27	7826.870117
2017-08-28	7738.339844
2017-08-29	7775.200195
2017-08-30	7817.100098
2017-08-31	7821.97998
2017-09-03	7808.220215
2017-09-04	7777.399902
2017-09-05	7790.209961
2017-09-06	7804.259766
2017-09-08	7851.529785
