2004-10-01	1006.28
2004-10-04	1013.67
2004-10-05	1018.38
2004-10-06	1027.74
2004-10-07	1020.67
2004-10-08	1015.79
2004-10-11	1016.2
2004-10-12	1031.18
2004-10-13	1038.88
2004-10-14	1043.76
2004-10-15	1053.18
2004-10-18	1057.91
2004-10-19	1064.34
2004-10-20	1069.79
2004-10-21	1080.93
2004-10-22	1090.21
2004-10-25	1086.86
2004-10-26	1092.0
2004-10-27	1102.01
2004-10-28	1107.67
2004-10-29	1119.07
2004-11-01	1106.95
2004-11-02	1116.77
2004-11-03	1116.25
2004-11-04	1126.38
2004-11-05	1132.39
2004-11-08	1147.59
2004-11-09	1146.27
2004-11-10	1135.42
2004-11-11	1132.9
2004-11-12	1135.64
2004-11-15	1139.01
2004-11-16	1147.08
2004-11-17	1151.31
2004-11-18	1145.4
2004-11-19	1148.26
2004-11-22	1146.43
2004-11-23	1149.16
2004-11-24	1142.58
2004-11-25	1142.34
2004-11-26	1150.84
2004-11-29	1154.62
2004-11-30	1155.51
2004-12-01	1158.93
2004-12-02	1151.46
2004-12-03	1149.15
2004-12-06	1148.03
2004-12-07	1144.19
2004-12-08	1147.5
2004-12-09	1150.46
2004-12-10	1148.94
2004-12-13	1147.92
2004-12-14	1151.8
2004-12-15	1139.57
2004-12-16	1141.07
2004-12-17	1133.98
2004-12-20	1141.92
2004-12-21	1138.4
2004-12-22	1134.63
2004-12-23	1143.74
2004-12-24	1138.53
2004-12-27	1139.17
2004-12-28	1148.74
2004-12-29	1152.4
2004-12-30	1159.29
2004-12-31	1161.3
2005-01-10	1170.98
2005-01-11	1179.86
2005-01-12	1192.57
2005-01-13	1201.97
2005-01-14	1196.3
2005-01-17	1207.93
2005-01-18	1228.18
2005-01-19	1242.29
2005-01-20	1252.64
2005-01-21	1256.47
2005-01-24	1268.97
2005-01-25	1279.43
2005-01-26	1291.39
2005-01-27	1281.53
2005-01-28	1295.86
2005-01-31	1332.12
2005-02-01	1346.81
2005-02-02	1357.84
2005-02-03	1380.71
2005-02-04	1390.84
2005-02-07	1406.63
2005-02-08	1407.38
2005-02-09	1426.27
2005-02-10	1442.45
2005-02-11	1448.1
2005-02-14	1465.71
2005-02-16	1469.02
2005-02-17	1467.7
2005-02-18	1453.18
2005-02-21	1463.42
2005-02-22	1466.55
2005-02-23	1469.16
2005-02-24	1475.49
2005-02-25	1477.76
2005-02-28	1507.25
2005-03-01	1521.53
2005-03-02	1534.82
2005-03-03	1521.63
2005-03-04	1529.75
2005-03-07	1559.22
2005-03-08	1582.95
2005-03-09	1605.99
2005-03-10	1645.75
2005-03-11	1692.74
2005-03-14	1744.65
2005-03-15	1761.92
2005-03-16	1769.34
2005-03-17	1771.46
2005-03-18	1812.59
2005-03-21	1799.94
2005-03-22	1814.61
2005-03-23	1812.48
2005-03-24	1835.26
2005-03-25	1835.86
2005-03-28	1875.5
2005-03-29	1881.54
2005-03-30	1852.15
2005-03-31	1840.19
2005-04-01	1820.87
2005-04-04	1797.5
2005-04-05	1764.13
2005-04-06	1714.27
2005-04-07	1699.97
2005-04-08	1697.17
2005-04-11	1696.44
2005-04-12	1737.06
2005-04-13	1749.68
2005-04-14	1754.25
2005-04-15	1752.73
2005-04-18	1744.86
2005-04-19	1738.64
2005-04-20	1726.33
2005-04-21	1725.79
2005-04-22	1730.89
2005-04-25	1723.31
2005-04-26	1727.65
2005-04-28	1727.5
2005-05-04	1726.06
2005-05-05	1742.06
2005-05-06	1746.86
2005-05-09	1744.76
2005-05-10	1738.13
2005-05-11	1732.38
2005-05-12	1703.46
2005-05-13	1714.45
2005-05-16	1718.4
2005-05-17	1716.04
2005-05-18	1711.29
2005-05-19	1713.58
2005-05-20	1702.26
2005-05-23	1708.49
2005-05-24	1701.47
2005-05-25	1691.68
2005-05-26	1688.11
2005-05-27	1700.4
2005-05-30	1706.97
2005-05-31	1703.81
2005-06-01	1688.71
2005-06-02	1687.58
2005-06-03	1678.19
2005-06-06	1657.15
2005-06-07	1643.96
2005-06-08	1634.38
2005-06-09	1631.52
2005-06-10	1643.97
2005-06-13	1636.76
2005-06-14	1649.23
2005-06-15	1665.66
2005-06-16	1674.88
2005-06-17	1686.85
2005-06-20	1682.36
2005-06-21	1692.57
2005-06-22	1707.15
2005-06-23	1725.83
2005-06-24	1736.42
2005-06-27	1736.14
2005-06-28	1747.53
2005-06-29	1760.96
2005-06-30	1776.63
2005-07-01	1771.02
2005-07-04	1771.57
2005-07-05	1762.56
2005-07-06	1762.56
2005-07-07	1770.15
2005-07-08	1763.19
2005-07-11	1763.03
2005-07-12	1763.57
2005-07-13	1775.07
2005-07-14	1757.59
2005-07-15	1758.88
2005-07-18	1753.25
2005-07-19	1752.39
2005-07-20	1750.89
2005-07-21	1756.49
2005-07-22	1753.98
2005-07-25	1748.47
2005-07-26	1751.54
2005-07-27	1750.25
2005-07-28	1749.44
2005-07-29	1755.97
2005-08-01	1754.58
2005-08-02	1762.1
2005-08-03	1764.09
2005-08-04	1784.21
2005-08-05	1791.63
2005-08-08	1789.12
2005-08-09	1797.52
2005-08-10	1800.7
2005-08-11	1809.56
2005-08-12	1815.71
2005-08-15	1817.86
2005-08-16	1830.77
2005-08-17	1830.68
2005-08-18	1839.87
2005-08-19	1856.14
2005-08-22	1869.64
2005-08-23	1862.33
2005-08-24	1867.16
2005-08-25	1871.85
2005-08-26	1870.5
2005-08-29	1872.49
2005-08-30	1861.42
2005-08-31	1866.17
2005-09-01	1868.09
2005-09-02	1866.7
2005-09-05	1867.39
2005-09-06	1872.2
2005-09-07	1875.86
2005-09-08	1869.51
2005-09-09	1880.71
2005-09-12	1878.86
2005-09-13	1880.54
2005-09-14	1882.02
2005-09-15	1886.87
2005-09-16	1888.0
2005-09-19	1885.5
2005-09-20	1878.79
2005-09-21	1880.2
2005-09-22	1897.06
2005-09-23	1902.05
2005-09-26	1903.87
2005-09-27	1899.92
2005-09-28	1909.09
2005-09-29	1912.82
2005-09-30	1915.0
2005-10-03	1902.07
2005-10-04	1901.73
2005-10-05	1923.55
2005-10-06	1936.61
2005-10-07	1946.15
2005-10-10	1953.41
2005-10-11	1944.96
2005-10-12	1949.89
2005-10-13	1956.19
2005-10-14	1951.84
2005-10-17	1957.17
2005-10-18	1941.73
2005-10-19	1943.77
2005-10-20	1937.88
2005-10-21	1937.12
2005-10-24	1943.72
2005-10-25	1942.12
2005-10-26	1939.9
2005-10-27	1956.01
2005-10-28	1946.62
2005-10-31	1940.9
2005-11-01	1944.55
2005-11-02	1946.19
2005-11-03	1939.71
2005-11-04	1939.21
2005-11-07	1943.28
2005-11-08	1946.31
2005-11-09	1927.46
2005-11-10	1933.92
2005-11-11	1935.48
2005-11-14	1927.79
2005-11-15	1939.15
2005-11-16	1945.89
2005-11-17	1943.74
2005-11-18	1944.71
2005-11-21	1938.52
2005-11-22	1937.53
2005-11-23	1942.31
2005-11-24	1943.04
2005-11-25	1951.73
2005-11-28	1953.61
2005-11-29	1945.02
2005-11-30	1952.2
2005-12-01	1951.73
2005-12-02	1945.83
2005-12-05	1941.01
2005-12-06	1936.9
2005-12-07	1924.97
2005-12-08	1931.02
2005-12-09	1942.91
2005-12-12	1947.9
2005-12-13	1947.48
2005-12-14	1941.87
2005-12-15	1943.39
2005-12-16	1941.36
2005-12-19	1944.69
2005-12-20	1932.08
2005-12-21	1930.04
2005-12-22	1933.79
2005-12-23	1937.01
2005-12-26	1928.14
2005-12-27	1937.34
2005-12-28	1941.36
2005-12-29	1953.8
2005-12-30	1954.35
2006-01-09	1949.54
2006-01-10	1946.55
2006-01-11	1940.33
2006-01-12	1946.42
2006-01-13	1956.36
2006-01-16	1948.62
2006-01-17	1946.87
2006-01-18	1945.61
2006-01-19	1952.16
2006-01-20	1951.59
2006-01-23	1954.93
2006-01-24	1957.7
2006-01-25	1953.02
2006-01-26	1958.47
2006-01-27	1957.4
2006-01-30	1957.92
2006-01-31	1957.05
2006-02-01	1964.68
2006-02-02	1977.46
2006-02-03	1986.48
2006-02-06	2005.45
2006-02-07	1988.31
2006-02-08	1998.84
2006-02-09	2002.72
2006-02-10	2005.68
2006-02-13	2006.74
2006-02-14	2010.03
2006-02-16	2011.14
2006-02-17	2009.16
2006-02-20	2017.12
2006-02-21	2011.57
2006-02-22	2019.07
2006-02-23	2022.76
2006-02-24	2024.09
2006-02-27	2035.8
2006-02-28	2052.13
2006-03-01	2062.59
2006-03-02	2063.52
2006-03-03	2079.45
2006-03-06	2078.2
2006-03-07	2073.58
2006-03-08	2070.58
2006-03-09	2067.7
2006-03-10	2085.95
2006-03-13	2073.33
2006-03-14	2072.25
2006-03-15	2066.01
2006-03-16	2065.84
2006-03-17	2065.38
2006-03-20	2062.83
2006-03-21	2061.52
2006-03-22	2052.0
2006-03-23	2061.22
2006-03-24	2073.49
2006-03-27	2071.95
2006-03-28	2082.08
2006-03-29	2092.02
2006-03-30	2098.53
2006-03-31	2106.98
2006-04-03	2105.89
2006-04-04	2095.97
2006-04-05	2093.51
2006-04-06	2085.83
2006-04-07	2080.62
2006-04-10	2076.89
2006-04-11	2069.89
2006-04-12	2068.8
2006-04-13	2065.68
2006-04-14	2066.61
2006-04-17	2044.09
2006-04-18	2026.18
2006-04-19	2022.93
2006-04-20	2044.53
2006-04-25	2052.36
2006-04-26	2055.51
2006-04-28	2057.45
2006-05-03	2065.39
2006-05-04	2069.39
2006-05-05	2070.71
2006-05-08	2076.71
2006-05-09	2082.47
2006-05-10	2084.58
2006-05-11	2085.39
2006-05-12	2098.99
2006-05-15	2097.94
2006-05-16	2111.89
2006-05-17	2109.94
2006-05-18	2116.78
2006-05-19	2121.02
2006-05-22	2112.62
2006-05-23	2118.31
2006-05-24	2128.66
2006-05-25	2118.4
2006-05-26	2124.65
2006-05-29	2136.86
2006-05-30	2136.0
2006-05-31	2134.11
2006-06-01	2132.17
2006-06-02	2129.65
2006-06-05	2126.96
2006-06-06	2131.55
2006-06-07	2111.95
2006-06-08	2098.77
2006-06-09	2090.78
2006-06-12	2080.97
2006-06-13	2068.02
2006-06-14	2072.05
2006-06-15	2065.44
2006-06-16	2063.88
2006-06-19	2045.59
2006-06-20	2050.2
2006-06-21	2048.77
2006-06-22	2042.82
2006-06-23	2041.53
2006-06-26	2036.02
2006-06-27	2038.42
2006-06-28	2024.68
2006-06-29	2035.45
2006-06-30	2036.44
2006-07-03	2050.53
2006-07-04	2054.64
2006-07-05	2045.46
2006-07-06	2038.09
2006-07-07	2053.44
2006-07-10	2054.44
2006-07-11	2046.23
2006-07-12	2037.21
2006-07-13	2046.5
2006-07-14	2070.61
2006-07-17	2081.25
2006-07-18	2084.08
2006-07-19	2079.26
2006-07-20	2103.8
2006-07-21	2103.8
2006-07-24	2117.1
2006-07-25	2132.93
2006-07-26	2141.97
2006-07-27	2142.92
2006-07-28	2157.39
2006-07-31	2157.31
2006-08-01	2161.32
2006-08-02	2160.57
2006-08-03	2162.44
2006-08-04	2172.5
2006-08-07	2184.32
2006-08-08	2192.31
2006-08-09	2202.52
2006-08-10	2219.62
2006-08-11	2228.39
2006-08-14	2246.64
2006-08-15	2262.6
2006-08-16	2268.3
2006-08-17	2271.0
2006-08-18	2261.32
2006-08-21	2254.77
2006-08-22	2244.14
2006-08-23	2229.1
2006-08-24	2221.46
2006-08-25	2237.01
2006-08-28	2230.05
2006-08-29	2236.59
2006-08-30	2237.58
2006-08-31	2241.6
2006-09-01	2252.29
2006-09-04	2245.46
2006-09-05	2251.8
2006-09-06	2253.5
2006-09-07	2259.82
2006-09-08	2260.75
2006-09-11	2264.47
2006-09-12	2272.23
2006-09-13	2292.03
2006-09-14	2303.37
2006-09-15	2313.04
2006-09-18	2308.35
2006-09-19	2321.16
2006-09-20	2325.99
2006-09-21	2327.18
2006-09-22	2339.97
2006-09-25	2342.63
2006-09-26	2342.08
2006-09-27	2338.65
2006-09-28	2339.5
2006-09-29	2341.51
2006-10-02	2341.11
2006-10-03	2340.12
2006-10-04	2353.0
2006-10-05	2352.51
2006-10-06	2354.04
2006-10-09	2350.78
2006-10-10	2358.55
2006-10-11	2364.83
2006-10-12	2374.67
2006-10-13	2376.55
2006-10-16	2394.15
2006-10-17	2384.46
2006-10-18	2379.71
2006-10-19	2371.11
2006-10-20	2374.16
2006-10-23	2361.85
2006-10-24	2361.17
2006-10-25	2371.54
2006-10-26	2381.37
2006-10-27	2378.25
2006-10-30	2387.29
2006-10-31	2388.46
2006-11-01	2383.12
2006-11-02	2395.39
2006-11-03	2400.58
2006-11-06	2396.22
2006-11-07	2403.13
2006-11-08	2393.07
2006-11-09	2389.41
2006-11-10	2381.06
2006-11-13	2387.0
2006-11-14	2383.15
2006-11-15	2396.52
2006-11-16	2408.62
2006-11-17	2405.05
2006-11-20	2415.36
2006-11-21	2408.72
2006-11-22	2413.56
2006-11-23	2417.19
2006-11-24	2422.53
2006-11-27	2424.39
2006-11-28	2423.09
2006-11-29	2429.47
2006-11-30	2435.12
2006-12-01	2439.01
2006-12-04	2464.73
2006-12-05	2488.09
2006-12-06	2512.97
2006-12-07	2541.13
2006-12-08	2564.59
2006-12-11	2577.31
2006-12-12	2577.42
2006-12-13	2581.78
2006-12-14	2587.3
2006-12-15	2601.6
2006-12-18	2600.77
2006-12-19	2609.76
2006-12-20	2618.99
2006-12-21	2616.43
2006-12-22	2628.98
2006-12-25	2625.57
2006-12-26	2625.47
2006-12-27	2641.54
2006-12-28	2650.57
2006-12-29	2658.16
2007-01-08	2682.44
2007-01-09	2704.69
2007-01-10	2704.53
2007-01-11	2730.63
2007-01-12	2741.74
2007-01-15	2761.43
2007-01-16	2782.84
2007-01-17	2807.57
2007-01-18	2844.05
2007-01-19	2853.25
2007-01-22	2880.91
2007-01-23	2920.38
2007-01-24	2950.8
2007-01-25	2978.28
2007-01-26	2974.62
2007-01-29	2988.47
2007-01-30	3006.99
2007-01-31	3013.39
2007-02-01	3041.89
2007-02-02	3066.62
2007-02-05	3091.21
2007-02-06	3112.0
2007-02-07	3156.96
2007-02-08	3164.4
2007-02-09	3182.92
2007-02-12	3211.73
2007-02-13	3226.28
2007-02-14	3232.4
2007-02-16	3238.3
2007-02-19	3230.01
2007-02-20	3263.1
2007-02-21	3253.47
2007-02-22	3269.25
2007-02-23	3261.3
2007-02-26	3266.68
2007-02-27	3294.13
2007-02-28	3290.01
2007-03-01	3317.27
2007-03-02	3322.61
2007-03-05	3338.97
2007-03-06	3338.2
2007-03-07	3372.4
2007-03-08	3436.79
2007-03-09	3470.3
2007-03-12	3463.88
2007-03-13	3506.21
2007-03-14	3572.38
2007-03-15	3556.13
2007-03-16	3633.75
2007-03-19	3664.62
2007-03-20	3695.14
2007-03-21	3711.8
2007-03-22	3757.86
2007-03-23	3803.46
2007-03-26	3834.81
2007-03-27	3922.48
2007-03-28	4041.16
2007-03-29	4164.17
2007-03-30	4220.42
2007-04-02	4240.91
2007-04-03	4250.6
2007-04-04	4256.08
2007-04-05	4295.97
2007-04-10	4360.68
2007-04-11	4398.56
2007-04-12	4478.06
2007-04-13	4549.9
2007-04-16	4646.69
2007-04-17	4734.48
2007-04-18	4866.17
2007-04-19	4911.67
2007-04-20	4916.07
2007-04-23	4812.9
2007-04-24	4751.59
2007-04-25	4714.19
2007-04-26	4774.12
2007-04-27	4868.43
2007-04-30	4966.73
2007-05-03	5007.34
2007-05-04	4992.11
2007-05-07	4930.6
2007-05-08	4779.28
2007-05-09	4528.99
2007-05-10	4547.39
2007-05-11	4855.95
2007-05-14	4970.0
2007-05-15	4980.16
2007-05-16	4926.16
2007-05-17	4920.07
2007-05-18	4898.34
2007-05-21	4869.4
2007-05-22	4822.1
2007-05-23	4761.82
2007-05-24	4730.91
2007-05-25	4734.48
2007-05-28	4675.07
2007-05-29	4631.43
2007-05-30	4610.07
2007-05-31	4604.36
2007-06-01	4638.39
2007-06-04	4569.34
2007-06-05	4562.24
2007-06-06	4562.54
2007-06-07	4473.01
2007-06-08	4481.54
2007-06-11	4425.71
2007-06-12	4403.06
2007-06-13	4405.78
2007-06-14	4404.34
2007-06-15	4416.46
2007-06-18	4426.65
2007-06-19	4474.93
2007-06-20	4563.67
2007-06-21	4563.89
2007-06-22	4521.63
2007-06-25	4469.84
2007-06-26	4483.39
2007-06-27	4472.76
2007-06-28	4473.91
2007-06-29	4456.21
2007-07-02	4436.68
2007-07-03	4427.09
2007-07-04	4404.56
2007-07-05	4414.93
2007-07-06	4435.44
2007-07-09	4431.7
2007-07-10	4471.76
2007-07-11	4470.99
2007-07-12	4472.07
2007-07-13	4462.95
2007-07-16	4481.42
2007-07-17	4486.96
2007-07-18	4481.08
2007-07-19	4495.06
2007-07-20	4507.83
2007-07-23	4519.13
2007-07-24	4517.79
2007-07-25	4529.07
2007-07-26	4517.72
2007-07-27	4513.46
2007-07-30	4526.68
2007-07-31	4536.01
2007-08-01	4530.58
2007-08-02	4532.24
2007-08-03	4544.74
2007-08-06	4541.35
2007-08-07	4551.81
2007-08-08	4550.7
2007-08-09	4558.74
2007-08-10	4541.92
2007-08-13	4553.31
2007-08-14	4568.64
2007-08-15	4565.78
2007-08-16	4543.04
2007-08-17	4530.9
2007-08-20	4527.17
2007-08-21	4515.07
2007-08-22	4516.39
2007-08-23	4519.78
2007-08-24	4512.1
2007-08-27	4496.37
2007-08-28	4510.0
2007-08-29	4504.27
2007-08-30	4514.78
2007-08-31	4540.08
2007-09-03	4539.4
2007-09-04	4525.6
2007-09-05	4517.63
2007-09-06	4494.0
2007-09-07	4513.59
2007-09-10	4503.61
2007-09-11	4486.16
2007-09-12	4447.0
2007-09-13	4426.87
2007-09-14	4432.33
2007-09-17	4412.44
2007-09-18	4376.67
2007-09-19	4356.21
2007-09-20	4363.84
2007-09-21	4398.23
2007-09-24	4405.62
2007-09-25	4411.35
2007-09-26	4437.3
2007-09-27	4428.19
2007-09-28	4430.94
2007-10-01	4441.75
2007-10-02	4430.04
2007-10-03	4452.52
2007-10-04	4467.0
2007-10-05	4480.24
2007-10-08	4469.2
2007-10-09	4481.58
2007-10-10	4494.72
2007-10-11	4501.67
2007-10-12	4486.86
2007-10-15	4489.97
2007-10-16	4449.0
2007-10-17	4436.11
2007-10-18	4397.67
2007-10-19	4408.9
2007-10-22	4388.72
2007-10-23	4373.16
2007-10-24	4358.9
2007-10-25	4343.25
2007-10-26	4280.73
2007-10-29	4201.95
2007-10-30	4135.74
2007-10-31	4131.16
2007-11-01	4113.85
2007-11-02	4112.39
2007-11-05	4131.29
2007-11-06	4146.19
2007-11-07	4165.89
2007-11-08	4174.91
2007-11-09	4144.8
2007-11-12	4140.26
2007-11-13	4135.88
2007-11-14	4120.64
2007-11-15	4119.09
2007-11-16	4034.03
2007-11-19	4000.53
2007-11-20	3878.48
2007-11-21	3821.6
2007-11-22	3741.84
2007-11-23	3742.5
2007-11-26	3763.53
2007-11-27	3771.85
2007-11-28	3756.8
2007-11-29	3739.95
2007-11-30	3736.48
2007-12-03	3740.75
2007-12-04	3721.8
2007-12-05	3736.39
2007-12-06	3744.71
2007-12-07	3784.43
2007-12-10	3809.7
2007-12-11	3772.38
2007-12-12	3720.9
2007-12-13	3712.37
2007-12-14	3694.93
2007-12-17	3679.42
2007-12-18	3629.8
2007-12-19	3618.76
2007-12-20	3653.88
2007-12-21	3655.85
2007-12-24	3646.54
2007-12-25	3642.53
2007-12-26	3694.64
2007-12-27	3757.94
2007-12-28	3794.26
2007-12-31	3830.84
2008-01-03	3803.84
2008-01-04	3776.87
2008-01-08	3762.74
2008-01-09	3782.17
2008-01-10	3786.79
2008-01-11	3791.47
2008-01-14	3786.79
2008-01-15	3811.77
2008-01-16	3788.86
2008-01-17	3757.39
2008-01-18	3766.22
2008-01-21	3731.14
2008-01-22	3650.04
2008-01-23	3605.7
2008-01-24	3567.49
2008-01-25	3569.72
2008-01-28	3558.04
2008-01-29	3543.32
2008-01-30	3540.32
2008-01-31	3629.77
2008-02-01	3669.24
2008-02-04	3835.16
2008-02-05	3755.77
2008-02-06	3654.78
2008-02-07	3632.17
2008-02-08	3646.63
2008-02-11	3605.81
2008-02-12	3634.55
2008-02-13	3616.73
2008-02-14	3601.75
2008-02-18	3589.36
2008-02-19	3567.37
2008-02-20	3559.17
2008-02-21	3538.1
2008-02-22	3523.22
2008-02-25	3506.89
2008-02-26	3497.67
2008-02-27	3497.75
2008-02-28	3494.53
2008-02-29	3498.76
2008-03-03	3486.78
2008-03-04	3468.98
2008-03-05	3433.71
2008-03-06	3346.49
2008-03-07	3341.83
2008-03-10	3254.27
2008-03-11	3207.41
2008-03-12	3095.25
2008-03-13	2999.54
2008-03-14	2995.39
2008-03-17	3059.06
2008-03-18	3060.15
2008-03-19	3059.87
2008-03-20	3061.73
2008-03-21	3106.03
2008-03-24	3141.18
2008-03-25	3116.21
2008-03-26	3083.13
2008-03-27	3047.66
2008-03-28	3041.82
2008-03-31	3067.75
2008-04-01	3010.97
2008-04-02	2992.3
2008-04-03	2985.19
2008-04-04	2956.2
2008-04-07	2940.94
2008-04-08	2901.26
2008-04-09	2857.96
2008-04-10	2813.17
2008-04-11	2850.93
2008-04-14	2805.7
2008-04-15	2800.53
2008-04-16	2782.13
2008-04-17	2764.21
2008-04-18	2767.65
2008-04-21	2784.63
2008-04-22	2804.78
2008-04-23	2792.95
2008-04-24	2790.06
2008-04-29	2817.11
2008-04-30	2823.02
2008-05-05	2802.31
2008-05-06	2777.13
2008-05-07	2779.8
2008-05-08	2826.26
2008-05-09	2913.51
2008-05-12	3215.77
2008-05-13	3131.14
2008-05-14	3191.69
2008-05-15	3196.4
2008-05-16	3147.01
2008-05-19	3126.53
2008-05-20	3146.28
2008-05-21	3134.16
2008-05-22	3146.31
2008-05-23	3167.62
2008-05-26	3123.78
2008-05-27	3105.19
2008-05-28	3069.02
2008-05-29	3071.22
2008-05-30	3092.43
2008-06-02	3058.3
2008-06-03	3058.84
2008-06-04	3051.5
2008-06-05	3078.96
2008-06-06	3128.35
2008-06-09	3175.48
2008-06-10	3182.31
2008-06-11	3184.76
2008-06-12	3181.17
2008-06-13	3190.0
2008-06-16	3187.89
2008-06-17	3192.87
2008-06-18	3186.22
2008-06-19	3167.98
2008-06-20	3169.91
2008-06-23	3170.81
2008-06-24	3152.27
2008-06-25	3112.43
2008-06-26	3098.56
2008-06-27	3093.75
2008-06-30	3092.44
2008-07-01	3052.86
2008-07-02	3018.81
2008-07-03	2995.0
2008-07-04	2958.53
2008-07-07	2929.61
2008-07-08	2860.67
2008-07-09	2852.61
2008-07-10	2810.73
2008-07-11	2811.8
2008-07-14	2787.14
2008-07-15	2758.73
2008-07-16	2730.94
2008-07-17	2723.36
2008-07-18	2722.19
2008-07-21	2706.88
2008-07-22	2748.45
2008-07-23	2745.19
2008-07-24	2756.28
2008-07-25	2744.38
2008-07-28	2729.22
2008-07-29	2706.06
2008-07-30	2698.26
2008-07-31	2689.86
2008-08-01	2667.54
2008-08-04	2637.04
2008-08-05	2611.72
2008-08-06	2600.12
2008-08-07	2601.43
2008-08-08	2587.08
2008-08-11	2578.3
2008-08-12	2579.4
2008-08-13	2602.42
2008-08-14	2615.34
2008-08-15	2602.32
2008-08-18	2605.25
2008-08-19	2569.6
2008-08-20	2569.18
2008-08-21	2566.73
2008-08-22	2568.08
2008-08-25	2551.34
2008-08-26	2551.18
2008-08-27	2518.38
2008-08-28	2502.98
2008-08-29	2474.56
2008-09-01	2467.26
2008-09-02	2430.92
2008-09-03	2413.04
2008-09-04	2398.14
2008-09-05	2391.61
2008-09-08	2374.42
2008-09-09	2378.8
2008-09-10	2400.97
2008-09-11	2390.05
2008-09-12	2373.0
2008-09-15	2343.52
2008-09-16	2235.86
2008-09-17	2202.55
2008-09-18	2124.8
2008-09-19	2174.29
2008-09-22	2165.88
2008-09-23	2158.56
2008-09-24	2101.37
2008-09-25	2068.36
2008-09-26	2040.65
2008-09-29	1974.87
2008-09-30	1941.76
2008-10-01	1927.91
2008-10-02	1921.83
2008-10-03	1894.57
2008-10-06	1790.55
2008-10-07	1670.02
2008-10-08	1566.46
2008-10-09	1567.26
2008-10-10	1534.74
2008-10-13	1553.34
2008-10-14	1671.08
2008-10-15	1700.71
2008-10-16	1610.73
2008-10-17	1626.35
2008-10-20	1615.84
2008-10-21	1638.23
2008-10-22	1617.49
2008-10-23	1596.08
2008-10-24	1525.73
2008-10-27	1458.45
2008-10-28	1452.92
2008-10-29	1446.52
2008-10-30	1421.42
2008-10-31	1402.91
2008-11-03	1410.46
2008-11-04	1415.98
2008-11-05	1433.8
2008-11-06	1421.39
2008-11-07	1416.59
2008-11-10	1420.71
2008-11-11	1408.82
2008-11-12	1394.9
2008-11-13	1382.51
2008-11-14	1367.91
2008-11-17	1355.42
2008-11-18	1322.83
2008-11-19	1288.29
2008-11-20	1256.38
2008-11-21	1234.18
2008-11-24	1217.32
2008-11-25	1212.72
2008-11-26	1211.28
2008-11-27	1214.9
2008-11-28	1208.76
2008-12-01	1209.29
2008-12-02	1191.11
2008-12-03	1186.21
2008-12-04	1181.88
2008-12-05	1186.62
2008-12-08	1192.29
2008-12-09	1176.38
2008-12-10	1176.78
2008-12-11	1157.76
2008-12-12	1145.38
2008-12-15	1112.74
2008-12-16	1106.6
2008-12-17	1105.22
2008-12-18	1093.59
2008-12-19	1083.68
2008-12-22	1078.47
2008-12-23	1078.97
2008-12-24	1100.3
2008-12-25	1144.82
2008-12-26	1161.92
2008-12-29	1202.7
2008-12-30	1212.3
2008-12-31	1198.34
2009-01-05	1184.51
2009-01-06	1182.08
2009-01-08	1169.91
2009-01-09	1154.27
2009-01-12	1139.8
2009-01-13	1131.1
2009-01-14	1131.55
2009-01-15	1129.56
2009-01-16	1126.08
2009-01-19	1117.12
2009-01-20	1110.48
2009-01-21	1108.14
2009-01-22	1120.34
2009-01-23	1151.38
2009-01-26	1149.36
2009-01-27	1150.24
2009-01-28	1134.74
2009-01-29	1126.48
2009-01-30	1125.69
2009-02-02	1121.66
2009-02-03	1111.01
2009-02-04	1101.45
2009-02-05	1113.98
2009-02-06	1100.33
2009-02-09	1120.41
2009-02-10	1115.31
2009-02-11	1121.49
2009-02-12	1109.22
2009-02-13	1089.97
2009-02-17	1072.59
2009-02-18	1053.73
2009-02-19	1041.04
2009-02-20	1029.07
2009-02-23	1005.33
2009-02-24	987.0
2009-02-25	984.51
2009-02-26	969.51
2009-02-27	950.63
2009-03-02	948.26
2009-03-03	939.74
2009-03-04	925.88
2009-03-05	908.84
2009-03-06	901.89
2009-03-09	883.16
2009-03-10	867.67
2009-03-11	848.74
2009-03-12	845.84
2009-03-13	855.26
2009-03-16	852.91
2009-03-17	864.44
2009-03-18	879.93
2009-03-19	899.27
2009-03-20	884.06
2009-03-23	879.41
2009-03-24	885.51
2009-03-25	875.63
2009-03-26	875.27
2009-03-27	858.54
2009-03-30	846.91
2009-03-31	844.36
2009-04-01	841.99
2009-04-02	845.92
2009-04-03	852.37
2009-04-06	856.19
2009-04-07	851.8
2009-04-08	843.5
2009-04-09	852.02
2009-04-10	868.4
2009-04-13	872.01
2009-04-14	888.77
2009-04-15	887.57
2009-04-16	888.83
2009-04-21	879.81
2009-04-22	867.3
2009-04-23	880.4
2009-04-24	867.06
2009-04-27	864.86
2009-04-28	867.67
2009-04-29	883.13
2009-04-30	903.17
2009-05-04	926.09
2009-05-05	950.21
2009-05-06	985.04
2009-05-07	1032.31
2009-05-08	1015.86
2009-05-11	1023.22
2009-05-12	1022.69
2009-05-13	1044.2
2009-05-14	1064.62
2009-05-15	1095.14
2009-05-18	1107.31
2009-05-19	1145.36
2009-05-20	1164.71
2009-05-21	1172.06
2009-05-22	1158.81
2009-05-25	1143.95
2009-05-26	1118.83
2009-05-27	1132.07
2009-05-28	1120.74
2009-05-29	1141.48
2009-06-01	1167.85
2009-06-02	1187.9
2009-06-03	1217.99
2009-06-04	1256.16
2009-06-05	1290.65
2009-06-08	1307.27
2009-06-09	1294.69
2009-06-10	1270.78
2009-06-11	1254.03
2009-06-12	1244.76
2009-06-15	1226.1
2009-06-16	1182.94
2009-06-17	1147.32
2009-06-18	1168.45
2009-06-19	1184.26
2009-06-22	1186.1
2009-06-23	1161.07
2009-06-24	1162.84
2009-06-25	1167.56
2009-06-26	1162.81
2009-06-29	1178.17
2009-06-30	1172.75
2009-07-01	1170.49
2009-07-02	1161.42
2009-07-03	1159.61
2009-07-06	1150.59
2009-07-07	1141.4
2009-07-08	1133.35
2009-07-09	1133.08
2009-07-10	1131.7
2009-07-13	1119.54
2009-07-14	1111.62
2009-07-15	1113.48
2009-07-16	1129.53
2009-07-17	1146.26
2009-07-20	1154.81
2009-07-21	1179.48
2009-07-22	1177.16
2009-07-23	1160.27
2009-07-24	1162.72
2009-07-27	1155.29
2009-07-28	1151.81
2009-07-29	1152.5
2009-07-30	1157.08
2009-07-31	1156.13
2009-08-03	1156.54
2009-08-04	1163.69
2009-08-05	1181.64
2009-08-06	1203.21
2009-08-07	1194.59
2009-08-10	1194.7
2009-08-11	1195.65
2009-08-12	1215.91
2009-08-13	1239.85
2009-08-14	1262.24
2009-08-17	1241.21
2009-08-18	1246.89
2009-08-19	1249.38
2009-08-20	1277.71
2009-08-21	1263.51
2009-08-24	1288.33
2009-08-25	1305.82
2009-08-26	1354.18
2009-08-27	1345.08
2009-08-28	1332.7
2009-08-31	1354.84
2009-09-01	1355.42
2009-09-02	1332.02
2009-09-03	1321.56
2009-09-04	1341.28
2009-09-07	1378.32
2009-09-08	1401.23
2009-09-09	1406.96
2009-09-10	1430.84
2009-09-11	1464.88
2009-09-14	1479.55
2009-09-15	1481.84
2009-09-16	1487.81
2009-09-17	1518.84
2009-09-18	1552.85
2009-09-21	1553.63
2009-09-22	1555.05
2009-09-23	1579.23
2009-09-24	1607.85
2009-09-25	1592.75
2009-09-28	1560.9
2009-09-29	1548.93
2009-09-30	1548.1
2009-10-01	1537.11
2009-10-02	1468.52
2009-10-05	1485.86
2009-10-06	1549.31
2009-10-07	1566.47
2009-10-08	1555.48
2009-10-09	1551.93
2009-10-12	1545.82
2009-10-13	1547.85
2009-10-14	1554.51
2009-10-15	1572.8
2009-10-16	1591.25
2009-10-19	1588.43
2009-10-20	1586.97
2009-10-21	1581.99
2009-10-22	1564.86
2009-10-23	1573.7
2009-10-26	1562.57
2009-10-27	1535.56
2009-10-28	1520.75
2009-10-29	1505.1
2009-10-30	1525.54
2009-11-02	1497.54
2009-11-03	1455.8
2009-11-04	1470.4
2009-11-05	1465.26
2009-11-06	1487.89
2009-11-09	1470.57
2009-11-10	1474.91
2009-11-11	1471.92
2009-11-12	1460.81
2009-11-13	1437.3
2009-11-16	1419.64
2009-11-17	1406.43
2009-11-18	1401.83
2009-11-19	1402.13
2009-11-20	1392.62
2009-11-23	1383.27
2009-11-24	1362.05
2009-11-25	1333.91
2009-11-26	1318.41
2009-11-27	1289.21
2009-11-30	1316.36
2009-12-01	1362.43
2009-12-02	1371.74
2009-12-03	1360.48
2009-12-04	1344.96
2009-12-07	1336.16
2009-12-08	1309.7
2009-12-09	1293.49
2009-12-10	1290.94
2009-12-11	1296.47
2009-12-14	1289.3
2009-12-15	1279.01
2009-12-16	1261.51
2009-12-17	1256.38
2009-12-18	1257.08
2009-12-21	1263.93
2009-12-22	1254.44
2009-12-23	1244.57
2009-12-24	1240.61
2009-12-25	1233.62
2009-12-28	1250.66
2009-12-29	1270.54
2009-12-30	1268.25
2009-12-31	1311.84
2010-01-11	1329.55
2010-01-12	1347.79
2010-01-13	1328.7
2010-01-14	1333.6
2010-01-15	1341.42
2010-01-18	1343.68
2010-01-19	1336.17
2010-01-20	1335.5
2010-01-21	1329.17
2010-01-22	1330.98
2010-01-25	1332.75
2010-01-26	1331.41
2010-01-27	1332.39
2010-01-28	1343.95
2010-01-29	1332.94
2010-02-01	1336.6
2010-02-02	1338.11
2010-02-03	1353.1
2010-02-04	1359.16
2010-02-05	1339.1
2010-02-08	1346.2
2010-02-09	1344.74
2010-02-10	1363.7
2010-02-11	1364.34
2010-02-12	1369.68
2010-02-16	1369.98
2010-02-17	1371.66
2010-02-18	1371.19
2010-02-19	1372.5
2010-02-22	1364.35
2010-02-23	1360.62
2010-02-24	1360.36
2010-02-25	1365.64
2010-02-26	1362.39
2010-03-01	1353.42
2010-03-02	1351.14
2010-03-03	1342.77
2010-03-04	1342.82
2010-03-05	1336.06
2010-03-08	1333.42
2010-03-09	1324.79
2010-03-10	1330.57
2010-03-11	1321.28
2010-03-12	1325.02
2010-03-15	1331.43
2010-03-16	1328.75
2010-03-17	1320.23
2010-03-18	1322.82
2010-03-19	1318.68
2010-03-22	1305.44
2010-03-23	1296.23
2010-03-24	1293.75
2010-03-25	1283.35
2010-03-26	1289.55
2010-03-29	1295.21
2010-03-30	1296.32
2010-03-31	1307.04
2010-04-01	1313.7
2010-04-06	1323.24
2010-04-07	1331.89
2010-04-08	1329.88
2010-04-09	1342.98
2010-04-12	1370.04
2010-04-13	1387.64
2010-04-14	1409.59
2010-04-15	1427.8
2010-04-16	1432.68
2010-04-19	1416.75
2010-04-20	1413.15
2010-04-21	1417.43
2010-04-22	1409.16
2010-04-23	1415.64
2010-04-26	1422.17
2010-04-27	1416.58
2010-04-28	1411.01
2010-04-29	1404.71
2010-04-30	1418.51
2010-05-04	1412.8
2010-05-05	1406.03
2010-05-06	1397.16
2010-05-07	1375.3
2010-05-10	1390.64
2010-05-11	1388.98
2010-05-12	1386.53
2010-05-13	1379.19
2010-05-14	1373.3
2010-05-17	1341.69
2010-05-18	1319.23
2010-05-19	1313.44
2010-05-20	1311.4
2010-05-21	1291.77
2010-05-24	1278.92
2010-05-25	1260.45
2010-05-26	1252.13
2010-05-27	1243.96
2010-05-28	1245.46
2010-05-31	1271.66
2010-06-01	1270.0
2010-06-02	1266.92
2010-06-03	1275.4
2010-06-04	1266.45
2010-06-07	1246.26
2010-06-08	1228.79
2010-06-09	1230.66
2010-06-10	1235.32
2010-06-11	1236.37
2010-06-14	1232.19
2010-06-15	1219.37
2010-06-16	1218.25
2010-06-17	1220.31
2010-06-18	1218.23
2010-06-21	1218.15
2010-06-22	1224.12
2010-06-23	1236.86
2010-06-24	1241.87
2010-06-25	1249.18
2010-06-28	1250.65
2010-06-29	1243.3
2010-06-30	1237.94
2010-07-01	1217.23
2010-07-02	1208.88
2010-07-05	1197.21
2010-07-06	1202.14
2010-07-07	1189.82
2010-07-08	1190.56
2010-07-09	1211.83
2010-07-12	1216.09
2010-07-13	1212.53
2010-07-14	1219.42
2010-07-15	1233.15
2010-07-16	1228.05
2010-07-19	1207.92
2010-07-20	1208.75
2010-07-21	1209.6
2010-07-22	1203.33
2010-07-23	1210.82
2010-07-26	1217.81
2010-07-27	1211.71
2010-07-28	1214.29
2010-07-29	1213.46
2010-07-30	1217.99
2010-08-02	1216.68
2010-08-03	1215.58
2010-08-04	1215.85
2010-08-05	1218.28
2010-08-06	1218.84
2010-08-09	1213.99
2010-08-10	1212.92
2010-08-11	1219.76
2010-08-12	1213.71
2010-08-13	1207.49
2010-08-16	1206.94
2010-08-17	1199.78
2010-08-18	1204.6
2010-08-19	1222.33
2010-08-20	1229.47
2010-08-23	1221.28
2010-08-24	1217.4
2010-08-25	1220.46
2010-08-26	1217.5
2010-08-27	1227.48
2010-08-30	1232.96
2010-08-31	1225.13
2010-09-01	1222.66
2010-09-02	1222.64
2010-09-03	1229.02
2010-09-06	1232.77
2010-09-07	1223.74
2010-09-08	1226.65
2010-09-09	1217.55
2010-09-10	1222.81
2010-09-13	1224.85
2010-09-14	1226.26
2010-09-15	1225.8
2010-09-16	1225.2
2010-09-17	1226.83
2010-09-20	1226.27
2010-09-21	1231.27
2010-09-22	1224.78
2010-09-23	1224.75
2010-09-24	1229.18
2010-09-27	1227.06
2010-09-28	1223.49
2010-09-29	1226.51
2010-09-30	1226.46
2010-10-01	1224.67
2010-10-04	1221.84
2010-10-05	1220.37
2010-10-06	1216.5
2010-10-07	1216.65
2010-10-08	1212.65
2010-10-11	1210.74
2010-10-12	1219.05
2010-10-13	1221.08
2010-10-14	1220.09
2010-10-15	1223.33
2010-10-18	1221.92
2010-10-19	1226.83
2010-10-20	1229.2
2010-10-21	1234.13
2010-10-22	1238.32
2010-10-25	1262.98
2010-10-26	1271.3
2010-10-27	1260.03
2010-10-28	1251.94
2010-10-29	1251.96
2010-11-01	1246.97
2010-11-02	1253.28
2010-11-03	1254.63
2010-11-04	1255.31
2010-11-05	1246.96
2010-11-08	1249.75
2010-11-09	1250.98
2010-11-10	1258.49
2010-11-11	1256.04
2010-11-12	1253.69
2010-11-15	1253.36
2010-11-16	1253.65
2010-11-17	1251.14
2010-11-18	1254.21
2010-11-19	1259.57
2010-11-22	1262.74
2010-11-23	1262.79
2010-11-24	1264.09
2010-11-25	1262.43
2010-11-26	1260.7
2010-11-29	1271.15
2010-11-30	1273.88
2010-12-01	1271.59
2010-12-02	1272.61
2010-12-03	1274.09
2010-12-06	1287.4
2010-12-07	1281.1
2010-12-08	1284.04
2010-12-09	1284.7
2010-12-10	1285.68
2010-12-13	1284.16
2010-12-14	1281.21
2010-12-15	1285.08
2010-12-16	1289.59
2010-12-17	1293.62
2010-12-20	1287.73
2010-12-21	1291.64
2010-12-22	1288.95
2010-12-23	1286.1
2010-12-24	1278.84
2010-12-27	1285.34
2010-12-28	1288.55
2010-12-29	1279.99
2010-12-30	1273.81
2010-12-31	1282.66
2011-01-04	1278.58
2011-01-05	1281.12
2011-01-06	1280.36
2011-01-10	1280.32
2011-01-11	1283.0
2011-01-12	1293.22
2011-01-13	1300.59
2011-01-14	1318.41
2011-01-17	1340.07
2011-01-18	1352.41
2011-01-19	1387.46
2011-01-20	1400.53
2011-01-21	1395.83
2011-01-24	1401.07
2011-01-25	1410.44
2011-01-26	1411.8
2011-01-27	1412.14
2011-01-28	1406.17
2011-01-31	1390.71
2011-02-01	1393.27
2011-02-02	1398.66
2011-02-03	1402.08
2011-02-04	1404.3
2011-02-07	1415.08
2011-02-08	1422.1
2011-02-09	1425.04
2011-02-10	1435.54
2011-02-11	1434.41
2011-02-14	1435.07
2011-02-16	1425.16
2011-02-17	1428.02
2011-02-18	1424.89
2011-02-21	1426.89
2011-02-22	1432.03
2011-02-23	1437.07
2011-02-24	1429.17
2011-02-25	1425.05
2011-02-28	1427.04
2011-03-01	1424.7
2011-03-02	1427.06
2011-03-03	1423.61
2011-03-04	1439.36
2011-03-07	1447.82
2011-03-08	1445.02
2011-03-09	1447.72
2011-03-10	1452.65
2011-03-11	1453.29
2011-03-14	1453.81
2011-03-15	1429.53
2011-03-16	1426.01
2011-03-17	1426.51
2011-03-18	1425.89
2011-03-21	1424.62
2011-03-22	1426.57
2011-03-23	1415.48
2011-03-24	1422.76
2011-03-25	1417.7
2011-03-28	1414.09
2011-03-29	1415.64
2011-03-30	1423.66
2011-03-31	1425.03
2011-04-01	1437.3
2011-04-04	1442.89
2011-04-05	1441.11
2011-04-06	1431.56
2011-04-07	1431.78
2011-04-08	1432.01
2011-04-11	1424.76
2011-04-12	1415.84
2011-04-13	1419.97
2011-04-14	1414.89
2011-04-15	1408.12
2011-04-18	1396.13
2011-04-19	1386.39
2011-04-20	1389.55
2011-04-21	1390.97
2011-04-26	1390.63
2011-04-27	1394.13
2011-04-28	1393.26
2011-04-29	1400.75
2011-05-04	1399.55
2011-05-05	1394.58
2011-05-06	1394.04
2011-05-09	1387.58
2011-05-10	1384.82
2011-05-11	1390.52
2011-05-12	1390.0
2011-05-13	1407.08
2011-05-16	1405.27
2011-05-17	1405.91
2011-05-18	1410.54
2011-05-19	1428.86
2011-05-20	1438.38
2011-05-23	1418.82
2011-05-24	1417.93
2011-05-25	1428.93
2011-05-26	1445.98
2011-05-27	1470.75
2011-05-30	1495.09
2011-05-31	1495.83
2011-06-01	1474.27
2011-06-02	1471.74
2011-06-03	1470.06
2011-06-06	1460.22
2011-06-07	1453.73
2011-06-08	1435.37
2011-06-09	1434.31
2011-06-10	1436.79
2011-06-13	1426.26
2011-06-14	1433.23
2011-06-15	1433.8
2011-06-16	1424.57
2011-06-17	1421.5
2011-06-20	1413.81
2011-06-21	1409.34
2011-06-22	1408.76
2011-06-23	1401.45
2011-06-24	1401.05
2011-06-27	1402.24
2011-06-28	1389.27
2011-06-29	1391.62
2011-06-30	1387.49
2011-07-01	1385.78
2011-07-04	1374.25
2011-07-05	1357.55
2011-07-06	1352.11
2011-07-07	1355.7
2011-07-08	1356.43
2011-07-11	1354.08
2011-07-12	1350.14
2011-07-13	1350.89
2011-07-14	1352.6
2011-07-15	1351.59
2011-07-18	1351.68
2011-07-19	1348.9
2011-07-20	1355.62
2011-07-21	1360.12
2011-07-22	1359.5
2011-07-25	1350.45
2011-07-26	1335.43
2011-07-27	1326.92
2011-07-28	1320.74
2011-07-29	1322.17
2011-08-01	1323.83
2011-08-02	1327.19
2011-08-03	1320.81
2011-08-04	1316.73
2011-08-05	1268.63
2011-08-08	1216.44
2011-08-09	1154.02
2011-08-10	1218.81
2011-08-11	1212.61
2011-08-12	1218.53
2011-08-15	1221.92
2011-08-16	1207.94
2011-08-17	1201.59
2011-08-18	1198.52
2011-08-19	1170.85
2011-08-22	1175.73
2011-08-23	1188.73
2011-08-24	1188.06
2011-08-25	1179.59
2011-08-26	1173.16
2011-08-29	1175.97
2011-08-30	1187.13
2011-08-31	1200.81
2011-09-01	1206.44
2011-09-02	1204.57
2011-09-05	1186.03
2011-09-06	1176.68
2011-09-07	1178.63
2011-09-08	1174.7
2011-09-09	1176.55
2011-09-12	1160.24
2011-09-13	1140.02
2011-09-14	1142.78
2011-09-15	1149.28
2011-09-16	1153.22
2011-09-19	1136.26
2011-09-20	1131.44
2011-09-21	1125.8
2011-09-22	1117.83
2011-09-23	1111.1
2011-09-26	1106.23
2011-09-27	1102.54
2011-09-28	1090.25
2011-09-29	1088.83
2011-09-30	1082.23
2011-10-03	1062.43
2011-10-04	1048.84
2011-10-05	1051.27
2011-10-06	1051.82
2011-10-07	1051.0
2011-10-10	1054.17
2011-10-11	1057.48
2011-10-12	1065.03
2011-10-13	1075.65
2011-10-14	1072.5
2011-10-17	1076.6
2011-10-18	1075.47
2011-10-19	1086.11
2011-10-20	1079.33
2011-10-21	1070.86
2011-10-24	1066.93
2011-10-25	1057.0
2011-10-26	1060.34
2011-10-27	1062.03
2011-10-28	1068.18
2011-10-31	1061.45
2011-11-01	1055.26
2011-11-02	1049.2
2011-11-03	1049.49
2011-11-04	1051.76
2011-11-07	1040.25
2011-11-08	1047.05
2011-11-09	1043.24
2011-11-10	1042.42
2011-11-11	1045.7
2011-11-14	1039.4
2011-11-15	1034.08
2011-11-16	1036.0
2011-11-17	1032.73
2011-11-18	1032.55
2011-11-21	1022.26
2011-11-22	1013.87
2011-11-23	1009.8
2011-11-24	1004.06
2011-11-25	993.82
2011-11-28	989.3
2011-11-29	986.36
2011-11-30	973.78
2011-12-01	976.16
2011-12-02	977.06
2011-12-05	983.36
2011-12-06	990.17
2011-12-07	988.9
2011-12-08	990.62
2011-12-09	994.51
2011-12-12	980.08
2011-12-13	968.15
2011-12-14	963.0
2011-12-15	966.9
2011-12-16	964.15
2011-12-19	969.57
2011-12-20	961.55
2011-12-21	968.77
2011-12-22	969.51
2011-12-23	971.02
2011-12-26	979.11
2011-12-27	975.46
2011-12-28	972.85
2011-12-29	976.35
2011-12-30	977.19
2012-01-04	965.77
2012-01-05	965.99
2012-01-06	968.28
2012-01-09	964.89
2012-01-10	962.72
2012-01-11	960.49
2012-01-12	960.32
2012-01-13	959.8
2012-01-16	951.58
2012-01-17	947.28
2012-01-18	941.5
2012-01-19	937.21
2012-01-20	936.82
2012-01-23	936.85
2012-01-24	933.09
2012-01-25	935.38
2012-01-26	944.37
2012-01-27	945.04
2012-01-30	968.17
2012-01-31	970.03
2012-02-01	983.28
2012-02-02	996.29
2012-02-03	1018.64
2012-02-06	1019.95
2012-02-07	1013.89
2012-02-08	1018.85
2012-02-09	1025.84
2012-02-10	1017.48
2012-02-13	1032.69
2012-02-14	1029.62
2012-02-20	1029.97
2012-02-21	1024.13
2012-02-22	1025.79
2012-02-23	1023.22
2012-02-24	1023.44
2012-02-27	1021.28
2012-02-28	1027.76
2012-02-29	1035.28
2012-03-01	1036.89
2012-03-02	1039.29
2012-03-05	1036.6
2012-03-06	1051.34
2012-03-07	1048.84
2012-03-08	1043.36
2012-03-09	1041.26
2012-03-12	1041.27
2012-03-13	1037.03
2012-03-14	1030.5
2012-03-15	1030.75
2012-03-16	1026.95
2012-03-19	1033.1
2012-03-20	1034.72
2012-03-21	1027.4
2012-03-22	1026.14
2012-03-23	1025.18
2012-03-26	1017.79
2012-03-27	1010.98
2012-03-28	1019.77
2012-03-29	1019.16
2012-03-30	1029.0
2012-04-02	1026.1
2012-04-03	1023.32
2012-04-04	1019.14
2012-04-05	1015.09
2012-04-06	1009.99
2012-04-09	1005.68
2012-04-10	1000.31
2012-04-11	1000.64
2012-04-12	1001.69
2012-04-17	990.98
2012-04-18	988.52
2012-04-19	984.98
2012-04-20	978.75
2012-04-23	976.13
2012-04-24	976.41
2012-04-25	975.05
2012-04-26	978.33
2012-04-27	979.62
2012-04-30	974.12
2012-05-03	970.94
2012-05-04	982.52
2012-05-07	984.49
2012-05-08	978.96
2012-05-09	970.18
2012-05-10	971.67
2012-05-11	972.74
2012-05-14	970.61
2012-05-15	962.84
2012-05-16	961.34
2012-05-17	955.69
2012-05-18	955.28
2012-05-21	943.95
2012-05-22	933.6
2012-05-23	920.77
2012-05-24	914.77
2012-05-25	910.45
2012-05-28	909.45
2012-05-29	909.36
2012-05-30	904.03
2012-05-31	905.19
2012-06-01	892.52
2012-06-04	885.34
2012-06-05	876.68
2012-06-06	876.46
2012-06-07	874.05
2012-06-08	876.96
2012-06-11	888.21
2012-06-12	885.46
2012-06-13	884.36
2012-06-14	876.31
2012-06-15	875.48
2012-06-18	888.94
2012-06-19	888.71
2012-06-20	887.09
2012-06-21	885.87
2012-06-22	886.19
2012-06-25	884.74
2012-06-26	884.76
2012-06-27	887.04
2012-06-28	883.03
2012-06-29	887.78
2012-07-02	882.12
2012-07-03	879.37
2012-07-04	876.37
2012-07-05	882.26
2012-07-06	885.37
2012-07-09	882.31
2012-07-10	883.14
2012-07-11	878.93
2012-07-12	881.72
2012-07-13	881.69
2012-07-16	877.01
2012-07-17	875.33
2012-07-18	871.03
2012-07-19	872.56
2012-07-20	874.35
2012-07-23	869.81
2012-07-24	862.66
2012-07-25	862.03
2012-07-26	869.53
2012-07-27	871.2
2012-07-30	872.47
2012-07-31	871.48
2012-08-01	873.8
2012-08-02	873.38
2012-08-03	878.81
2012-08-06	884.17
2012-08-07	882.11
2012-08-08	882.56
2012-08-09	880.75
2012-08-10	881.86
2012-08-13	881.91
2012-08-14	881.88
2012-08-15	885.68
2012-08-16	884.96
2012-08-17	885.58
2012-08-20	888.87
2012-08-21	882.89
2012-08-22	876.76
2012-08-23	879.05
2012-08-24	881.04
2012-08-27	880.27
2012-08-28	881.11
2012-08-29	876.98
2012-08-30	880.42
2012-08-31	875.88
2012-09-03	875.55
2012-09-04	874.48
2012-09-05	873.78
2012-09-06	875.12
2012-09-07	872.89
2012-09-10	870.4
2012-09-11	869.3
2012-09-12	870.08
2012-09-13	867.72
2012-09-14	871.57
2012-09-17	869.28
2012-09-18	869.33
2012-09-19	862.16
2012-09-20	861.74
2012-09-21	865.84
2012-09-24	862.66
2012-09-25	860.16
2012-09-26	857.0
2012-09-27	857.11
2012-09-28	858.41
2012-10-01	858.04
2012-10-02	860.54
2012-10-03	860.54
2012-10-04	865.38
2012-10-05	864.31
2012-10-08	864.34
2012-10-09	869.49
2012-10-10	867.07
2012-10-11	868.06
2012-10-12	869.82
2012-10-15	866.37
2012-10-16	867.32
2012-10-17	869.0
2012-10-18	869.61
2012-10-19	871.71
2012-10-22	876.88
2012-10-23	887.16
2012-10-24	883.3
2012-10-25	884.13
2012-10-26	886.28
2012-10-29	883.09
2012-10-30	887.99
2012-10-31	886.98
2012-11-01	888.11
2012-11-02	889.63
2012-11-05	888.2
2012-11-06	889.69
2012-11-07	888.06
2012-11-08	893.51
2012-11-09	898.9
2012-11-13	902.02
2012-11-14	894.8
2012-11-15	886.82
2012-11-16	888.63
2012-11-19	892.14
2012-11-20	902.12
2012-11-21	906.36
2012-11-22	908.08
2012-11-23	908.33
2012-11-26	909.81
2012-11-27	906.71
2012-11-28	907.8
2012-11-29	911.75
2012-11-30	917.03
2012-12-03	917.82
2012-12-04	920.72
2012-12-05	927.78
2012-12-06	935.96
2012-12-07	942.72
2012-12-10	960.03
2012-12-11	961.23
2012-12-12	964.85
2012-12-13	970.27
2012-12-14	966.8
2012-12-17	959.94
2012-12-18	961.58
2012-12-19	958.84
2012-12-20	967.67
2012-12-21	980.7
2012-12-24	975.17
2012-12-25	971.69
2012-12-26	974.84
2012-12-27	988.78
2012-12-28	996.87
2012-12-31	1005.56
2013-01-03	1007.26
2013-01-04	1017.43
2013-01-08	1013.65
2013-01-09	1007.94
2013-01-10	1014.51
2013-01-11	1017.69
2013-01-14	1031.35
2013-01-15	1035.37
2013-01-16	1042.42
2013-01-17	1050.17
2013-01-18	1040.56
2013-01-21	1043.92
2013-01-22	1046.13
2013-01-23	1047.83
2013-01-24	1053.59
2013-01-25	1062.28
2013-01-28	1059.52
2013-01-29	1057.31
2013-01-30	1053.99
2013-01-31	1065.28
2013-02-01	1054.89
2013-02-04	1045.49
2013-02-05	1040.4
2013-02-06	1035.01
2013-02-07	1038.99
2013-02-08	1036.04
2013-02-11	1043.09
2013-02-12	1044.72
2013-02-13	1040.27
2013-02-14	1042.93
2013-02-18	1043.42
2013-02-19	1043.31
2013-02-20	1043.52
2013-02-21	1048.83
2013-02-22	1048.79
2013-02-25	1054.81
2013-02-26	1061.99
2013-02-27	1048.31
2013-02-28	1056.32
2013-03-01	1058.88
2013-03-04	1055.27
2013-03-05	1058.46
2013-03-06	1059.45
2013-03-07	1054.45
2013-03-08	1055.6
2013-03-11	1056.92
2013-03-12	1066.44
2013-03-13	1066.02
2013-03-14	1062.32
2013-03-15	1070.18
2013-03-18	1066.13
2013-03-19	1061.86
2013-03-20	1067.63
2013-03-21	1072.51
2013-03-22	1080.92
2013-03-25	1093.05
2013-03-26	1088.09
2013-03-27	1086.28
2013-03-28	1084.47
2013-03-29	1085.29
2013-04-01	1089.56
2013-04-02	1091.9
2013-04-03	1095.43
2013-04-04	1096.13
2013-04-05	1098.33
2013-04-08	1099.21
2013-04-09	1091.78
2013-04-10	1093.03
2013-04-11	1089.04
2013-04-12	1082.64
2013-04-15	1078.02
2013-04-16	1078.55
2013-04-17	1065.36
2013-04-18	1071.44
2013-04-19	1067.7
2013-04-22	1078.41
2013-04-23	1077.52
2013-04-24	1087.35
2013-04-25	1084.37
2013-04-26	1073.53
2013-04-29	1064.26
2013-04-30	1059.59
2013-05-07	1065.49
2013-05-08	1060.59
2013-05-09	1063.68
2013-05-10	1063.58
2013-05-13	1064.52
2013-05-14	1067.22
2013-05-15	1057.08
2013-05-16	1050.39
2013-05-17	1047.32
2013-05-20	1038.69
2013-05-21	1031.74
2013-05-22	1029.58
2013-05-23	1025.77
2013-05-24	1023.3
2013-05-27	1019.78
2013-05-28	1018.97
2013-05-29	1018.06
2013-05-30	1012.52
2013-05-31	1008.0
2013-06-03	1002.98
2013-06-04	987.15
2013-06-05	979.41
2013-06-06	977.59
2013-06-07	989.64
2013-06-10	981.3
2013-06-11	976.51
2013-06-12	974.24
2013-06-13	978.67
2013-06-14	978.26
2013-06-17	960.01
2013-06-18	971.44
2013-06-19	976.98
2013-06-20	961.93
2013-06-21	960.23
2013-06-24	970.85
2013-06-25	957.56
2013-06-26	952.98
2013-06-27	948.12
2013-06-28	955.97
2013-07-01	952.01
2013-07-02	949.75
2013-07-03	956.18
2013-07-04	966.48
2013-07-05	966.8
2013-07-08	964.07
2013-07-09	964.7
2013-07-10	967.65
2013-07-11	964.23
2013-07-12	964.64
2013-07-15	965.67
2013-07-16	964.26
2013-07-17	970.61
2013-07-18	972.8
2013-07-19	979.74
2013-07-22	979.25
2013-07-23	978.96
2013-07-24	983.05
2013-07-25	984.63
2013-07-26	983.22
2013-07-29	980.83
2013-07-30	994.47
2013-07-31	984.93
2013-08-01	985.75
2013-08-02	984.73
2013-08-05	981.6
2013-08-06	985.4
2013-08-07	987.48
2013-08-08	981.35
2013-08-09	984.83
2013-08-12	981.02
2013-08-13	981.91
2013-08-14	977.94
2013-08-15	979.93
2013-08-16	979.62
2013-08-19	979.51
2013-08-20	983.57
2013-08-21	987.58
2013-08-22	980.04
2013-08-23	994.3
2013-08-26	1005.99
2013-08-27	1007.31
2013-08-28	1009.1
2013-08-29	1014.87
2013-08-30	1022.48
2013-09-02	1025.47
2013-09-03	1018.21
2013-09-04	1026.51
2013-09-05	1027.66
2013-09-06	1026.9
2013-09-09	1031.16
2013-09-10	1029.13
2013-09-11	1025.87
2013-09-12	1029.17
2013-09-13	1033.54
2013-09-16	1038.41
2013-09-17	1031.01
2013-09-18	1033.04
2013-09-19	1026.5
2013-09-20	1028.34
2013-09-23	1022.57
2013-09-24	1023.25
2013-09-25	1027.87
2013-09-26	1033.66
2013-09-27	1047.28
2013-09-30	1035.29
2013-10-01	1035.9
2013-10-02	1030.54
2013-10-03	1030.96
2013-10-04	1025.18
2013-10-07	1022.85
2013-10-08	1026.27
2013-10-09	1029.36
2013-10-10	1029.13
2013-10-11	1032.17
2013-10-14	1025.2
2013-10-15	1025.51
2013-10-16	1028.95
2013-10-17	1029.66
2013-10-18	1029.69
2013-10-21	1033.98
2013-10-22	1040.63
2013-10-23	1037.03
2013-10-24	1034.16
2013-10-25	1031.41
2013-10-28	1034.22
2013-10-29	1033.05
2013-10-30	1034.42
2013-10-31	1036.55
2013-11-01	1035.03
2013-11-04	1045.3
2013-11-05	1041.42
2013-11-06	1046.33
2013-11-07	1045.05
2013-11-08	1049.24
2013-11-12	1048.66
2013-11-13	1049.46
2013-11-14	1052.92
2013-11-15	1055.46
2013-11-18	1059.96
2013-11-19	1065.36
2013-11-20	1077.55
2013-11-21	1076.65
2013-11-22	1075.93
2013-11-25	1071.87
2013-11-26	1067.87
2013-11-27	1079.44
2013-11-28	1072.79
2013-11-29	1074.84
2013-12-02	1078.51
2013-12-03	1079.37
2013-12-04	1077.03
2013-12-05	1078.08
2013-12-06	1081.95
2013-12-09	1081.22
2013-12-10	1083.35
2013-12-11	1084.9
2013-12-12	1092.17
2013-12-13	1088.68
2013-12-16	1093.1
2013-12-17	1092.16
2013-12-18	1086.99
2013-12-19	1091.92
2013-12-20	1090.77
2013-12-23	1089.39
2013-12-24	1083.18
2013-12-25	1088.86
2013-12-26	1087.9
2013-12-27	1086.66
2013-12-30	1090.91
2013-12-31	1104.92
2014-01-03	1104.64
2014-01-06	1110.75
2014-01-08	1109.41
2014-01-09	1107.1
2014-01-10	1117.38
2014-01-13	1120.18
2014-01-14	1123.54
2014-01-15	1118.59
2014-01-16	1119.0
2014-01-17	1122.28
2014-01-20	1124.64
2014-01-21	1135.67
2014-01-22	1129.54
2014-01-23	1131.61
2014-01-24	1129.77
2014-01-27	1115.21
2014-01-28	1111.33
2014-01-29	1118.15
2014-01-30	1124.52
2014-01-31	1132.26
2014-02-03	1131.5
2014-02-04	1125.85
2014-02-05	1126.24
2014-02-06	1128.85
2014-02-07	1127.86
2014-02-10	1125.95
2014-02-11	1126.71
2014-02-12	1123.59
2014-02-13	1120.57
2014-02-14	1117.59
2014-02-18	1115.6
2014-02-19	1123.89
2014-02-20	1125.64
2014-02-21	1125.65
2014-02-24	1131.36
2014-02-25	1134.51
2014-02-26	1133.21
2014-02-27	1131.84
2014-02-28	1125.51
2014-03-03	1120.19
2014-03-04	1115.86
2014-03-05	1120.96
2014-03-06	1134.61
2014-03-07	1133.16
2014-03-10	1127.84
2014-03-11	1125.36
2014-03-12	1129.93
2014-03-13	1130.35
2014-03-14	1135.41
2014-03-17	1130.0
2014-03-18	1128.04
2014-03-19	1132.37
2014-03-20	1121.85
2014-03-21	1120.45
2014-03-24	1120.75
2014-03-25	1121.48
2014-03-26	1117.52
2014-03-27	1115.64
2014-03-28	1122.01
2014-03-31	1122.59
2014-04-01	1126.32
2014-04-02	1134.91
2014-04-03	1146.37
2014-04-04	1143.87
2014-04-07	1141.23
2014-04-08	1140.88
2014-04-09	1144.35
2014-04-10	1144.12
2014-04-11	1150.33
2014-04-14	1151.13
2014-04-15	1145.3
2014-04-16	1147.88
2014-04-17	1152.35
2014-04-22	1152.82
2014-04-23	1153.87
2014-04-24	1155.39
2014-04-25	1156.96
2014-04-28	1156.27
2014-04-29	1155.19
2014-04-30	1156.21
2014-05-05	1150.49
2014-05-06	1146.74
2014-05-07	1145.78
2014-05-08	1150.71
2014-05-09	1152.36
2014-05-12	1153.87
2014-05-13	1153.53
2014-05-14	1163.92
2014-05-15	1162.01
2014-05-16	1161.63
2014-05-19	1157.63
2014-05-20	1164.23
2014-05-21	1160.38
2014-05-22	1161.67
2014-05-23	1159.62
2014-05-26	1160.07
2014-05-27	1158.3
2014-05-28	1163.77
2014-05-29	1161.89
2014-05-30	1164.23
2014-06-02	1161.19
2014-06-03	1153.08
2014-06-04	1150.67
2014-06-05	1151.65
2014-06-06	1154.57
2014-06-09	1153.84
2014-06-10	1157.1
2014-06-11	1158.65
2014-06-12	1158.95
2014-06-13	1156.96
2014-06-16	1153.81
2014-06-17	1149.94
2014-06-18	1140.86
2014-06-19	1139.56
2014-06-20	1139.48
2014-06-23	1140.5
2014-06-24	1134.34
2014-06-25	1132.98
2014-06-26	1130.11
2014-06-27	1132.45
2014-06-30	1132.44
2014-07-01	1141.91
2014-07-02	1145.49
2014-07-03	1144.1
2014-07-04	1143.65
2014-07-07	1141.4
2014-07-08	1141.52
2014-07-09	1144.39
2014-07-10	1143.58
2014-07-11	1144.49
2014-07-14	1140.15
2014-07-15	1144.69
2014-07-16	1147.86
2014-07-17	1149.78
2014-07-18	1152.01
2014-07-21	1153.6
2014-07-22	1163.41
2014-07-23	1167.2
2014-07-24	1164.02
2014-07-25	1172.68
2014-07-28	1168.43
2014-07-29	1174.88
2014-07-30	1168.73
2014-07-31	1181.19
2014-08-01	1186.45
2014-08-04	1188.32
2014-08-05	1193.5
2014-08-06	1183.7
2014-08-07	1194.37
2014-08-08	1196.02
2014-08-11	1190.97
2014-08-12	1197.44
2014-08-13	1209.97
2014-08-14	1213.43
2014-08-15	1214.53
2014-08-18	1222.5
2014-08-19	1226.6
2014-08-20	1234.08
2014-08-21	1234.98
2014-08-22	1240.06
2014-08-25	1245.39
2014-08-26	1254.74
2014-08-27	1264.53
2014-08-28	1264.03
2014-08-29	1256.55
2014-09-01	1261.55
2014-09-02	1258.53
2014-09-03	1263.27
2014-09-04	1258.42
2014-09-05	1261.92
2014-09-08	1256.75
2014-09-09	1260.09
2014-09-10	1259.81
2014-09-11	1268.51
2014-09-12	1267.87
2014-09-15	1262.05
2014-09-16	1259.84
2014-09-17	1257.77
2014-09-18	1269.72
2014-09-19	1281.04
2014-09-22	1280.77
2014-09-23	1294.52
2014-09-24	1297.55
2014-09-25	1318.57
2014-09-26	1319.67
2014-09-29	1318.72
2014-09-30	1319.29
2014-10-01	1341.01
2014-10-02	1344.31
2014-10-03	1355.89
2014-10-06	1352.47
2014-10-07	1366.63
2014-10-08	1370.61
2014-10-09	1367.1
2014-10-10	1371.05
2014-10-13	1368.33
2014-10-14	1357.54
2014-10-15	1368.27
2014-10-16	1381.73
2014-10-17	1381.36
2014-10-20	1388.79
2014-10-21	1393.61
2014-10-22	1383.66
2014-10-23	1394.67
2014-10-24	1394.81
2014-10-27	1390.21
2014-10-28	1399.85
2014-10-29	1390.86
2014-10-30	1383.57
2014-10-31	1385.84
2014-11-03	1376.51
2014-11-04	1378.42
2014-11-05	1378.81
2014-11-06	1376.09
2014-11-07	1373.31
2014-11-10	1367.67
2014-11-12	1366.46
2014-11-13	1376.2
2014-11-14	1372.07
2014-11-17	1373.86
2014-11-18	1376.28
2014-11-19	1373.31
2014-11-20	1365.89
2014-11-21	1369.5
2014-11-24	1374.6
2014-11-25	1381.53
2014-11-26	1390.85
2014-11-27	1394.15
2014-11-28	1387.28
2014-12-01	1381.49
2014-12-02	1374.44
2014-12-03	1374.77
2014-12-04	1398.74
2014-12-05	1404.89
2014-12-08	1401.02
2014-12-09	1379.45
2014-12-10	1371.91
2014-12-11	1363.79
2014-12-12	1365.5
2014-12-15	1352.87
2014-12-16	1340.54
2014-12-17	1324.83
2014-12-18	1310.98
2014-12-19	1314.3
2014-12-22	1328.39
2014-12-23	1323.28
2014-12-24	1322.48
2014-12-25	1320.56
2014-12-26	1321.93
2014-12-29	1318.89
2014-12-30	1327.4
2014-12-31	1344.82
2015-01-05	1349.55
2015-01-06	1332.66
2015-01-08	1331.32
2015-01-09	1333.44
2015-01-12	1343.09
2015-01-13	1335.35
2015-01-14	1328.68
2015-01-15	1328.73
2015-01-16	1339.68
2015-01-19	1325.55
2015-01-20	1317.29
2015-01-21	1315.83
2015-01-22	1321.15
2015-01-23	1341.73
2015-01-26	1346.6
2015-01-27	1370.16
2015-01-28	1367.11
2015-01-29	1363.52
2015-01-30	1357.36
2015-02-02	1358.44
2015-02-03	1348.98
2015-02-04	1347.37
2015-02-05	1343.94
2015-02-06	1352.79
2015-02-09	1353.25
2015-02-10	1352.79
2015-02-11	1352.29
2015-02-12	1355.78
2015-02-13	1347.4
2015-02-18	1340.31
2015-02-19	1340.96
2015-02-20	1339.21
2015-02-23	1338.86
2015-02-24	1331.66
2015-02-25	1338.55
2015-02-26	1339.48
2015-02-27	1335.41
2015-03-02	1346.04
2015-03-03	1352.73
2015-03-04	1357.21
2015-03-05	1354.83
2015-03-06	1370.62
2015-03-09	1365.98
2015-03-10	1359.6
2015-03-11	1355.35
2015-03-12	1352.08
2015-03-13	1354.09
2015-03-16	1347.16
2015-03-17	1342.09
2015-03-18	1338.73
2015-03-19	1343.77
2015-03-20	1345.45
2015-03-23	1346.17
2015-03-24	1350.45
2015-03-25	1360.54
2015-03-26	1371.37
2015-03-27	1374.88
2015-03-30	1369.32
2015-03-31	1375.99
2015-04-01	1378.68
2015-04-02	1384.49
2015-04-03	1392.68
2015-04-06	1405.33
2015-04-07	1419.66
2015-04-08	1452.04
2015-04-09	1452.38
2015-04-14	1466.54
2015-04-15	1486.84
2015-04-16	1499.26
2015-04-17	1482.68
2015-04-20	1475.29
2015-04-21	1471.99
2015-04-22	1472.77
2015-04-23	1464.21
2015-04-24	1460.22
2015-04-27	1436.59
2015-04-28	1434.28
2015-04-29	1434.92
2015-04-30	1432.61
2015-05-04	1437.4
2015-05-05	1442.93
2015-05-06	1442.9
2015-05-07	1449.01
2015-05-08	1450.71
2015-05-11	1446.64
2015-05-12	1442.92
2015-05-13	1458.29
2015-05-14	1469.98
2015-05-15	1465.25
2015-05-18	1475.83
2015-05-19	1465.06
2015-05-20	1468.19
2015-05-21	1466.23
2015-05-22	1457.71
2015-05-25	1462.58
2015-05-26	1456.46
2015-05-27	1444.76
2015-05-28	1450.92
2015-05-29	1448.44
2015-06-01	1445.37
2015-06-02	1436.8
2015-06-03	1441.21
2015-06-04	1430.01
2015-06-05	1428.0
2015-06-08	1431.36
2015-06-09	1427.3
2015-06-10	1425.84
2015-06-11	1430.75
2015-06-12	1424.52
2015-06-15	1419.37
2015-06-16	1406.35
2015-06-17	1396.19
2015-06-18	1399.39
2015-06-19	1391.16
2015-06-22	1393.38
2015-06-23	1407.81
2015-06-24	1393.47
2015-06-25	1374.94
2015-06-26	1350.73
2015-06-29	1339.77
2015-06-30	1328.64
2015-07-01	1316.6
2015-07-02	1318.52
2015-07-03	1322.04
2015-07-06	1318.9
2015-07-07	1324.33
2015-07-08	1332.18
2015-07-09	1333.59
2015-07-10	1331.47
2015-07-13	1335.4
2015-07-14	1343.92
2015-07-15	1342.81
2015-07-16	1344.22
2015-07-17	1347.01
2015-07-20	1343.84
2015-07-21	1347.38
2015-07-22	1350.71
2015-07-23	1350.61
2015-07-24	1350.23
2015-07-27	1344.3
2015-07-28	1345.89
2015-07-29	1348.37
2015-07-30	1347.22
2015-07-31	1350.07
2015-08-03	1346.7
2015-08-04	1343.62
2015-08-05	1342.97
2015-08-06	1339.25
2015-08-07	1334.53
2015-08-10	1338.67
2015-08-11	1346.87
2015-08-12	1343.03
2015-08-13	1354.16
2015-08-14	1358.32
2015-08-17	1358.17
2015-08-18	1358.54
2015-08-19	1352.28
2015-08-20	1351.22
2015-08-21	1348.61
2015-08-24	1332.13
2015-08-25	1309.87
2015-08-26	1321.02
2015-08-27	1320.59
2015-08-28	1319.08
2015-08-31	1316.75
2015-09-01	1319.25
2015-09-02	1322.39
2015-09-03	1319.92
2015-09-04	1316.76
2015-09-07	1319.6
2015-09-08	1313.96
2015-09-09	1320.53
2015-09-10	1319.68
2015-09-11	1313.35
2015-09-14	1307.25
2015-09-15	1295.42
2015-09-16	1285.64
2015-09-17	1286.11
2015-09-18	1289.82
2015-09-21	1301.43
2015-09-22	1306.08
2015-09-23	1307.58
2015-09-24	1311.25
2015-09-25	1316.25
2015-09-28	1319.54
2015-09-29	1316.9
2015-09-30	1318.9
2015-10-01	1318.03
2015-10-02	1319.04
2015-10-05	1314.69
2015-10-06	1316.46
2015-10-07	1318.79
2015-10-08	1319.35
2015-10-09	1322.61
2015-10-12	1320.8
2015-10-13	1320.01
2015-10-14	1320.22
2015-10-15	1313.89
2015-10-16	1321.39
2015-10-19	1319.65
2015-10-20	1316.29
2015-10-21	1317.14
2015-10-22	1318.76
2015-10-23	1306.65
2015-10-26	1303.09
2015-10-27	1308.74
2015-10-28	1312.64
2015-10-29	1309.24
2015-10-30	1304.3
2015-11-02	1306.02
2015-11-03	1298.27
2015-11-04	1295.28
2015-11-05	1291.56
2015-11-06	1288.62
2015-11-09	1290.44
2015-11-10	1293.35
2015-11-12	1287.73
2015-11-13	1288.86
2015-11-16	1287.76
2015-11-17	1293.85
2015-11-18	1285.3
2015-11-19	1295.42
2015-11-20	1297.26
2015-11-23	1307.4
2015-11-24	1323.8
2015-11-25	1331.02
2015-11-26	1317.54
2015-11-27	1322.88
2015-11-30	1317.5
2015-12-01	1319.82
2015-12-02	1330.18
2015-12-03	1337.28
2015-12-04	1371.46
2015-12-07	1382.13
2015-12-08	1368.34
2015-12-09	1352.47
2015-12-10	1347.04
2015-12-11	1351.62
2015-12-14	1355.55
2015-12-15	1358.43
2015-12-16	1359.6
2015-12-17	1369.07
2015-12-18	1364.62
2015-12-21	1343.47
2015-12-22	1340.5
2015-12-23	1338.98
2015-12-24	1347.69
2015-12-25	1344.94
2015-12-28	1345.17
2015-12-29	1350.55
2015-12-30	1359.27
2015-12-31	1380.42
2016-01-04	1375.29
2016-01-05	1366.46
2016-01-06	1364.5
2016-01-08	1358.72
2016-01-11	1343.91
2016-01-12	1341.82
2016-01-13	1333.4
2016-01-14	1317.97
2016-01-15	1314.97
2016-01-18	1298.61
2016-01-19	1292.12
2016-01-20	1276.43
2016-01-21	1269.73
2016-01-22	1272.79
2016-01-25	1272.49
2016-01-26	1287.46
2016-01-27	1291.52
2016-01-28	1302.21
2016-01-29	1313.73
2016-02-01	1318.92
2016-02-02	1318.91
2016-02-03	1313.65
2016-02-04	1305.58
2016-02-05	1296.44
2016-02-08	1298.15
2016-02-09	1286.53
2016-02-10	1285.77
2016-02-11	1284.2
2016-02-12	1273.91
2016-02-17	1265.87
2016-02-18	1267.9
2016-02-19	1266.41
2016-02-22	1279.44
2016-02-23	1272.12
2016-02-24	1286.59
2016-02-25	1284.54
2016-02-26	1292.56
2016-02-29	1289.38
2016-03-01	1281.69
2016-03-02	1282.2
2016-03-03	1291.94
2016-03-04	1291.77
2016-03-07	1294.08
2016-03-08	1293.77
2016-03-09	1292.18
2016-03-10	1296.36
2016-03-11	1299.33
2016-03-14	1298.42
2016-03-15	1305.24
2016-03-16	1306.81
2016-03-17	1306.69
2016-03-18	1308.71
2016-03-21	1319.35
2016-03-22	1309.91
2016-03-23	1315.58
2016-03-24	1323.78
2016-03-25	1324.31
2016-03-28	1318.56
2016-03-29	1320.02
2016-03-30	1328.58
2016-03-31	1330.29
2016-04-01	1339.13
2016-04-04	1339.21
2016-04-05	1334.7
2016-04-06	1337.96
2016-04-07	1354.58
2016-04-08	1347.89
2016-04-11	1336.75
2016-04-12	1348.02
2016-04-13	1344.47
2016-04-14	1341.28
2016-04-15	1344.63
2016-04-18	1335.61
2016-04-19	1327.93
2016-04-20	1323.29
2016-04-21	1319.92
2016-04-22	1326.31
2016-04-25	1323.04
2016-04-26	1342.58
2016-04-27	1330.93
2016-04-28	1344.85
2016-05-04	1334.79
2016-05-05	1339.31
2016-05-06	1346.97
2016-05-09	1349.05
2016-05-10	1344.17
2016-05-11	1340.83
2016-05-12	1342.37
2016-05-13	1347.28
2016-05-16	1329.84
2016-05-17	1329.81
2016-05-18	1342.85
2016-05-19	1351.87
2016-05-20	1348.87
2016-05-23	1346.05
2016-05-24	1348.93
2016-05-25	1351.62
2016-05-26	1309.46
2016-05-27	1309.24
2016-05-30	1321.32
2016-05-31	1331.1
2016-06-01	1352.78
2016-06-02	1365.99
2016-06-03	1358.25
2016-06-06	1341.74
2016-06-07	1339.48
2016-06-08	1360.1
2016-06-09	1347.12
2016-06-10	1351.54
2016-06-13	1355.84
2016-06-14	1354.44
2016-06-15	1355.03
2016-06-16	1352.68
2016-06-17	1352.38
2016-06-20	1349.68
2016-06-21	1354.14
2016-06-22	1354.72
2016-06-23	1352.81
2016-06-24	1331.81
2016-06-27	1322.71
2016-06-28	1326.39
2016-06-29	1324.59
2016-06-30	1325.99
2016-07-01	1323.42
2016-07-04	1337.18
2016-07-05	1335.83
2016-07-06	1325.71
2016-07-07	1316.6
2016-07-08	1309.08
2016-07-11	1314.3
2016-07-12	1318.27
2016-07-13	1321.52
2016-07-14	1326.68
2016-07-15	1344.69
2016-07-18	1338.14
2016-07-19	1340.66
2016-07-20	1344.65
2016-07-21	1337.54
2016-07-22	1336.45
2016-07-25	1342.72
2016-07-26	1350.45
2016-07-27	1358.73
2016-07-28	1361.57
2016-07-29	1385.42
2016-08-01	1389.53
2016-08-02	1391.33
2016-08-03	1373.38
2016-08-04	1377.01
2016-08-05	1392.62
2016-08-08	1385.85
2016-08-09	1377.46
2016-08-10	1397.38
2016-08-11	1400.34
2016-08-12	1390.0
2016-08-15	1384.99
2016-08-16	1367.89
2016-08-17	1374.8
2016-08-18	1372.25
2016-08-19	1369.66
2016-08-22	1371.76
2016-08-23	1374.99
2016-08-24	1368.74
2016-08-25	1369.31
2016-08-26	1370.93
2016-08-29	1372.83
2016-08-30	1371.59
2016-08-31	1383.19
2016-09-01	1385.56
2016-09-02	1393.17
2016-09-05	1389.29
2016-09-06	1396.21
2016-09-07	1407.91
2016-09-08	1410.75
2016-09-09	1415.45
2016-09-12	1408.12
2016-09-13	1408.99
2016-09-14	1411.23
2016-09-15	1414.48
2016-09-16	1414.31
2016-09-19	1429.44
2016-09-20	1425.98
2016-09-21	1433.45
2016-09-22	1429.94
2016-09-23	1429.61
2016-09-26	1431.07
2016-09-27	1423.52
2016-09-28	1424.03
2016-09-29	1430.25
2016-09-30	1439.04
2016-10-03	1438.49
2016-10-04	1446.28
2016-10-05	1454.61
2016-10-06	1456.37
2016-10-07	1452.08
2016-10-10	1452.11
2016-10-11	1440.91
2016-10-12	1429.42
2016-10-13	1435.83
2016-10-14	1447.0
2016-10-17	1446.87
2016-10-18	1451.38
2016-10-19	1456.39
2016-10-20	1478.99
2016-10-21	1474.35
2016-10-24	1475.98
2016-10-25	1491.84
2016-10-26	1492.02
2016-10-27	1485.15
2016-10-28	1497.35
2016-10-31	1500.27
2016-11-01	1491.25
2016-11-02	1483.13
2016-11-03	1482.66
2016-11-04	1495.83
2016-11-07	1489.65
2016-11-08	1499.27
2016-11-09	1496.73
2016-11-10	1495.46
2016-11-14	1499.12
2016-11-15	1485.6
2016-11-16	1485.35
2016-11-17	1486.69
2016-11-18	1503.82
2016-11-21	1514.24
2016-11-22	1517.82
2016-11-23	1515.93
2016-11-24	1515.63
2016-11-25	1524.98
2016-11-28	1530.8
2016-11-29	1527.99
2016-11-30	1531.84
2016-12-01	1542.92
2016-12-02	1552.52
2016-12-05	1545.55
2016-12-06	1563.21
2016-12-07	1574.89
2016-12-08	1581.4
2016-12-09	1586.29
2016-12-12	1588.95
2016-12-13	1589.21
2016-12-14	1578.42
2016-12-15	1577.74
2016-12-16	1576.23
2016-12-19	1570.79
2016-12-20	1568.54
2016-12-21	1577.58
2016-12-22	1575.78
2016-12-23	1561.88
2016-12-26	1556.88
2016-12-27	1568.57
2016-12-28	1563.9
2016-12-29	1562.68
2016-12-30	1569.43
2017-01-04	1569.35
2017-01-05	1566.0
2017-01-06	1566.62
2017-01-09	1571.22
2017-01-10	1563.62
2017-01-11	1555.02
2017-01-12	1565.64
2017-01-13	1560.8
2017-01-16	1566.35
2017-01-17	1567.93
2017-01-18	1562.91
2017-01-19	1562.85
2017-01-20	1540.08
2017-01-23	1540.56
2017-01-24	1535.89
2017-01-25	1535.28
2017-01-26	1532.58
2017-01-27	1533.98
2017-01-30	1533.21
2017-01-31	1536.34
2017-02-01	1540.41
2017-02-02	1548.34
2017-02-03	1536.27
2017-02-06	1540.17
2017-02-07	1541.38
2017-02-08	1531.11
2017-02-09	1537.36
2017-02-10	1537.55
2017-02-13	1538.15
2017-02-14	1546.21
2017-02-17	1547.29
2017-02-20	1551.31
2017-02-21	1551.21
2017-02-22	1560.82
2017-02-23	1567.18
2017-02-24	1563.89
2017-02-27	1563.22
2017-02-28	1564.2
2017-03-01	1559.6
2017-03-02	1566.17
2017-03-03	1578.33
2017-03-06	1582.59
2017-03-07	1612.59
2017-03-08	1610.75
2017-03-09	1606.64
2017-03-10	1614.86
2017-03-13	1613.83
2017-03-14	1611.07
2017-03-15	1616.31
2017-03-16	1621.21
2017-03-17	1617.5
2017-03-20	1620.24
2017-03-21	1621.76
2017-03-22	1621.56
2017-03-23	1615.9
2017-03-24	1623.7
2017-03-27	1621.77
2017-03-28	1615.02
2017-03-29	1607.62
2017-03-30	1608.08
2017-03-31	1603.7
2017-04-03	1605.98
2017-04-04	1602.9
2017-04-05	1605.34
2017-04-06	1599.43
2017-04-07	1594.01
2017-04-10	1584.1
2017-04-11	1596.01
2017-04-12	1594.22
2017-04-13	1585.43
2017-04-18	1578.19
2017-04-19	1575.15
2017-04-20	1583.37
2017-04-21	1584.99
2017-04-24	1580.81
2017-04-25	1576.33
2017-04-26	1579.23
2017-04-27	1585.95
2017-04-28	1577.39
2017-05-03	1577.56
2017-05-04	1572.53
2017-05-05	1571.95
2017-05-08	1575.03
2017-05-09	1573.93
2017-05-10	1587.26
2017-05-11	1582.13
2017-05-12	1576.97
2017-05-15	1576.01
2017-05-16	1574.66
2017-05-17	1576.44
2017-05-18	1578.99
2017-05-19	1590.6
2017-05-22	1591.79
2017-05-23	1588.7
2017-05-24	1584.02
2017-05-25	1585.96
2017-05-26	1556.26
2017-05-29	1559.08
2017-05-30	1561.11
2017-05-31	1565.3
2017-06-01	1564.54
2017-06-02	1563.46
2017-06-05	1556.86
2017-06-06	1561.16
2017-06-07	1568.02
2017-06-08	1559.02
2017-06-09	1550.6
2017-06-12	1555.46
2017-06-13	1551.57
2017-06-14	1549.72
2017-06-15	1550.13
2017-06-16	1539.38
2017-06-19	1536.79
2017-06-20	1533.6
2017-06-21	1533.32
2017-06-22	1534.81
2017-06-23	1533.65
2017-06-26	1537.51
2017-06-27	1540.32
2017-06-28	1537.86
2017-06-29	1551.15
2017-06-30	1542.38
2017-07-03	1543.52
2017-07-04	1544.28
2017-07-05	1543.38
2017-07-06	1536.59
2017-07-07	1529.61
2017-07-10	1541.37
2017-07-11	1536.67
2017-07-12	1537.98
2017-07-13	1537.04
2017-07-14	1536.11
2017-07-17	1535.96
2017-07-18	1528.72
2017-07-19	1530.34
2017-07-20	1528.78
2017-07-21	1541.62
2017-07-24	1549.45
2017-07-25	1552.33
2017-07-26	1546.34
2017-07-27	1553.38
2017-07-28	1568.4
2017-07-31	1558.31
2017-08-01	1554.63
2017-08-02	1529.79
2017-08-03	1546.02
2017-08-04	1566.38
2017-08-07	1557.86
2017-08-08	1546.4
2017-08-09	1549.8
2017-08-10	1556.07
2017-08-11	1560.12
2017-08-14	1549.16
2017-08-15	1540.27
2017-08-16	1548.4
2017-08-17	1552.43
2017-08-18	1555.55
2017-08-21	1567.57
2017-08-22	1573.54
2017-08-23	1568.85
2017-08-24	1586.7
2017-08-25	1587.85
2017-08-28	1594.23
2017-08-29	1605.85
2017-08-30	1606.55
2017-08-31	1608.38
2017-09-01	1607.19
2017-09-04	1613.66
2017-09-05	1609.51
2017-09-06	1614.59
2017-09-07	1615.11
2017-09-08	1618.65
2017-09-11	1622.73
2017-09-12	1627.18
2017-09-13	1637.1
2017-09-14	1627.38
2017-09-15	1628.51
2017-09-18	1630.61
2017-09-19	1627.22
2017-09-20	1629.35
2017-09-21	1622.41
2017-09-22	1614.1
2017-09-25	1611.15
2017-09-26	1608.23
2017-09-27	1602.98
2017-09-28	1604.15
2017-09-29	1604.31
2017-10-02	1603.62
2017-10-03	1602.07
2017-10-04	1606.94
2017-10-05	1612.73
2017-10-06	1616.83
2017-10-09	1619.65
2017-10-10	1620.26
2017-10-11	1620.52
2017-10-12	1619.28
2017-10-13	1618.83
2017-10-16	1624.58
2017-10-17	1622.73
2017-10-18	1609.48
2017-10-19	1602.36
2017-10-20	1595.03
2017-10-23	1606.56
2017-10-24	1604.12
2017-10-25	1605.87
2017-10-26	1597.8
2017-10-27	1591.26
2017-10-30	1592.36
2017-10-31	1602.43
2017-11-01	1607.46
2017-11-02	1596.52
2017-11-03	1591.53
2017-11-06	1601.56
2017-11-07	1597.36
2017-11-08	1594.54
2017-11-09	1603.85
2017-11-10	1609.16
2017-11-13	1605.97
2017-11-14	1612.87
2017-11-15	1610.89
2017-11-16	1610.0
2017-11-17	1612.44
2017-11-20	1613.27
2017-11-21	1603.2
2017-11-22	1611.59
2017-11-23	1624.92
2017-11-24	1633.49
2017-11-27	1637.66
2017-11-28	1635.32
2017-11-29	1628.18
2017-11-30	1644.46
2017-12-01	1644.55
2017-12-04	1639.65
2017-12-05	1632.32
2017-12-06	1643.75
2017-12-07	1631.88
2017-12-08	1630.19
2017-12-11	1614.42
2017-12-12	1620.64
2017-12-13	1626.35
2017-12-14	1628.7
2017-12-15	1624.24
2017-12-18	1629.89
2017-12-19	1636.83
2017-12-20	1644.71
2017-12-21	1635.18
2017-12-22	1628.78
2017-12-25	1629.83
2017-12-26	1625.8
2017-12-27	1640.24
2017-12-28	1647.28
2017-12-29	1662.53
2018-01-03	1654.39
2018-01-04	1652.06
2018-01-05	1648.19
2018-01-08	1664.28
2018-01-09	1667.49
2018-01-10	1652.49
2018-01-11	1650.38
2018-01-12	1655.91
2018-01-15	1631.97
2018-01-16	1644.24
2018-01-17	1646.37
2018-01-18	1648.26
2018-01-19	1648.31
2018-01-22	1650.58
2018-01-23	1649.4
2018-01-24	1647.39
2018-01-25	1642.68
2018-01-26	1650.78
2018-01-29	1625.71
2018-01-30	1617.55
2018-01-31	1627.36
2018-02-01	1625.53
2018-02-02	1634.22
2018-02-05	1624.46
2018-02-06	1622.19
2018-02-07	1621.52
2018-02-08	1612.16
2018-02-09	1614.35
2018-02-12	1617.65
2018-02-13	1619.75
2018-02-14	1605.94
2018-02-19	1594.84
2018-02-20	1586.04
2018-02-21	1592.96
2018-02-22	1592.5
2018-02-23	1585.55
2018-02-26	1584.64
2018-02-27	1579.81
2018-02-28	1580.79
2018-03-01	1580.33
2018-03-02	1574.01
2018-03-05	1584.44
2018-03-06	1585.01
2018-03-07	1571.3
2018-03-08	1552.05
2018-03-09	1558.91
2018-03-12	1557.21
2018-03-13	1559.93
2018-03-14	1562.71
2018-03-15	1565.19
2018-03-16	1574.13
2018-03-19	1571.22
2018-03-20	1575.63
2018-03-21	1572.87
2018-03-22	1569.45
2018-03-23	1572.01
2018-03-26	1564.37
2018-03-27	1561.4
2018-03-28	1558.34
2018-03-29	1569.54
2018-03-30	1564.27
2018-04-02	1575.0
2018-04-03	1579.35
2018-04-04	1576.21
2018-04-05	1563.59
2018-04-10	1560.91
2018-04-11	1561.33
2018-04-12	1558.38
2018-04-13	1551.84
2018-04-16	1557.64
2018-04-17	1560.01
2018-04-18	1565.47
2018-04-19	1567.43
2018-04-20	1563.39
2018-04-23	1562.97
2018-04-24	1568.59
2018-04-25	1573.92
2018-04-26	1560.94
2018-04-27	1550.11
2018-04-30	1552.42
2018-05-03	1555.37
2018-05-04	1553.93
2018-05-07	1555.61
2018-05-08	1550.18
2018-05-09	1546.63
2018-05-10	1547.39
2018-05-11	1546.61
2018-05-14	1546.88
2018-05-15	1547.66
2018-05-16	1551.09
2018-05-17	1554.22
2018-05-18	1553.36
2018-05-21	1553.95
2018-05-22	1550.85
2018-05-23	1550.12
2018-05-24	1545.86
2018-05-25	1543.13
2018-05-28	1546.91
2018-05-29	1548.38
2018-05-30	1563.46
2018-05-31	1564.36
2018-06-01	1564.29
2018-06-04	1569.4
2018-06-05	1570.56
2018-06-06	1568.22
2018-06-07	1563.96
2018-06-08	1558.54
2018-06-11	1552.83
2018-06-12	1547.23
2018-06-13	1550.94
2018-06-14	1551.94
2018-06-15	1543.34
2018-06-18	1549.04
2018-06-19	1547.63
2018-06-20	1546.56
2018-06-21	1541.17
2018-06-22	1543.63
2018-06-25	1541.64
2018-06-26	1542.87
2018-06-27	1542.47
2018-06-28	1541.41
2018-06-29	1550.52
2018-07-02	1558.08
2018-07-03	1554.2
2018-07-04	1553.56
2018-07-05	1549.5
2018-07-06	1533.08
2018-07-09	1530.81
2018-07-10	1539.99
2018-07-11	1539.21
2018-07-12	1543.45
2018-07-13	1538.37
2018-07-16	1534.63
2018-07-17	1536.18
2018-07-18	1545.19
2018-07-19	1537.72
2018-07-20	1546.16
2018-07-23	1529.64
2018-07-24	1532.12
2018-07-25	1542.73
2018-07-26	1543.76
2018-07-27	1546.68
2018-07-30	1535.71
2018-07-31	1535.57
2018-08-01	1540.35
2018-08-02	1538.76
2018-08-03	1540.51
2018-08-06	1539.71
2018-08-07	1540.25
2018-08-08	1537.01
2018-08-09	1541.94
2018-08-10	1537.72
2018-08-13	1534.29
2018-08-14	1535.23
2018-08-15	1525.77
2018-08-16	1523.18
2018-08-17	1520.43
2018-08-20	1519.35
2018-08-21	1519.04
2018-08-22	1517.5
2018-08-23	1517.41
2018-08-24	1516.36
2018-08-27	1520.45
2018-08-28	1521.03
2018-08-29	1524.84
2018-08-30	1519.35
2018-08-31	1529.15
2018-09-03	1519.92
2018-09-04	1516.3
2018-09-05	1500.14
2018-09-06	1521.69
2018-09-07	1520.95
2018-09-10	1519.14
2018-09-11	1518.75
2018-09-12	1520.31
2018-09-13	1521.45
2018-09-14	1518.78
2018-09-17	1521.68
2018-09-18	1531.57
2018-09-19	1535.21
2018-09-20	1535.34
2018-09-21	1540.77
2018-09-24	1536.98
2018-09-25	1531.72
2018-09-26	1530.41
2018-09-27	1532.8
2018-09-28	1533.09
2018-10-01	1533.42
2018-10-02	1541.77
2018-10-03	1537.05
2018-10-04	1545.0
2018-10-05	1539.43
2018-10-08	1535.4
2018-10-09	1537.08
2018-10-10	1540.53
2018-10-11	1538.92
2018-10-12	1539.43
2018-10-15	1538.5
2018-10-16	1534.56
2018-10-17	1542.29
2018-10-18	1552.85
2018-10-19	1548.75
2018-10-22	1550.92
2018-10-23	1544.09
2018-10-24	1542.81
2018-10-25	1546.67
2018-10-26	1548.09
2018-10-29	1533.88
2018-10-30	1532.38
2018-10-31	1538.35
2018-11-01	1538.42
2018-11-02	1540.92
2018-11-05	1550.14
2018-11-06	1553.8
2018-11-07	1561.17
2018-11-08	1560.54
2018-11-09	1554.12
2018-11-13	1555.0
2018-11-14	1550.75
2018-11-15	1551.83
2018-11-16	1539.61
2018-11-19	1538.32
2018-11-20	1542.99
2018-11-21	1560.73
2018-11-22	1566.6
2018-11-23	1566.66
2018-11-26	1573.72
2018-11-27	1566.09
2018-11-28	1565.8
2018-11-29	1565.75
2018-11-30	1569.48
2018-12-03	1563.86
2018-12-04	1559.76
2018-12-05	1555.37
2018-12-06	1556.85
2018-12-07	1562.03
2018-12-10	1558.27
2018-12-11	1569.64
2018-12-12	1563.3
2018-12-13	1567.53
2018-12-14	1557.74
2018-12-17	1557.73
2018-12-18	1566.54
2018-12-19	1579.29
2018-12-20	1564.64
2018-12-21	1567.28
2018-12-24	1566.65
2018-12-25	1578.03
2018-12-26	1578.32
2018-12-27	1599.88
2018-12-28	1589.35
2019-01-03	1558.72
2019-01-04	1558.72
2019-01-08	1536.87
2019-01-09	1511.93
2019-01-10	1507.05
2019-01-11	1519.21
2019-01-14	1509.7
2019-01-15	1516.12
2019-01-16	1524.67
2019-01-17	1515.07
2019-01-18	1517.95
2019-01-21	1518.27
2019-01-22	1518.62
2019-01-23	1516.4
2019-01-24	1520.99
2019-01-25	1516.97
2019-01-28	1515.74
2019-01-29	1514.69
2019-01-30	1521.34
2019-01-31	1538.23
2019-02-01	1538.37
2019-02-04	1522.75
2019-02-05	1529.39
2019-02-06	1528.43
2019-02-07	1529.73
2019-02-08	1531.81
2019-02-11	1537.94
2019-02-12	1535.9
2019-02-13	1531.36
2019-02-14	1525.85
2019-02-18	1511.53
2019-02-19	1499.14
2019-02-20	1496.74
2019-02-21	1506.92
2019-02-22	1511.58
2019-02-25	1510.53
2019-02-26	1508.78
2019-02-27	1513.91
2019-02-28	1517.98
2019-03-01	1523.05
2019-03-04	1528.04
2019-03-05	1529.9
2019-03-06	1539.09
2019-03-07	1531.75
2019-03-08	1534.88
2019-03-11	1535.26
2019-03-12	1539.3
2019-03-13	1547.34
2019-03-14	1548.75
2019-03-15	1552.16
2019-03-18	1561.13
2019-03-19	1567.35
2019-03-20	1573.31
2019-03-21	1579.6
2019-03-22	1580.55
2019-03-25	1583.23
2019-03-26	1583.19
2019-03-27	1586.34
2019-03-28	1591.5
2019-03-29	1593.45
2019-04-01	1596.68
2019-04-02	1587.13
2019-04-03	1592.24
2019-04-04	1594.06
2019-04-05	1573.66
2019-04-08	1573.53
2019-04-09	1576.17
2019-04-10	1586.75
2019-04-11	1583.48
2019-04-12	1582.5
2019-04-15	1590.35
2019-04-16	1587.77
2019-04-17	1602.36
2019-04-18	1603.06
2019-04-19	1599.27
2019-04-22	1598.48
2019-04-23	1590.21
2019-04-24	1604.61
2019-04-25	1599.15
2019-04-30	1596.74
2019-05-03	1595.85
2019-05-06	1595.44
2019-05-07	1584.17
2019-05-08	1583.1
2019-05-09	1581.02
2019-05-10	1577.44
2019-05-13	1577.02
2019-05-14	1583.65
2019-05-15	1579.7
2019-05-16	1557.29
2019-05-17	1557.48
2019-05-20	1560.97
2019-05-21	1560.13
2019-05-22	1556.88
2019-05-23	1561.62
2019-05-24	1560.0
2019-05-27	1558.0
2019-05-28	1560.06
2019-05-29	1556.01
2019-05-30	1555.54
2019-05-31	1558.7
2019-06-03	1566.3
2019-06-04	1547.72
2019-06-05	1544.17
2019-06-06	1541.03
2019-06-07	1541.21
2019-06-10	1540.1
2019-06-11	1538.79
2019-06-12	1538.78
2019-06-13	1537.09
2019-06-14	1531.24
2019-06-17	1530.05
2019-06-18	1527.97
2019-06-19	1523.62
2019-06-20	1526.38
2019-06-21	1540.96
2019-06-24	1539.14
2019-06-25	1542.8
2019-06-26	1539.51
2019-06-27	1545.25
2019-06-28	1535.29
2019-07-01	1543.01
2019-07-02	1545.15
2019-07-03	1546.28
2019-07-04	1547.04
2019-07-05	1546.45
2019-07-08	1545.75
2019-07-09	1575.58
2019-07-10	1577.07
2019-07-11	1556.02
2019-07-12	1577.04
2019-07-15	1583.38
2019-07-16	1582.64
2019-07-17	1572.65
2019-07-18	1578.5
2019-07-19	1569.84
2019-07-22	1571.09
2019-07-23	1572.49
2019-07-24	1573.59
2019-07-25	1555.31
2019-07-26	1554.51
2019-07-29	1558.35
2019-07-30	1565.33
2019-07-31	1564.68
2019-08-01	1553.03
2019-08-02	1548.81
2019-08-05	1553.01
2019-08-06	1581.26
2019-08-07	1557.66
2019-08-08	1568.29
2019-08-09	1570.4
2019-08-12	1565.16
2019-08-13	1570.31
2019-08-14	1569.33
2019-08-15	1568.73
2019-08-16	1570.68
2019-08-19	1570.02
2019-08-20	1574.77
2019-08-21	1585.46
2019-08-22	1582.4
2019-08-23	1584.42
2019-08-26	1582.58
2019-08-27	1594.37
2019-08-28	1597.24
2019-08-29	1592.12
2019-08-30	1587.2
2019-09-02	1585.63
2019-09-03	1583.19
2019-09-04	1588.62
2019-09-05	1591.89
2019-09-06	1589.22
2019-09-09	1598.46
2019-09-10	1599.27
2019-09-11	1609.46
2019-09-12	1613.25
2019-09-13	1618.78
2019-09-16	1617.66
2019-09-17	1619.87
2019-09-18	1621.01
2019-09-19	1616.66
2019-09-20	1610.87
2019-09-23	1609.21
2019-09-24	1610.5
2019-09-25	1609.32
2019-09-26	1618.74
2019-09-27	1614.17
2019-09-30	1605.66
2019-10-01	1607.42
2019-10-02	1610.46
2019-10-03	1596.9
2019-10-04	1605.12
2019-10-07	1608.32
2019-10-08	1605.55
2019-10-09	1605.43
2019-10-10	1602.66
2019-10-11	1607.77
2019-10-14	1603.39
2019-10-15	1599.17
2019-10-16	1604.44
2019-10-17	1605.6
2019-10-18	1607.21
2019-10-21	1609.04
2019-10-22	1602.02
2019-10-23	1612.18
2019-10-24	1612.11
2019-10-25	1610.13
2019-10-28	1614.79
2019-10-29	1609.25
2019-10-30	1609.79
2019-10-31	1609.64
2019-11-01	1612.32
2019-11-04	1621.23
2019-11-05	1619.71
2019-11-06	1624.76
2019-11-07	1626.55
2019-11-08	1626.54
2019-11-12	1641.09
2019-11-13	1654.74
2019-11-14	1654.06
2019-11-15	1654.09
2019-11-18	1646.02
2019-11-19	1651.84
2019-11-20	1650.95
2019-11-21	1656.72
2019-11-22	1658.21
2019-11-25	1657.43
2019-11-26	1657.08
2019-11-27	1659.09
2019-11-28	1667.95
2019-11-29	1669.48
2019-12-02	1674.62
2019-12-03	1675.61
2019-12-04	1682.34
2019-12-05	1694.29
2019-12-06	1694.83
2019-12-09	1697.36
2019-12-10	1699.59
2019-12-11	1703.32
2019-12-12	1695.35
2019-12-13	1696.35
2019-12-16	1694.46
2019-12-17	1689.11
2019-12-18	1694.47
2019-12-19	1699.76
2019-12-20	1698.74
2019-12-23	1704.86
2019-12-24	1698.32
2019-12-25	1693.99
2019-12-26	1696.21
2019-12-27	1698.51
2019-12-30	1711.86
2019-12-31	1726.82
2020-01-08	1722.25
2020-01-09	1732.03
2020-01-10	1736.55
2020-01-13	1726.15
2020-01-14	1724.35
2020-01-15	1728.13
2020-01-16	1729.8
2020-01-17	1730.76
2020-01-20	1725.82
2020-01-21	1725.32
2020-01-22	1728.4
2020-01-23	1733.66
2020-01-24	1742.32
2020-01-27	1719.65
2020-01-28	1730.29
2020-01-29	1731.24
2020-01-30	1731.83
2020-01-31	1733.14
2020-02-03	1759.28
2020-02-04	1762.86
2020-02-05	1764.44
2020-02-06	1743.67
2020-02-07	1752.38
2020-02-10	1750.53
2020-02-11	1750.66
2020-02-12	1751.31
2020-02-13	1765.79
2020-02-14	1768.58
2020-02-18	1763.16
2020-02-19	1771.27
2020-02-20	1759.67
2020-02-21	1755.67
2020-02-24	1740.74
2020-02-25	1748.0
2020-02-26	1744.22
2020-02-27	1729.76
2020-02-28	1723.28
2020-03-02	1718.27
2020-03-03	1709.07
2020-03-04	1697.97
2020-03-05	1710.07
2020-03-06	1703.5
2020-03-09	1676.33
2020-03-10	1662.36
2020-03-11	1652.37
2020-03-12	1609.63
2020-03-13	1582.94
2020-03-16	1553.73
2020-03-17	1482.8
2020-03-18	1479.5
2020-03-19	1439.21
2020-03-20	1442.66
