2011-09-13	5.97
2011-09-14	5.53
2011-09-15	5.13
2011-09-16	4.85
2011-09-17	4.87
2011-09-18	4.92
2011-09-19	4.9
2011-09-20	5.66
2011-09-21	5.66
2011-09-22	5.72
2011-09-23	5.72
2011-09-24	5.68
2011-09-25	6.05
2011-09-26	4.8
2011-09-27	4.92
2011-09-28	4.82
2011-09-29	4.82
2011-10-03	4.87
2011-10-04	4.98
2011-10-05	4.92
2011-10-06	4.8
2011-10-07	4.61
2011-10-08	3.99
2011-10-09	3.89
2011-10-10	4.51
2011-10-11	4.1
2011-10-12	3.93
2011-10-13	3.97
2011-10-14	4.05
2011-10-17	3.92
2011-10-20	2.24
2011-10-21	2.27
2011-10-24	2.92
2011-10-25	2.72
2011-10-26	2.69
2011-10-28	4.2
2011-10-29	3.95
2011-10-30	3.5
2011-10-31	3.3
2011-11-01	3.33
2011-11-04	3.55
2011-11-05	3.0
2011-11-06	2.95
2011-11-08	3.08
2011-11-09	3.3
2011-11-10	3.3
2011-11-11	3.3
2011-11-12	3.35
2011-11-13	3.35
2011-11-14	2.47
2011-11-15	2.5
2011-11-16	3.0
2011-11-17	2.99
2011-11-18	2.5
2011-11-19	2.43
2011-11-20	2.37
2011-11-21	2.25
2011-11-22	2.59
2011-11-24	3.0
2011-11-25	2.75
2011-11-26	2.77
2011-11-28	2.66
2011-11-29	2.72
2011-11-30	3.19
2011-12-01	3.42
2011-12-02	3.04
2011-12-03	2.93
2011-12-05	2.93
2011-12-06	2.98
2011-12-07	3.3
2011-12-08	3.3
2011-12-10	3.2
2011-12-11	3.27
2011-12-12	3.48
2011-12-13	3.56
2011-12-14	3.47
2011-12-15	3.45
2011-12-16	3.44
2011-12-18	3.5
2011-12-19	3.85
2011-12-20	4.55
2011-12-21	4.38
2011-12-22	4.17
2011-12-23	4.22
2011-12-24	4.33
2011-12-25	4.27
2011-12-26	4.33
2011-12-27	4.29
2011-12-28	4.3
2011-12-29	4.5
2011-12-30	4.21
2011-12-31	4.58
2012-01-01	5.0
2012-01-02	5.0
2012-01-03	5.29
2012-01-04	5.57
2012-01-05	6.65
2012-01-06	6.0
2012-01-07	6.8
2012-01-08	7.0
2012-01-09	6.3
2012-01-10	7.14
2012-01-11	7.0
2012-01-12	6.51
2012-01-13	6.6
2012-01-14	6.3
2012-01-15	7.15
2012-01-16	7.1
2012-01-17	6.0
2012-01-18	7.1
2012-01-19	6.22
2012-01-20	6.95
2012-01-21	6.77
2012-01-22	6.79
2012-01-23	6.52
2012-01-24	6.55
2012-01-25	6.31
2012-01-26	5.5
2012-01-27	5.88
2012-01-28	4.91
2012-01-29	5.5
2012-01-30	5.58
2012-01-31	5.3
2012-02-01	5.88
2012-02-02	6.28
2012-02-03	6.3
2012-02-04	5.94
2012-02-05	5.6
2012-02-06	5.6
2012-02-07	5.69
2012-02-08	5.87
2012-02-09	5.89
2012-02-10	5.88
2012-02-11	5.5
2012-02-12	5.67
2012-02-13	5.79
2012-02-14	4.89
2012-02-15	4.69
2012-02-16	4.51
2012-02-17	4.67
2012-02-18	4.23
2012-02-19	4.38
2012-02-20	4.44
2012-02-21	4.58
2012-02-22	4.51
2012-02-23	5.22
2012-02-24	4.95
2012-02-25	5.0
2012-02-26	4.98
2012-02-27	5.04
2012-02-28	4.88
2012-02-29	4.99
2012-03-01	5.0
2012-03-02	4.79
2012-03-03	4.65
2012-03-04	4.81
2012-03-05	5.06
2012-03-06	4.98
2012-03-07	4.93
2012-03-08	5.01
2012-03-09	4.93
2012-03-10	4.94
2012-03-11	5.0
2012-03-12	4.99
2012-03-13	5.3
2012-03-14	5.27
2012-03-15	5.39
2012-03-16	5.26
2012-03-17	5.42
2012-03-18	5.25
2012-03-19	4.83
2012-03-20	4.79
2012-03-21	4.96
2012-03-22	4.91
2012-03-23	4.78
2012-03-24	4.83
2012-03-25	4.54
2012-03-26	4.73
2012-03-27	4.84
2012-03-28	4.93
2012-03-29	4.84
2012-03-30	4.88
2012-03-31	4.9
2012-04-01	4.89
2012-04-02	5.04
2012-04-03	4.99
2012-04-04	5.01
2012-04-05	5.0
2012-04-06	4.99
2012-04-07	4.7
2012-04-08	4.76
2012-04-09	4.75
2012-04-10	4.8
2012-04-11	4.92
2012-04-12	4.93
2012-04-13	4.93
2012-04-14	4.96
2012-04-15	4.99
2012-04-16	4.98
2012-04-17	4.98
2012-04-18	5.16
2012-04-19	5.13
2012-04-20	5.38
2012-04-21	5.24
2012-04-22	5.17
2012-04-23	5.0
2012-04-24	5.08
2012-04-25	5.14
2012-04-26	4.98
2012-04-27	5.04
2012-04-28	4.91
2012-04-29	4.91
2012-04-30	5.0
2012-05-01	4.97
2012-05-02	5.06
2012-05-03	5.1
2012-05-04	5.07
2012-05-05	5.04
2012-05-06	5.08
2012-05-07	5.05
2012-05-08	5.02
2012-05-09	5.02
2012-05-10	4.87
2012-05-11	4.95
2012-05-12	4.91
2012-05-13	4.94
2012-05-14	4.93
2012-05-15	4.95
2012-05-16	5.04
2012-05-17	5.02
2012-05-18	5.07
2012-05-19	5.07
2012-05-20	5.03
2012-05-21	5.08
2012-05-22	5.03
2012-05-23	5.1
2012-05-24	5.12
2012-05-25	5.08
2012-05-26	5.07
2012-05-27	5.07
2012-05-28	5.07
2012-05-29	5.11
2012-05-30	5.14
2012-05-31	5.17
2012-06-01	5.22
2012-06-02	5.19
2012-06-03	5.19
2012-06-04	5.22
2012-06-05	5.37
2012-06-06	5.41
2012-06-07	5.53
2012-06-08	5.61
2012-06-09	5.48
2012-06-10	5.42
2012-06-11	5.52
2012-06-12	5.71
2012-06-13	5.86
2012-06-14	5.9
2012-06-15	6.42
2012-06-16	6.41
2012-06-17	6.19
2012-06-18	6.06
2012-06-19	6.46
2012-06-20	6.64
2012-06-21	6.64
2012-06-22	6.59
2012-06-23	6.45
2012-06-24	6.4
2012-06-25	6.26
2012-06-26	6.41
2012-06-27	6.49
2012-06-28	6.5
2012-06-29	6.52
2012-06-30	6.61
2012-07-01	6.52
2012-07-02	6.61
2012-07-03	6.44
2012-07-04	6.44
2012-07-05	6.6
2012-07-06	6.59
2012-07-07	6.79
2012-07-08	6.73
2012-07-09	6.94
2012-07-10	7.08
2012-07-11	7.14
2012-07-12	7.59
2012-07-13	7.59
2012-07-14	7.55
2012-07-15	7.57
2012-07-16	8.3
2012-07-17	8.55
2012-07-18	9.0
2012-07-19	8.76
2012-07-20	8.44
2012-07-21	8.74
2012-07-22	8.42
2012-07-23	8.59
2012-07-24	8.61
2012-07-25	8.64
2012-07-26	8.75
2012-07-27	8.83
2012-07-28	8.88
2012-07-29	8.71
2012-07-30	9.0
2012-07-31	9.28
2012-08-01	9.45
2012-08-02	10.44
2012-08-03	10.79
2012-08-04	10.51
2012-08-05	10.71
2012-08-06	10.84
2012-08-07	10.75
2012-08-08	10.99
2012-08-09	11.0
2012-08-10	11.32
2012-08-11	11.38
2012-08-12	11.49
2012-08-13	11.89
2012-08-14	12.25
2012-08-15	13.01
2012-08-16	13.42
2012-08-17	12.5
2012-08-18	11.54
2012-08-19	8.06
2012-08-20	10.05
2012-08-21	10.18
2012-08-22	9.96
2012-08-23	10.02
2012-08-24	10.37
2012-08-25	10.57
2012-08-26	10.31
2012-08-27	10.78
2012-08-28	11.0
2012-08-29	10.78
2012-08-30	10.65
2012-08-31	10.16
2012-09-01	9.91
2012-09-02	10.18
2012-09-03	10.55
2012-09-04	10.36
2012-09-05	10.99
2012-09-06	11.02
2012-09-07	11.03
2012-09-08	10.97
2012-09-09	10.98
2012-09-10	10.95
2012-09-11	11.04
2012-09-12	11.14
2012-09-13	11.3
2012-09-14	11.5
2012-09-15	11.63
2012-09-16	11.75
2012-09-17	11.85
2012-09-18	11.91
2012-09-19	12.32
2012-09-20	12.28
2012-09-21	12.19
2012-09-22	11.97
2012-09-23	11.99
2012-09-24	11.9
2012-09-25	11.75
2012-09-26	12.2
2012-09-27	12.22
2012-09-28	12.28
2012-09-29	12.28
2012-09-30	12.22
2012-10-01	12.14
2012-10-02	12.64
2012-10-03	12.9
2012-10-04	12.57
2012-10-05	12.5
2012-10-06	12.39
2012-10-07	11.71
2012-10-08	11.62
2012-10-09	11.99
2012-10-10	12.24
2012-10-11	12.09
2012-10-12	11.9
2012-10-13	11.85
2012-10-14	11.79
2012-10-15	11.66
2012-10-16	11.92
2012-10-17	11.88
2012-10-18	11.8
2012-10-19	11.67
2012-10-20	11.6
2012-10-21	11.32
2012-10-22	11.49
2012-10-23	11.58
2012-10-24	11.4
2012-10-25	10.55
2012-10-26	10.0
2012-10-27	10.43
2012-10-28	10.54
2012-10-29	10.8
2012-10-30	10.8
2012-10-31	11.0
2012-11-01	10.85
2012-11-02	10.67
2012-11-03	10.66
2012-11-04	10.64
2012-11-05	10.78
2012-11-06	10.74
2012-11-07	10.8
2012-11-08	10.81
2012-11-09	10.8
2012-11-10	10.81
2012-11-11	10.82
2012-11-12	10.87
2012-11-13	10.87
2012-11-14	10.97
2012-11-15	11.05
2012-11-16	11.46
2012-11-17	11.57
2012-11-18	11.51
2012-11-19	11.65
2012-11-20	11.65
2012-11-21	11.67
2012-11-22	11.88
2012-11-23	12.16
2012-11-24	12.25
2012-11-25	12.31
2012-11-26	12.2
2012-11-27	12.07
2012-11-28	12.22
2012-11-29	12.37
2012-11-30	12.43
2012-12-01	12.34
2012-12-02	12.42
2012-12-03	12.6
2012-12-04	12.59
2012-12-05	13.2
2012-12-06	13.45
2012-12-07	13.37
2012-12-08	13.36
2012-12-09	13.29
2012-12-10	13.3
2012-12-11	13.35
2012-12-12	13.49
2012-12-13	13.52
2012-12-14	13.51
2012-12-15	13.38
2012-12-16	13.27
2012-12-17	13.2
2012-12-18	13.13
2012-12-19	13.4
2012-12-20	13.35
2012-12-21	13.2
2012-12-22	13.2
2012-12-23	13.14
2012-12-24	13.23
2012-12-25	13.24
2012-12-26	13.18
2012-12-27	13.2
2012-12-28	13.18
2012-12-29	13.22
2012-12-30	13.2
2012-12-31	13.24
2013-01-01	13.22
2013-01-02	13.09
2013-01-03	13.19
2013-01-04	13.19
2013-01-05	13.15
2013-01-06	13.15
2013-01-07	13.2
2013-01-08	13.5
2013-01-09	13.58
2013-01-10	14.0
2013-01-11	14.0
2013-01-12	13.89
2013-01-13	13.64
2013-01-14	14.1
2013-01-15	14.2
2013-01-16	14.53
2013-01-17	15.36
2013-01-18	15.57
2013-01-19	15.38
2013-01-20	15.5
2013-01-21	16.52
2013-01-22	17.35
2013-01-23	17.5
2013-01-24	17.29
2013-01-25	17.49
2013-01-26	17.49
2013-01-27	17.6
2013-01-28	18.67
2013-01-29	19.35
2013-01-30	19.45
2013-01-31	20.46
2013-02-01	20.35
2013-02-02	19.82
2013-02-03	20.29
2013-02-04	20.3
2013-02-05	20.5
2013-02-06	20.91
2013-02-07	21.71
2013-02-08	22.4
2013-02-09	23.14
2013-02-10	23.7
2013-02-11	23.94
2013-02-12	25.47
2013-02-13	25.0
2013-02-14	27.4
2013-02-15	27.0
2013-02-16	27.5
2013-02-17	26.98
2013-02-18	26.92
2013-02-19	29.39
2013-02-20	30.0
2013-02-21	30.0
2013-02-22	30.4
2013-02-23	29.54
2013-02-24	29.78
2013-02-25	30.43
2013-02-26	31.1
2013-02-27	31.31
2013-02-28	33.53
2013-03-01	34.55
2013-03-02	34.16
2013-03-03	34.33
2013-03-04	36.52
2013-03-05	40.75
2013-03-06	42.32
2013-03-07	41.68
2013-03-08	43.76
2013-03-09	46.0
2013-03-10	45.29
2013-03-11	48.25
2013-03-12	44.84
2013-03-13	46.99
2013-03-14	46.95
2013-03-15	46.9
2013-03-16	46.74
2013-03-17	47.24
2013-03-18	50.35
2013-03-19	59.41
2013-03-20	64.2
2013-03-21	72.23
2013-03-22	69.9
2013-03-23	63.9
2013-03-24	70.22
2013-03-25	75.11
2013-03-26	79.81
2013-03-27	89.3
2013-03-28	88.52
2013-03-29	90.0
2013-03-30	92.11
2013-03-31	96.15
2013-04-01	104.7
2013-04-02	116.0
2013-04-03	133.78
2013-04-04	135.0
2013-04-05	141.8
2013-04-06	141.0
2013-04-07	164.97
2013-04-08	185.6
2013-04-09	229.0
2013-04-10	162.0
2013-04-11	83.4
2013-04-12	109.9
2013-04-13	91.64
2013-04-14	91.11
2013-04-15	74.0
2013-04-16	68.09
2013-04-17	89.98
2013-04-18	109.3
2013-04-19	117.71
2013-04-20	126.55
2013-04-21	118.81
2013-04-22	123.74
2013-04-23	137.29
2013-04-24	149.0
2013-04-25	141.9
2013-04-26	137.3
2013-04-27	128.8
2013-04-28	135.28
2013-04-29	143.31
2013-04-30	139.88
2013-05-01	116.75
2013-05-02	106.81
2013-05-03	98.08
2013-05-04	112.62
2013-05-05	116.57
2013-05-06	112.71
2013-05-07	110.0
2013-05-08	113.16
2013-05-09	111.96
2013-05-10	117.9
2013-05-11	115.04
2013-05-12	114.5
2013-05-13	115.99
2013-05-14	107.0
2013-05-15	108.95
2013-05-16	113.35
2013-05-17	116.73
2013-05-18	118.49
2013-05-19	116.38
2013-05-20	116.55
2013-05-21	117.5
2013-05-22	119.11
2013-05-23	123.84
2013-05-24	128.7
2013-05-25	128.97
2013-05-26	129.5
2013-05-27	126.25
2013-05-28	125.92
2013-05-29	130.35
2013-05-30	126.81
2013-05-31	127.91
2013-06-01	128.77
2013-06-02	123.0
2013-06-03	123.22
2013-06-04	120.57
2013-06-05	121.2
2013-06-06	118.78
2013-06-07	110.18
2013-06-08	109.11
2013-06-09	100.17
2013-06-10	104.22
2013-06-11	107.36
2013-06-12	106.56
2013-06-13	102.0
2013-06-14	99.01
2013-06-15	99.42
2013-06-16	99.37
2013-06-17	100.0
2013-06-18	104.5
2013-06-19	105.24
2013-06-20	102.61
2013-06-21	101.8
2013-06-22	100.0
2013-06-23	100.41
2013-06-24	99.47
2013-06-25	97.87
2013-06-26	98.77
2013-06-27	96.31
2013-06-28	89.96
2013-06-29	88.98
2013-06-30	89.53
2013-07-01	84.5
2013-07-02	88.0
2013-07-03	77.01
2013-07-04	79.4
2013-07-05	66.93
2013-07-06	66.34
2013-07-07	73.96
2013-07-08	74.4
2013-07-09	75.01
2013-07-10	86.19
2013-07-11	87.13
2013-07-12	90.17
2013-07-13	91.67
2013-07-14	90.03
2013-07-15	93.78
2013-07-16	91.55
2013-07-17	90.97
2013-07-18	85.28
2013-07-19	86.51
2013-07-20	85.04
2013-07-21	85.93
2013-07-22	85.6
2013-07-23	86.98
2013-07-24	88.42
2013-07-25	90.16
2013-07-26	89.95
2013-07-27	88.16
2013-07-28	92.71
2013-07-29	93.39
2013-07-30	96.57
2013-07-31	98.28
2013-08-01	96.62
2013-08-02	95.85
2013-08-03	95.55
2013-08-04	96.38
2013-08-05	97.81
2013-08-06	97.69
2013-08-07	97.09
2013-08-08	94.27
2013-08-09	92.27
2013-08-10	93.51
2013-08-11	94.09
2013-08-12	95.35
2013-08-13	98.15
2013-08-14	99.19
2013-08-15	98.08
2013-08-16	98.25
2013-08-17	99.71
2013-08-18	99.3
2013-08-19	102.85
2013-08-20	104.87
2013-08-21	110.43
2013-08-22	109.12
2013-08-23	107.65
2013-08-24	109.15
2013-08-25	113.12
2013-08-26	111.9
2013-08-27	117.75
2013-08-28	117.91
2013-08-29	118.5
2013-08-30	124.86
2013-08-31	128.0
2013-09-01	130.66
2013-09-02	130.15
2013-09-03	129.18
2013-09-04	122.81
2013-09-05	122.5
2013-09-06	117.67
2013-09-07	119.93
2013-09-08	118.34
2013-09-09	121.68
2013-09-10	122.07
2013-09-11	127.55
2013-09-12	126.38
2013-09-13	127.71
2013-09-14	124.49
2013-09-15	125.36
2013-09-16	126.27
2013-09-17	126.92
2013-09-18	127.0
2013-09-19	124.18
2013-09-20	122.91
2013-09-21	123.39
2013-09-22	123.27
2013-09-23	122.63
2013-09-24	123.86
2013-09-25	123.25
2013-09-26	124.84
2013-09-27	126.95
2013-09-28	126.54
2013-09-29	127.01
2013-09-30	126.25
2013-10-01	127.33
2013-10-02	103.85
2013-10-03	117.63
2013-10-04	121.94
2013-10-05	121.2
2013-10-06	122.49
2013-10-07	123.5
2013-10-08	124.13
2013-10-09	125.9
2013-10-10	126.8
2013-10-11	127.38
2013-10-12	127.98
2013-10-13	132.82
2013-10-14	135.42
2013-10-15	142.76
2013-10-16	137.56
2013-10-17	143.94
2013-10-18	152.89
2013-10-19	166.0
2013-10-20	166.59
2013-10-21	180.13
2013-10-22	189.75
2013-10-23	203.96
2013-10-24	193.87
2013-10-25	186.6
2013-10-26	179.56
2013-10-27	194.0
2013-10-28	196.62
2013-10-29	204.69
2013-10-30	197.54
2013-10-31	203.54
2013-11-01	202.15
2013-11-02	204.86
2013-11-03	210.0
2013-11-04	226.83
2013-11-05	242.9
2013-11-06	263.24
2013-11-07	291.0
2013-11-08	334.0
2013-11-09	341.24
2013-11-10	323.0
2013-11-11	343.91
2013-11-12	354.96
2013-11-13	393.5
2013-11-14	416.95
2013-11-15	412.0
2013-11-16	434.53
2013-11-17	477.38
2013-11-18	669.01
2013-11-19	536.01
2013-11-20	599.0
2013-11-21	720.0
2013-11-22	795.0
2013-11-23	829.15
2013-11-24	800.05
2013-11-25	817.88
2013-11-26	916.3
2013-11-27	963.98
2013-11-28	1012.98
2013-11-29	1131.99
2013-11-30	1119.52
2013-12-01	955.0
2013-12-02	1047.47
2013-12-03	1055.0
2013-12-04	1132.01
2013-12-05	1023.87
2013-12-06	814.91
2013-12-07	693.3
2013-12-08	787.0
2013-12-09	899.9
2013-12-10	979.23
2013-12-11	879.04
2013-12-12	871.22
2013-12-13	885.98
2013-12-14	850.78
2013-12-15	862.0
2013-12-16	691.0
2013-12-17	673.62
2013-12-18	520.0
2013-12-19	685.0
2013-12-20	610.0
2013-12-21	595.03
2013-12-22	612.66
2013-12-23	654.76
2013-12-24	652.99
2013-12-25	679.01
2013-12-26	747.0
2013-12-27	721.08
2013-12-28	715.0
2013-12-29	728.0
2013-12-30	736.51
2013-12-31	732.0
2014-01-01	754.9
2014-01-02	784.19
2014-01-03	809.4
2014-01-04	828.79
2014-01-05	905.0
2014-01-06	919.24
2014-01-07	785.0
2014-01-08	823.45
2014-01-09	824.76
2014-01-10	852.61
2014-01-11	896.59
2014-01-12	844.05
2014-01-13	823.0
2014-01-14	815.99
2014-01-15	841.14
2014-01-16	814.4
2014-01-17	797.2
2014-01-18	810.0
2014-01-19	842.07
2014-01-20	826.02
2014-01-21	824.89
2014-01-22	819.2
2014-01-23	812.0
2014-01-24	780.0
2014-01-25	806.8
2014-01-26	814.75
2014-01-27	751.95
2014-01-28	788.0
2014-01-29	794.21
2014-01-30	799.99
2014-01-31	803.0
2014-02-01	813.23
2014-02-02	814.99
2014-02-03	808.5
2014-02-04	802.99
2014-02-05	782.33
2014-02-06	763.99
2014-02-07	705.01
2014-02-08	680.49
2014-02-09	687.37
2014-02-10	687.81
2014-02-11	675.1
2014-02-12	651.99
2014-02-13	604.11
2014-02-14	669.0
2014-02-15	655.83
2014-02-16	621.0
2014-02-17	633.66
2014-02-18	627.7
2014-02-19	623.01
2014-02-20	561.86
2014-02-21	581.35
2014-02-22	610.88
2014-02-23	610.09
2014-02-24	535.49
2014-02-25	535.0
2014-02-26	585.24
2014-02-27	583.0
2014-02-28	551.89
2014-03-01	567.48
2014-03-02	566.24
2014-03-03	677.69
2014-03-04	673.0
2014-03-05	669.99
2014-03-06	669.57
2014-03-07	632.79
2014-03-08	620.0
2014-03-09	640.0
2014-03-10	629.39
2014-03-11	632.1
2014-03-12	634.95
2014-03-13	641.01
2014-03-14	630.42
2014-03-15	637.24
2014-03-16	634.99
2014-03-17	621.11
2014-03-18	612.0
2014-03-19	611.2
2014-03-20	587.98
2014-03-21	570.0
2014-03-22	565.31
2014-03-23	561.0
2014-03-24	585.99
2014-03-25	583.77
2014-03-26	581.49
2014-03-27	475.0
2014-03-28	502.01
2014-03-29	491.99
2014-03-30	460.0
2014-03-31	454.83
2014-04-01	478.98
2014-04-02	439.0
2014-04-03	451.03
2014-04-04	452.2
2014-04-05	464.8
2014-04-06	456.27
2014-04-07	447.11
2014-04-08	453.57
2014-04-09	441.69
2014-04-10	363.12
2014-04-11	423.0
2014-04-12	423.42
2014-04-13	416.3
2014-04-14	458.5
2014-04-15	521.0
2014-04-16	530.0
2014-04-17	500.09
2014-04-18	483.11
2014-04-19	503.8
2014-04-20	500.0
2014-04-21	496.74
2014-04-22	490.0
2014-04-23	492.0
2014-04-24	502.2
2014-04-25	466.52
2014-04-26	459.0
2014-04-27	430.0
2014-04-28	442.9
2014-04-29	448.0
2014-04-30	448.85
2014-05-01	460.97
2014-05-02	454.5
2014-05-03	439.0
2014-05-04	438.04
2014-05-05	433.0
2014-05-06	428.01
2014-05-07	440.0
2014-05-08	437.69
2014-05-09	452.37
2014-05-10	455.39
2014-05-11	440.0
2014-05-12	442.5
2014-05-13	439.12
2014-05-14	446.0
2014-05-15	446.0
2014-05-16	447.31
2014-05-17	449.06
2014-05-18	446.91
2014-05-19	448.34
2014-05-20	489.0
2014-05-21	493.98
2014-05-22	529.99
2014-05-23	523.77
2014-05-24	528.44
2014-05-25	573.9
2014-05-26	581.88
2014-05-27	572.7
2014-05-28	580.66
2014-05-29	572.37
2014-05-30	621.0
2014-05-31	627.8
2014-06-01	630.99
2014-06-02	661.22
2014-06-03	670.14
2014-06-04	640.59
2014-06-05	661.48
2014-06-06	647.16
2014-06-07	657.13
2014-06-08	658.0
2014-06-09	648.83
2014-06-10	648.55
2014-06-11	620.5
2014-06-12	569.1
2014-06-13	592.0
2014-06-14	566.58
2014-06-15	588.55
2014-06-16	586.91
2014-06-17	606.48
2014-06-18	607.0
2014-06-19	593.4
2014-06-20	588.02
2014-06-21	591.29
2014-06-22	600.34
2014-06-23	588.22
2014-06-24	572.62
2014-06-25	560.4
2014-06-26	579.99
2014-06-27	599.99
2014-06-28	589.56
2014-06-29	599.89
2014-06-30	641.11
2014-07-01	638.25
2014-07-02	650.5
2014-07-03	645.99
2014-07-04	629.0
2014-07-05	630.0
2014-07-06	630.57
2014-07-07	622.09
2014-07-08	623.98
2014-07-09	621.97
2014-07-10	616.87
2014-07-11	635.0
2014-07-12	638.1
2014-07-13	630.88
2014-07-14	621.17
2014-07-15	622.9
2014-07-16	616.86
2014-07-17	622.2
2014-07-18	632.6
2014-07-19	628.63
2014-07-20	627.0
2014-07-21	622.73
2014-07-22	618.26
2014-07-23	621.0
2014-07-24	601.66
2014-07-25	602.93
2014-07-26	596.23
2014-07-27	590.3
2014-07-28	586.53
2014-07-29	585.95
2014-07-30	563.84
2014-07-31	582.04
2014-08-01	598.2
2014-08-02	589.59
2014-08-03	588.91
2014-08-04	588.5
2014-08-05	581.76
2014-08-06	581.16
2014-08-07	585.84
2014-08-08	588.02
2014-08-09	587.97
2014-08-10	590.96
2014-08-11	573.98
2014-08-12	566.69
2014-08-13	548.81
2014-08-14	507.99
2014-08-15	500.25
2014-08-16	521.97
2014-08-17	496.86
2014-08-18	475.22
2014-08-19	491.98
2014-08-20	516.39
2014-08-21	519.28
2014-08-22	514.65
2014-08-23	497.0
2014-08-24	507.85
2014-08-25	503.82
2014-08-26	512.18
2014-08-27	511.87
2014-08-28	506.0
2014-08-29	509.3
2014-08-30	500.85
2014-08-31	479.04
2014-09-01	474.54
2014-09-02	474.5
2014-09-03	474.89
2014-09-04	487.43
2014-09-05	477.65
2014-09-06	479.78
2014-09-07	475.43
2014-09-08	468.33
2014-09-09	473.2
2014-09-10	476.57
2014-09-11	475.9
2014-09-12	474.62
2014-09-13	477.98
2014-09-14	475.49
2014-09-15	469.47
2014-09-16	462.02
2014-09-17	452.09
2014-09-18	425.0
2014-09-19	395.86
2014-09-20	408.76
2014-09-21	399.55
2014-09-22	400.07
2014-09-23	438.97
2014-09-24	423.68
2014-09-25	408.76
2014-09-26	403.57
2014-09-27	401.77
2014-09-28	375.35
2014-09-29	374.2
2014-09-30	391.09
2014-10-01	384.86
2014-10-02	374.68
2014-10-03	358.74
2014-10-04	326.21
2014-10-05	323.52
2014-10-06	328.59
2014-10-07	334.8
2014-10-08	355.73
2014-10-09	364.01
2014-10-10	360.89
2014-10-11	362.0
2014-10-12	378.11
2014-10-13	392.6
2014-10-14	403.38
2014-10-15	394.52
2014-10-16	383.95
2014-10-17	383.65
2014-10-18	390.58
2014-10-19	387.53
2014-10-20	381.21
2014-10-21	385.81
2014-10-22	382.04
2014-10-23	357.18
2014-10-24	358.86
2014-10-25	348.69
2014-10-26	355.18
2014-10-27	350.0
2014-10-28	356.96
2014-10-29	335.7
2014-10-30	346.14
2014-10-31	337.99
2014-11-01	324.7
2014-11-02	324.36
2014-11-03	325.5
2014-11-04	330.22
2014-11-05	338.38
2014-11-06	349.99
2014-11-07	342.16
2014-11-08	345.39
2014-11-09	364.77
2014-11-10	366.43
2014-11-11	370.65
2014-11-12	426.63
2014-11-13	420.93
2014-11-14	399.98
2014-11-15	376.99
2014-11-16	389.86
2014-11-17	387.69
2014-11-18	374.88
2014-11-19	379.03
2014-11-20	356.47
2014-11-21	351.2
2014-11-22	353.12
2014-11-23	367.17
2014-11-24	375.99
2014-11-25	377.37
2014-11-26	368.5
2014-11-27	369.98
2014-11-28	376.86
2014-11-29	375.49
2014-11-30	377.01
2014-12-01	376.53
2014-12-02	379.52
2014-12-03	375.33
2014-12-04	369.16
2014-12-05	376.0
2014-12-06	374.38
2014-12-07	377.26
2014-12-08	361.3
2014-12-09	352.03
2014-12-10	345.21
2014-12-11	348.9
2014-12-12	352.24
2014-12-13	351.67
2014-12-14	356.52
2014-12-15	349.0
2014-12-16	329.05
2014-12-17	322.0
2014-12-18	312.67
2014-12-19	318.33
2014-12-20	331.79
2014-12-21	320.01
2014-12-22	331.56
2014-12-23	336.92
2014-12-24	323.06
2014-12-25	319.86
2014-12-26	328.27
2014-12-27	316.47
2014-12-28	317.64
2014-12-29	313.01
2014-12-30	311.07
2014-12-31	321.0
2015-01-01	313.81
2015-01-02	315.42
2015-01-03	282.0
2015-01-04	264.0
2015-01-05	276.8
2015-01-09	293.97
2015-01-10	275.59
2015-01-11	266.39
2015-01-12	267.42
2015-01-13	227.0
2015-01-14	171.41
2015-01-15	210.98
2015-01-16	208.03
2015-01-17	199.69
2015-01-18	211.85
2015-01-19	216.34
2015-01-20	210.65
2015-01-21	227.16
2015-01-22	234.08
2015-01-23	233.64
2015-01-24	249.19
2015-01-25	255.31
2015-01-26	274.8
2015-01-27	263.98
2015-01-28	236.07
2015-01-29	235.79
2015-01-30	228.98
2015-01-31	216.9
2015-02-01	226.93
2015-02-02	238.47
2015-02-03	227.99
2015-02-04	227
2015-02-05	216.81
2015-02-06	223.37
2015-02-07	228.3
2015-02-08	223.88
2015-02-09	220.9
2015-02-10	220.42
2015-02-11	219.55
2015-02-12	223
2015-02-13	237
2015-02-14	256.99
2015-02-15	235.63
2015-02-16	234.7
2015-02-17	244.7
2015-02-18	237.37
2015-02-19	240.59
2015-02-20	245.48
2015-02-21	245.41
2015-02-22	236.5
2015-02-23	239.65
2015-02-24	239.55
2015-02-25	237.97
2015-02-26	238.46
2015-02-27	252.78
2015-02-28	253.47
2015-03-01	258.34
2015-03-02	274.93
2015-03-03	281.0
2015-03-04	270.78
2015-03-05	273.09
2015-03-06	272.68
2015-03-07	276.71
2015-03-08	275.0
2015-03-09	287.12
2015-03-10	290.0
2015-03-11	296.54
2015-03-12	295.31
2015-03-13	283.25
2015-03-14	282.01
2015-03-15	286.75
2015-03-16	289.27
2015-03-17	282.8
2015-03-18	256.45
2015-03-19	261.81
2015-03-20	261.96
2015-03-21	260.0
2015-03-22	267.74
2015-03-23	265.94
2015-03-24	245
2015-03-25	246.94
2015-03-26	249.23
2015-03-27	247.94
2015-03-28	252.87
2015-03-29	242
2015-03-30	247.95
2015-03-31	244.24
2015-04-01	246.69
2015-04-02	253.28
2015-04-03	254.19
2015-04-04	253.7
2015-04-05	260.54
2015-04-06	255.58
2015-04-07	253.72
2015-04-08	244.58
2015-04-09	243.43
2015-04-10	235.99
2015-04-11	236.15
2015-04-12	236.5
2015-04-13	223.15
2015-04-14	215.8
2015-04-15	216.55
2015-04-16	227.5
2015-04-17	222.6
2015-04-18	223.4
2015-04-19	222.54
2015-04-20	224.3
2015-04-21	235.74
2015-04-22	233.45
2015-04-23	235.98
2015-04-24	230.24
2015-04-25	226.12
2015-04-26	219.52
2015-04-27	227.23
2015-04-28	225.16
2015-04-29	225.48
2015-04-30	236.2
2015-05-01	231.0
2015-05-02	233.83
2015-05-03	239.0
2015-05-04	238.34
2015-05-05	235.12
2015-05-06	228.49
2015-05-07	236.87
2015-05-08	243.2
2015-05-09	245.0
2015-05-10	239.13
2015-05-11	241.3
2015-05-12	241.03
2015-05-13	235.97
2015-05-14	237.13
2015-05-15	237.37
2015-05-16	235.66
2015-05-17	235.97
2015-05-18	232.87
2015-05-19	231.4
2015-05-20	234.43
2015-05-21	235.0
2015-05-22	238.99
2015-05-23	237.76
2015-05-24	239.22
2015-05-25	235.59
2015-05-26	235.71
2015-05-27	235.17
2015-05-28	236.46
2015-05-29	236.03
2015-05-30	232.11
2015-05-31	228.91
2015-06-01	223.51
2015-06-02	223.86
2015-06-03	224.27
2015-06-04	222.99
2015-06-05	224.4
2015-06-06	224.99
2015-06-07	222.7
2015-06-08	228.17
2015-06-09	228.7
2015-06-10	227.8
2015-06-11	229.03
2015-06-12	229.4
2015-06-13	231.64
2015-06-14	232.09
2015-06-15	235.92
2015-06-16	250.09
2015-06-17	247.76
2015-06-18	248.4
2015-06-19	243.7
2015-06-20	244.76
2015-06-21	243.64
2015-06-22	246.0
2015-06-23	243.74
2015-06-24	240.19
2015-06-25	241.98
2015-06-26	241.82
2015-06-27	249.506
2015-06-28	246.642
2015-06-29	255.043
2015-06-30	262.806
2015-07-01	258.067
2015-07-02	255.992
2015-07-03	253.4
2015-07-04	259.504
2015-07-05	266.91
2015-07-06	270.0
2015-07-07	262.899
2015-07-08	263.6
2015-07-09	270.592
2015-07-10	282.999
2015-07-11	289.809
2015-07-12	304.0
2015-07-13	286.265
2015-07-14	284.5
2015-07-15	285.824
2015-07-16	276.967
2015-07-17	274.0
2015-07-18	266.665
2015-07-19	265.0
2015-07-20	272.5
2015-07-21	273.0
2015-07-22	270.892
2015-07-23	273.681
2015-07-24	283.765
2015-07-25	282.829
2015-07-26	286.569
2015-07-27	287.672
2015-07-28	287.112
2015-07-29	284.4
2015-07-30	282.442
2015-07-31	280.0
2015-08-01	277.999
2015-08-02	279.0
2015-08-03	279.556
2015-08-04	280.202
2015-08-05	277.829
2015-08-06	274.9
2015-08-07	271.52
2015-08-08	258.21
2015-08-09	259.9
2015-08-10	257.809
2015-08-11	265.997
2015-08-12	262.05
2015-08-13	260.341
2015-08-14	263.045
2015-08-15	258.395
2015-08-16	254.883
2015-08-17	255.782
2015-08-18	246.4
2015-08-19	213.815
2015-08-20	232.0
2015-08-21	227.784
2015-08-22	225.7
2015-08-23	222.0
2015-08-24	201.536
2015-08-25	218.2
2015-08-26	222.245
2015-08-27	222.715
2015-08-28	228.998
2015-08-29	224.914
2015-08-30	224.739
2015-08-31	226.553
2015-09-01	224.116
2015-09-02	225.884
2015-09-03	223.916
2015-09-04	226.199
2015-09-05	230.5
2015-09-06	236.0
2015-09-07	238.503
2015-09-08	241.241
2015-09-09	235.37
2015-09-10	237.196
2015-09-11	236.9
2015-09-12	232.782
2015-09-13	226.63
2015-09-14	228.707
2015-09-15	226.98
2015-09-16	227.137
2015-09-17	231.454
2015-09-18	230.186
2015-09-19	229.5
2015-09-20	230.1
2015-09-21	225.956
2015-09-22	227.24
2015-09-23	228.496
2015-09-24	233.401
2015-09-25	231.869
2015-09-26	234.083
2015-09-27	232.158
2015-09-28	235.521
2015-09-29	236.917
2015-09-30	234.94
2015-10-01	235.707
2015-10-02	234.5
2015-10-03	236.196
2015-10-04	236.426
2015-10-05	238.424
2015-10-06	242.7
2015-10-07	241.87
2015-10-08	240.991
2015-10-09	241.569
2015-10-10	242.868
2015-10-11	244.351
2015-10-12	242.175
2015-10-13	245.687
2015-10-14	250.509
2015-10-15	253.001
2015-10-16	259.286
2015-10-17	266.69
2015-10-18	257.839
2015-10-19	261.0
2015-10-20	265.6
2015-10-21	262.859
2015-10-22	268.216
2015-10-23	270.726
2015-10-24	274.756
2015-10-25	278.293
2015-10-26	279.446
2015-10-27	292.445
2015-10-28	296.999
2015-10-29	305.0
2015-10-30	312.0
2015-10-31	305.394
2015-11-01	308.703
2015-11-02	336.087
2015-11-03	370.286
2015-11-04	395.002
2015-11-05	384.812
2015-11-06	363.67
2015-11-07	374.461
2015-11-08	361.144
2015-11-09	372.113
2015-11-10	334.032
2015-11-11	303.225
2015-11-12	330.424
2015-11-13	337.0
2015-11-14	332.547
2015-11-15	311.997
2015-11-16	325.197
2015-11-17	331.905
2015-11-18	331.52
2015-11-19	322.345
2015-11-20	319.598
2015-11-21	322.356
2015-11-22	320.309
2015-11-23	318.887
2015-11-24	317.81
2015-11-25	326.724
2015-11-26	342.191
2015-11-27	353.7
2015-11-28	351.038
2015-11-29	369.201
2015-11-30	376.0
2015-12-01	358.85
2015-12-02	355.4
2015-12-03	356.999
2015-12-04	356.55
2015-12-05	383.848
2015-12-06	388.001
2015-12-07	386.993
2015-12-08	392.287
2015-12-09	411.694
2015-12-10	413.58
2015-12-11	438.996
2015-12-12	426.823
2015-12-13	429.899
2015-12-14	440.079
2015-12-15	457.539
2015-12-16	446.8
2015-12-17	448.868
2015-12-18	457.749
2015-12-19	454.948
2015-12-20	439.7
2015-12-21	434.582
2015-12-22	435.302
2015-12-23	440.333
2015-12-24	450.869
2015-12-25	450.533
2015-12-26	414.2
2015-12-27	422.932
2015-12-28	420.474
2015-12-29	430.237
2015-12-30	426.5
2015-12-31	428.956
2016-01-01	429.603
2016-01-02	430.519
2016-01-03	425.743
2016-01-04	432.013
2016-01-05	430.947
2016-01-06	429.488
2016-01-07	453.107
2016-01-08	450.9
2016-01-09	445.993
2016-01-10	444.695
2016-01-11	446.001
2016-01-12	445.646
2016-01-13	431.5
2016-01-14	430.002
2016-01-15	360.0
2016-01-16	384.92
2016-01-17	381.2
2016-01-18	385.191
2016-01-19	380.011
2016-01-20	419.895
2016-01-21	411.162
2016-01-22	387.98
2016-01-23	390.141
2016-01-24	401.534
2016-01-25	395.5
2016-01-26	394.075
2016-01-27	396.15
2016-01-28	382.0
2016-01-29	382.723
2016-01-30	380.766
2016-01-31	372.273
2016-02-01	377.768
2016-02-02	378.474
2016-02-03	369.09
2016-02-04	391.5
2016-02-05	388.424
2016-02-06	382.5
2016-02-07	378.129
2016-02-08	374.756
2016-02-09	378.843
2016-02-10	383.497
2016-02-11	384.01
2016-02-12	387.69
2016-02-13	393.631
2016-02-14	407.49
2016-02-15	400.501
2016-02-16	406.23
2016-02-17	415.645
2016-02-18	419.543
2016-02-19	418.774
2016-02-20	432.581
2016-02-21	434.0
2016-02-22	436.295
2016-02-23	420.889
2016-02-24	421.0
2016-02-25	422.1
2016-02-26	431.9
2016-02-27	429.152
2016-02-28	429.75
2016-02-29	433.919
2016-03-01	435.181
2016-03-02	424.09
2016-03-03	419.819
2016-03-04	410.188
2016-03-05	401.942
2016-03-06	407.958
2016-03-07	411.21
2016-03-09	413.0
2016-03-10	415.999
2016-03-11	417.29
2016-03-12	412.0
2016-03-13	414.013
2016-03-14	414.0
2016-03-15	415.331
2016-03-16	415.346
2016-03-17	417.2
2016-03-18	408.739
2016-03-19	409.183
2016-03-20	412.102
2016-03-21	411.97
2016-03-22	414.957
2016-03-23	416.342
2016-03-24	414.999
2016-03-25	414.327
2016-03-26	416.0
2016-03-27	422.417
2016-03-28	420.941
2016-03-29	415.1
2016-03-30	413.192
2016-03-31	414.8
2016-04-01	413.727
2016-04-02	415.07
2016-04-03	416.64
2016-04-04	416.0
2016-04-05	419.695
2016-04-06	417.603
2016-04-07	417.3
2016-04-08	414.382
2016-04-09	416.5
2016-04-10	416.721
2016-04-11	416.9
2016-04-12	418.061
2016-04-13	419.384
2016-04-14	420.3
2016-04-15	424.929
2016-04-16	427.999
2016-04-17	422.607
2016-04-18	425.304
2016-04-19	428.777
2016-04-20	436.5
2016-04-21	443.549
2016-04-22	435.95
2016-04-23	443.499
2016-04-24	446.0
2016-04-25	453.809
2016-04-26	458.986
2016-04-27	446.222
2016-04-28	440.868
2016-04-29	449.9
2016-04-30	447.012
2016-05-01	449.531
2016-05-02	443.656
2016-05-03	447.0
2016-05-04	443.907
2016-05-05	444.143
2016-05-06	452.04
2016-05-07	452.28
2016-05-08	451.2
2016-05-09	453.111
2016-05-10	449.934
2016-05-11	451.635
2016-05-12	450.3
2016-05-13	453.687
2016-05-14	454.747
2016-05-15	456.464
2016-05-16	453.884
2016-05-17	451.999
2016-05-18	453.601
2016-05-19	443.9
2016-05-20	440.67
2016-05-21	441.332
2016-05-22	439.0
2016-05-23	443.5
2016-05-24	446.78
2016-05-25	450.0
2016-05-26	450.48
2016-05-27	466.596
2016-05-28	506.884
2016-05-29	509.446
2016-05-30	525.946
2016-05-31	521.5
2016-06-01	525.743
2016-06-02	526.057
2016-06-03	550.026
2016-06-04	560.2
2016-06-05	564.17
2016-06-06	577.199
2016-06-07	564.48
2016-06-08	569.0
2016-06-09	563.9
2016-06-10	567.499
2016-06-11	569.49
2016-06-12	644.206
2016-06-13	680.015
2016-06-14	671.65
2016-06-15	669.739
2016-06-16	729.0
2016-06-17	717.764
2016-06-18	725.11
2016-06-19	729.993
2016-06-20	703.0
2016-06-21	635.9
2016-06-22	577.78
2016-06-23	600.062
2016-06-24	630.0
2016-06-25	644.18
2016-06-26	612.351
2016-06-27	626.75
2016-06-28	626.9
2016-06-29	620.838
2016-06-30	654.297
2016-07-01	663.918
2016-07-02	680.0
2016-07-03	654.471
2016-07-04	659.0
2016-07-05	650.019
2016-07-06	659.98
2016-07-07	620.429
2016-07-08	641.765
2016-07-09	637.8
2016-07-10	635.4
2016-07-11	636.508
2016-07-12	657.98
2016-07-13	649.103
2016-07-14	645.0
2016-07-15	651.2
2016-07-16	647.404
2016-07-17	664.5
2016-07-18	659.711
2016-07-19	662.989
2016-07-20	655.111
2016-07-21	660.317
2016-07-22	642.0
2016-07-23	647.602
2016-07-24	651.7
2016-07-25	646.161
2016-07-26	647.483
2016-07-27	648.999
2016-07-28	649.985
2016-07-29	647.501
2016-07-30	645.515
2016-07-31	623.83
2016-08-01	606.35
2016-08-02	540.0
2016-08-03	563.42
2016-08-04	576.13
2016-08-05	572.5
2016-08-06	589.48
2016-08-07	592.47
2016-08-08	591.88
2016-08-09	582.75
2016-08-10	590.27
2016-08-11	585.22
2016-08-12	585.91
2016-08-13	583.52
2016-08-14	568.76
2016-08-15	565.55
2016-08-16	574.99
2016-08-17	570.91
2016-08-18	571.49
2016-08-19	572.91
2016-08-20	577.88
2016-08-21	577.55
2016-08-22	582.78
2016-08-23	580.23
2016-08-24	577.58
2016-08-25	575.71
2016-08-26	578.78
2016-08-27	568.31
2016-08-28	573.2
2016-08-29	571.5
2016-08-30	575.91
2016-08-31	570.75
2016-09-01	571.05
2016-09-02	572.0
2016-09-03	595.01
2016-09-04	603.72
2016-09-05	603.48
2016-09-06	608.16
2016-09-07	615.16
2016-09-08	625.67
2016-09-09	622.01
2016-09-10	621.65
2016-09-11	606.32
2016-09-12	608.04
2016-09-13	607.46
2016-09-14	608.5
2016-09-15	606.71
2016-09-16	605.69
2016-09-17	604.1
2016-09-18	608.0
2016-09-19	608.72
2016-09-20	600.94
2016-09-21	595.46
2016-09-22	595.41
2016-09-23	601.42
2016-09-24	599.33
2016-09-25	598.98
2016-09-26	606.47
2016-09-27	604.26
2016-09-28	603.95
2016-09-29	605.6
2016-09-30	608.23
2016-10-01	612.98
2016-10-02	608.6
2016-10-03	611.16
2016-10-04	607.19
2016-10-05	608.49
2016-10-06	610.25
2016-10-07	614.88
2016-10-08	614.34
2016-10-09	613.06
2016-10-10	616.0
2016-10-11	639.0
2016-10-12	634.5
2016-10-13	634.02
2016-10-14	638.2
2016-10-15	635.96
2016-10-16	638.97
2016-10-17	636.91
2016-10-18	635.95
2016-10-19	627.98
2016-10-20	628.89
2016-10-21	629.0
2016-10-22	654.52
2016-10-23	648.74
2016-10-24	648.6
2016-10-25	651.97
2016-10-26	675.11
2016-10-27	684.71
2016-10-28	685.91
2016-10-29	711.13
2016-10-30	697.23
2016-10-31	697.01
2016-11-01	726.6
2016-11-02	742.0
2016-11-03	685.22
2016-11-04	702.7
2016-11-05	703.46
2016-11-06	709.93
2016-11-07	702.86
2016-11-08	709.31
2016-11-09	721.5
2016-11-10	714.47
2016-11-11	716.39
2016-11-12	702.28
2016-11-13	700.38
2016-11-14	703.82
2016-11-15	711.06
2016-11-16	739.71
2016-11-17	735.24
2016-11-18	748.98
2016-11-19	750.75
2016-11-20	727.09
2016-11-21	736.76
2016-11-22	749.22
2016-11-23	740.18
2016-11-24	735.63
2016-11-25	737.07
2016-11-26	729.91
2016-11-27	727.32
2016-11-28	729.54
2016-11-29	730.76
2016-11-30	742.06
2016-12-01	751.54
2016-12-02	769.99
2016-12-03	760.75
2016-12-04	762.0
2016-12-05	750.24
2016-12-06	758.98
2016-12-07	763.99
2016-12-08	766.84
2016-12-09	769.57
2016-12-10	772.28
2016-12-11	768.97
2016-12-12	776.9
2016-12-13	775.35
2016-12-14	777.09
2016-12-15	775.89
2016-12-16	781.32
2016-12-17	788.52
2016-12-18	788.67
2016-12-19	791.0
2016-12-20	798.65
2016-12-21	832.75
2016-12-22	859.96
2016-12-23	914.0
2016-12-24	892.61
2016-12-25	890.67
2016-12-26	897.1
2016-12-27	930.34
2016-12-28	976.47
2016-12-29	969.58
2016-12-30	959.54
2016-12-31	966.3
2017-01-01	997.75
2017-01-02	1012.54
2017-01-03	1035.24
2017-01-04	1114.92
2017-01-05	1004.74
2017-01-06	893.89
2017-01-07	906.2
2017-01-08	909.75
2017-01-09	896.23
2017-01-10	905.05
2017-01-11	778.62
2017-01-12	807.47
2017-01-13	825.86
2017-01-14	818.27
2017-01-15	821.86
2017-01-16	831.81
2017-01-17	905.99
2017-01-18	887.7
2017-01-19	901.01
2017-01-20	895.8
2017-01-21	921.98
2017-01-22	923.76
2017-01-23	913.52
2017-01-24	885.47
2017-01-25	893.43
2017-01-26	914.83
2017-01-27	918.02
2017-01-28	918.6
2017-01-29	912.01
2017-01-30	919.99
2017-01-31	963.99
2017-02-01	983.67
2017-02-02	1009.17
2017-02-03	1016.99
2017-02-04	1033.18
2017-02-05	1011.07
2017-02-06	1023.99
2017-02-07	1052.48
2017-02-08	1050.4
2017-02-09	986.0
2017-02-10	996.08
2017-02-11	1012.4
2017-02-12	1000.73
2017-02-13	1000.79
2017-02-14	1008.88
2017-02-15	1011.53
2017-02-16	1032.7
2017-02-17	1055.46
2017-02-18	1056.4
2017-02-19	1051.8
2017-02-20	1084.0
2017-02-21	1124.62
2017-02-22	1130.01
2017-02-23	1188.11
2017-02-24	1180.14
2017-02-25	1152.2
2017-02-26	1179.05
2017-02-27	1194.64
2017-02-28	1191.21
2017-03-01	1226.39
2017-03-02	1257.6
2017-03-03	1285.33
2017-03-04	1260.0
2017-03-05	1273.0
2017-03-06	1278.49
2017-03-07	1233.05
2017-03-08	1150.05
2017-03-09	1190.89
2017-03-10	1116.97
2017-03-11	1176.55
2017-03-12	1226.62
2017-03-13	1242.46
2017-03-14	1245.86
2017-03-15	1257.32
2017-03-16	1172.62
2017-03-17	1071.02
2017-03-18	969.4
2017-03-19	1017.97
2017-03-20	1035.96
2017-03-21	1114.39
2017-03-22	1037.56
2017-03-23	1029.65
2017-03-24	929.06
2017-03-25	956.02
2017-03-26	960.0
2017-03-27	1039.92
2017-03-28	1043.99
2017-03-29	1035.96
2017-03-30	1033.7
2017-03-31	1070.31
2017-04-01	1083.94
2017-04-02	1078.01
2017-04-03	1144.77
2017-04-04	1143.0
2017-04-05	1134.58
2017-04-06	1190.85
2017-04-07	1190.66
2017-04-08	1184.03
2017-04-09	1206.2
2017-04-10	1209.25
2017-04-11	1218.99
2017-04-12	1212.17
2017-04-13	1172.91
2017-04-14	1170.34
2017-04-15	1173.45
2017-04-16	1162.31
2017-04-17	1176.54
2017-04-18	1202.58
2017-04-19	1203.98
2017-04-20	1234.19
2017-04-21	1243.61
2017-04-22	1233.2
2017-04-23	1241.99
2017-04-24	1253.58
2017-04-25	1269.0
2017-04-26	1287.99
2017-04-27	1331.53
2017-04-28	1330.7
2017-04-29	1333.0
2017-04-30	1350.21
2017-05-01	1390.86
2017-05-02	1447.75
2017-05-03	1503.22
2017-05-04	1537.23
2017-05-05	1514.9
2017-05-06	1558.02
2017-05-07	1554.01
2017-05-08	1649.54
2017-05-09	1720.28
2017-05-10	1772.58
2017-05-11	1828.45
2017-05-12	1691.51
2017-05-13	1776.89
2017-05-14	1784.0
2017-05-15	1705.48
2017-05-16	1700.01
2017-05-17	1782.99
2017-05-18	1878.99
2017-05-19	1958.0
2017-05-20	2013.99
2017-05-21	2017.55
2017-05-22	2099.97
2017-05-23	2264.23
2017-05-24	2420.29
2017-05-25	2292.53
2017-05-26	2279.82
2017-05-27	2042.0
2017-05-28	2178.81
2017-05-29	2292.1
2017-05-30	2203.51
2017-05-31	2298.01
2017-06-01	2413.63
2017-06-02	2488.94
2017-06-03	2540.94
2017-06-04	2530.27
2017-06-05	2698.0
2017-06-06	2880.74
2017-06-07	2683.03
2017-06-08	2806.0
2017-06-09	2822.32
2017-06-10	2899.99
2017-06-11	2954.22
2017-06-12	2667.06
2017-06-13	2703.02
2017-06-14	2450.0
2017-06-15	2424.91
2017-06-16	2484.68
2017-06-17	2630.0
2017-06-18	2516.98
2017-06-19	2598.0
2017-06-20	2740.0
2017-06-21	2657.04
2017-06-22	2713.48
2017-06-23	2685.05
2017-06-24	2557.66
2017-06-25	2502.03
2017-06-26	2421.22
2017-06-27	2565.0
2017-06-28	2559.9
2017-06-29	2541.59
2017-06-30	2465.49
2017-07-01	2412.41
2017-07-02	2504.37
2017-07-03	2550.47
2017-07-04	2596.12
2017-07-05	2602.9
2017-07-06	2600.39
2017-07-07	2501.46
2017-07-08	2550.07
2017-07-09	2502.28
2017-07-10	2323.45
2017-07-11	2305.98
2017-07-12	2388.0
2017-07-13	2339.99
2017-07-14	2213.37
2017-07-15	1970.51
2017-07-16	1917.63
2017-07-17	2226.0
2017-07-18	2303.71
2017-07-19	2265.21
2017-07-20	2875.03
2017-07-21	2670.0
2017-07-22	2832.71
2017-07-23	2749.02
2017-07-24	2759.98
2017-07-25	2564.82
2017-07-26	2524.99
2017-07-27	2666.33
2017-07-28	2777.01
2017-07-29	2680.56
2017-07-30	2742.37
2017-07-31	2855.81
2017-08-01	2731.0
2017-08-02	2703.51
2017-08-03	2793.37
2017-08-04	2855.0
2017-08-05	3263.62
2017-08-06	3222.75
2017-08-07	3387.55
2017-08-08	3412.41
2017-08-09	3342.99
2017-08-10	3413.03
2017-08-11	3645.06
2017-08-12	3855.1
2017-08-13	4053.87
2017-08-14	4306.23
2017-08-15	4155.67
2017-08-16	4378.84
2017-08-17	4276.5
2017-08-18	4100.0
2017-08-19	4099.55
2017-08-20	4058.68
2017-08-21	3987.52
2017-08-22	4085.0
2017-08-23	4108.12
2017-08-24	4300.34
2017-08-25	4355.98
2017-08-26	4333.38
2017-08-27	4337.68
2017-08-28	4379.99
2017-08-29	4578.82
2017-08-30	4573.2
2017-08-31	4734.26
2017-09-01	4921.7
2017-09-02	4599.9
2017-09-03	4606.26
2017-09-04	4277.0
2017-09-05	4396.52
2017-09-06	4605.8
2017-09-07	4619.0
2017-09-08	4312.0
2017-09-09	4308.72
2017-09-10	4226.22
2017-09-11	4207.31
2017-09-12	4172.56
2017-09-13	3865.34
2017-09-14	3227.79
2017-09-15	3700.01
2017-09-16	3678.93
2017-09-17	3662.99
2017-09-18	4101.6
2017-09-19	3888.8
2017-09-20	3874.46
2017-09-21	3617.05
2017-09-22	3612.18
2017-09-23	3779.17
2017-09-24	3664.22
2017-09-25	3918.0
2017-09-26	3888.03
2017-09-27	4199.29
2017-09-28	4184.84
2017-09-29	4164.82
2017-09-30	4326.09
2017-10-01	4377.22
2017-10-02	4391.48
2017-10-03	4315.83
2017-10-04	4219.53
2017-10-05	4301.09
2017-10-06	4362.95
2017-10-07	4423.3
2017-10-08	4597.98
2017-10-09	4764.7
2017-10-10	4749.29
2017-10-11	4822.01
2017-10-12	5445.0
2017-10-13	5653.6
2017-10-14	5801.29
2017-10-15	5679.7
2017-10-16	5745.72
2017-10-17	5597.31
2017-10-18	5582.05
2017-10-19	5698.69
2017-10-20	5977.29
2017-10-21	6013.46
2017-10-22	5969.0
2017-10-23	5871.17
2017-10-24	5523.4
2017-10-25	5735.88
2017-10-26	5890.0
2017-10-27	5771.89
2017-10-28	5730.69
2017-10-29	6137.37
2017-10-30	6119.99
2017-10-31	6434.21
2017-11-01	6741.59
2017-11-02	7030.0
2017-11-03	7146.82
2017-11-04	7388.83
2017-11-05	7372.72
2017-11-06	6967.68
2017-11-07	7130.28
2017-11-08	7450.32
2017-11-09	7148.0
2017-11-10	6588.18
2017-11-11	6355.13
2017-11-12	5870.37
2017-11-13	6525.17
2017-11-14	6609.0
2017-11-15	7294.0
2017-11-16	7846.96
2017-11-17	7674.99
2017-11-18	7771.03
2017-11-19	8016.58
2017-11-20	8226.17
2017-11-21	8095.23
2017-11-22	8214.69
2017-11-23	7989.0
2017-11-24	8199.19
2017-11-25	8717.99
2017-11-26	9271.06
2017-11-27	9708.07
2017-11-28	9868.82
2017-11-29	9824.68
2017-11-30	9947.67
2017-12-01	10840.45
2017-12-02	10872.0
2017-12-03	11250.0
2017-12-04	11613.07
2017-12-05	11677.0
2017-12-06	13623.5
2017-12-07	16599.99
2017-12-08	15800.0
2017-12-09	14607.49
2017-12-10	14691.0
2017-12-11	16470.0
2017-12-12	16650.01
2017-12-13	16250.0
2017-12-14	16404.99
2017-12-15	17471.5
2017-12-16	19187.78
2017-12-17	18953.0
2017-12-18	18940.57
2017-12-19	17700.0
2017-12-20	16466.98
2017-12-21	15600.01
2017-12-22	15716.93
2017-12-23	14619.0
2017-12-24	14157.87
2017-12-25	13911.28
2017-12-26	15764.44
2017-12-27	15364.93
2017-12-28	14470.07
2017-12-29	14340.0
2017-12-30	12640.0
2017-12-31	13880.0
2018-01-01	13443.41
2018-01-02	14678.94
2018-01-03	15155.62
2018-01-04	15143.67
2018-01-05	16928.0
2018-01-06	17149.67
2018-01-07	16124.02
2018-01-08	14999.99
2018-01-09	14403.51
2018-01-10	14890.02
2018-01-11	13243.83
2018-01-12	13781.41
2018-01-13	14197.78
2018-01-14	13647.99
2018-01-15	13607.04
2018-01-16	11386.34
2018-01-17	11191.35
2018-01-18	11247.57
2018-01-19	11552.0
2018-01-20	12775.99
2018-01-21	11558.87
2018-01-22	10808.99
2018-01-23	10851.82
2018-01-24	11400.96
2018-01-25	11155.54
2018-01-26	11092.95
2018-01-27	11446.54
2018-01-28	11685.58
2018-01-29	11162.62
2018-01-30	9971.0
2018-01-31	10149.0
2018-02-01	8998.99
2018-02-02	8838.83
2018-02-03	9225.86
2018-02-04	8191.0
2018-02-05	6874.27
2018-02-06	7737.37
2018-02-07	7588.01
2018-02-08	8259.76
2018-02-09	8693.98
2018-02-10	8560.0
2018-02-11	8067.0
2018-02-12	8899.0
2018-02-13	8522.99
2018-02-14	9490.98
2018-02-15	10018.0
2018-02-16	10196.0
2018-02-17	11101.0
2018-02-18	10421.06
2018-02-19	11173.0
2018-02-20	11233.41
2018-02-21	10449.4
2018-02-22	9843.34
2018-02-23	10166.1
2018-02-24	9689.99
2018-02-25	9590.04
2018-02-26	10324.7
2018-02-27	10566.3
2018-02-28	10314.9
2018-03-01	10903.13
2018-03-02	11029.99
2018-03-03	11445.0
2018-03-04	11463.27
2018-03-05	11419.24
2018-03-06	10723.76
2018-03-07	9913.03
2018-03-08	9285.32
2018-03-09	9230.0
2018-03-10	8791.47
2018-03-11	9535.04
2018-03-12	9120.75
2018-03-13	9142.32
2018-03-14	8196.69
2018-03-15	8265.05
2018-03-16	8258.54
2018-03-17	7860.83
2018-03-18	8188.24
2018-03-19	8596.93
2018-03-20	8904.02
2018-03-21	8893.79
2018-03-22	8704.67
2018-03-23	8920.79
2018-03-24	8547.0
2018-03-25	8453.9
2018-03-26	8149.66
2018-03-27	7791.7
2018-03-28	7932.41
2018-03-29	7088.38
2018-03-30	6850.0
2018-03-31	6928.62
2018-04-01	6813.52
2018-04-02	7052.76
2018-04-03	7416.27
2018-04-04	6799.95
2018-04-05	6771.69
2018-04-06	6618.33
2018-04-07	6904.9
2018-04-08	7027.26
2018-04-09	6780.1
2018-04-10	6835.67
2018-04-11	6940.94
2018-04-12	7923.78
2018-04-13	7896.92
2018-04-14	8000.41
2018-04-15	8354.22
2018-04-16	8048.15
2018-04-17	7890.87
2018-04-18	8172.84
2018-04-19	8271.31
2018-04-20	8861.0
2018-04-21	8920.71
2018-04-22	8789.96
2018-04-23	8946.95
2018-04-24	9648.0
2018-04-25	8864.99
2018-04-26	9274.48
2018-04-27	8921.43
2018-04-28	9345.11
2018-04-29	9393.99
2018-04-30	9242.17
2018-05-01	9066.9
2018-05-02	9222.0
2018-05-03	9732.43
2018-05-04	9696.57
2018-05-05	9823.28
2018-05-06	9623.54
2018-05-07	9359.52
2018-05-08	9167.69
2018-05-09	9308.49
2018-05-10	9020.99
2018-05-11	8411.42
2018-05-12	8481.6
2018-05-13	8696.58
2018-05-14	8674.36
2018-05-15	8474.99
2018-05-16	8346.59
2018-05-17	8067.03
2018-05-18	8248.87
2018-05-19	8231.2
2018-05-20	8518.48
2018-05-21	8391.76
2018-05-22	7984.08
2018-05-23	7502.89
2018-05-24	7586.88
2018-05-25	7471.18
2018-05-26	7335.99
2018-05-27	7347.39
2018-05-28	7112.5
2018-05-29	7469.45
2018-05-30	7375.73
2018-05-31	7492.28
2018-06-01	7511.6
2018-06-02	7642.0
2018-06-03	7703.67
2018-06-04	7488.26
2018-06-05	7617.98
2018-06-06	7658.57
2018-06-07	7689.28
2018-06-08	7618.11
2018-06-09	7492.7
2018-06-10	6781.17
2018-06-11	6880.61
2018-06-12	6557.67
2018-06-13	6307.4
2018-06-14	6646.1
2018-06-15	6390.6
2018-06-16	6487.92
2018-06-17	6453.41
2018-06-18	6707.5
2018-06-19	6736.52
2018-06-20	6756.58
2018-06-21	6718.33
2018-06-22	6050.45
2018-06-23	6177.38
2018-06-24	6153.4
2018-06-25	6253.61
2018-06-26	6068.0
2018-06-27	6135.64
2018-06-28	5848.33
2018-06-29	6204.24
2018-06-30	6385.71
2018-07-01	6349.99
2018-07-02	6612.98
2018-07-03	6507.99
2018-07-04	6584.25
2018-07-05	6533.69
2018-07-06	6596.53
2018-07-07	6759.99
2018-07-08	6706.6
2018-07-09	6666.75
2018-07-10	6299.46
2018-07-11	6380.0
2018-07-12	6243.88
2018-07-13	6215.59
2018-07-14	6243.98
2018-07-15	6349.3
2018-07-16	6721.04
2018-07-17	7310.71
2018-07-18	7374.88
2018-07-19	7471.42
2018-07-20	7330.84
2018-07-21	7409.92
2018-07-22	7396.6
2018-07-23	7719.62
2018-07-24	8403.83
2018-07-25	8174.06
2018-07-26	7926.0
2018-07-27	8183.05
2018-07-28	8237.74
2018-07-29	8216.74
2018-07-30	8160.21
2018-07-31	7725.43
2018-08-01	7602.01
2018-08-02	7536.37
2018-08-03	7416.98
2018-08-04	7009.99
2018-08-05	7032.61
2018-08-06	6936.11
2018-08-07	6717.68
2018-08-08	6283.59
2018-08-09	6543.76
2018-08-10	6139.99
2018-08-11	6239.98
2018-08-12	6310.82
2018-08-13	6252.63
2018-08-14	6193.62
2018-08-15	6272.3
2018-08-16	6313.51
2018-08-17	6580.15
2018-08-18	6399.28
2018-08-19	6481.99
2018-08-20	6260.82
2018-08-21	6479.27
2018-08-22	6355.76
2018-08-23	6525.01
2018-08-24	6692.94
2018-08-25	6732.4
2018-08-26	6700.46
2018-08-27	6904.51
2018-08-28	7080.94
2018-08-29	7032.96
2018-08-30	6984.01
2018-08-31	7017.35
2018-09-01	7185.01
2018-09-02	7290.31
2018-09-03	7258.99
2018-09-04	7361.0
2018-09-05	6679.3
2018-09-06	6493.09
2018-09-07	6400.0
2018-09-08	6178.31
2018-09-09	6236.04
2018-09-10	6301.99
2018-09-11	6279.99
2018-09-12	6322.45
2018-09-13	6485.7
2018-09-14	6476.51
2018-09-15	6520.15
2018-09-16	6499.98
2018-09-17	6254.52
2018-09-18	6332.34
2018-09-19	6388.4
2018-09-20	6492.98
2018-09-21	6749.45
2018-09-22	6710.01
2018-09-23	6702.22
2018-09-24	6581.52
2018-09-25	6428.99
2018-09-26	6461.51
2018-09-27	6681.62
2018-09-28	6610.76
2018-09-29	6579.38
2018-09-30	6597.81
2018-10-01	6571.2
2018-10-02	6500.0
2018-10-03	6456.77
2018-10-04	6547.56
2018-10-05	6582.12
2018-10-06	6544.08
2018-10-07	6577.63
2018-10-08	6604.75
2018-10-09	6588.8
2018-10-10	6517.55
2018-10-11	6152.76
2018-10-12	6185.15
2018-10-13	6199.69
2018-10-14	6183.0
2018-10-15	6441.74
2018-10-16	6461.2
2018-10-17	6437.29
2018-10-18	6396.18
2018-10-19	6383.46
2018-10-20	6412.86
2018-10-21	6413.38
2018-10-22	6406.06
2018-10-23	6393.41
2018-10-24	6411.96
2018-10-25	6393.53
2018-10-26	6406.1
2018-10-27	6407.66
2018-10-28	6405.57
2018-10-29	6266.52
2018-10-30	6269.46
2018-10-31	6303.27
2018-11-01	6340.99
2018-11-02	6350.43
2018-11-03	6335.0
2018-11-04	6421.76
2018-11-05	6403.2
2018-11-06	6447.5
2018-11-07	6501.0
2018-11-08	6405.49
2018-11-09	6325.0
2018-11-10	6349.32
2018-11-11	6357.54
2018-11-12	6318.0
2018-11-13	6260.91
2018-11-14	5595.91
2018-11-15	5585.0
2018-11-16	5508.71
2018-11-17	5503.36
2018-11-18	5559.26
2018-11-19	4735.44
2018-11-20	4352.0
2018-11-21	4538.01
2018-11-22	4275.23
2018-11-23	4288.26
2018-11-24	3785.65
2018-11-25	3938.89
2018-11-26	3727.34
2018-11-27	3771.01
2018-11-28	4220.16
2018-11-29	4249.8
2018-11-30	3971.06
2018-12-01	4140.39
2018-12-02	4102.05
2018-12-03	3834.34
2018-12-04	3903.52
2018-12-05	3696.69
2018-12-06	3437.26
2018-12-07	3380.68
2018-12-08	3398.8
2018-12-09	3529.75
2018-12-10	3408.0
2018-12-11	3353.42
2018-12-12	3430.18
2018-12-13	3262.73
2018-12-14	3195.75
2018-12-15	3179.54
2018-12-16	3193.78
2018-12-17	3496.73
2018-12-18	3667.16
2018-12-19	3684.5
2018-12-20	4073.77
2018-12-21	3841.08
2018-12-22	3980.9
2018-12-23	3943.83
2018-12-24	4036.0
2018-12-25	3779.99
2018-12-26	3810.01
2018-12-27	3591.69
2018-12-28	3884.97
2018-12-29	3725.48
2018-12-30	3835.79
2018-12-31	3693.3
2019-01-01	3823.44
2019-01-02	3885.87
2019-01-03	3787.81
2019-01-04	3817.71
2019-01-05	3791.84
2019-01-06	4040.71
2019-01-07	4005.45
2019-01-08	3994.9
2019-01-09	4002.13
2019-01-10	3627.51
2019-01-11	3632.02
2019-01-12	3617.13
2019-01-13	3515.95
2019-01-14	3664.28
2019-01-15	3576.93
2019-01-16	3605.91
2019-01-17	3638.01
2019-01-18	3609.21
2019-01-19	3681.0
2019-01-20	3536.72
2019-01-21	3531.51
2019-01-22	3576.81
2019-01-23	3552.32
2019-01-24	3570.73
2019-01-25	3560.0
2019-01-26	3555.56
2019-01-27	3533.23
2019-01-28	3429.5
2019-01-29	3390.5
2019-01-30	3437.35
2019-01-31	3413.11
2019-02-01	3434.83
2019-02-02	3462.82
2019-02-03	3414.82
2019-02-04	3410.87
2019-02-05	3431.39
2019-02-06	3364.62
2019-02-07	3359.33
2019-02-08	3622.94
2019-02-09	3622.62
2019-02-10	3650.37
2019-02-11	3588.7
2019-02-12	3585.94
2019-02-13	3574.93
2019-02-14	3560.46
2019-02-15	3566.29
2019-02-16	3579.92
2019-02-17	3625.6
2019-02-18	3869.8
2019-02-19	3888.46
2019-02-20	3936.53
2019-02-21	3900.4
2019-02-22	3939.82
2019-02-23	4113.53
2019-02-24	3730.68
2019-02-25	3820.71
2019-02-26	3795.06
2019-02-27	3798.47
2019-02-28	3791.36
2019-03-01	3807.05
2019-03-02	3810.46
2019-03-03	3789.52
2019-03-04	3698.66
2019-03-05	3844.07
2019-03-06	3851.55
2019-03-07	3856.64
2019-03-08	3844.64
2019-03-09	3916.43
2019-03-10	3897.92
2019-03-11	3849.25
2019-03-12	3859.74
2019-03-13	3848.48
2019-03-14	3854.77
2019-03-15	3901.21
2019-03-16	3990.0
2019-03-17	3965.5
2019-03-18	3969.59
2019-03-19	3998.13
2019-03-20	4031.59
2019-03-21	3974.21
2019-03-22	3982.07
2019-03-23	3982.52
2019-03-24	3969.99
2019-03-25	3910.51
2019-03-26	3922.58
2019-03-27	4025.5
2019-03-28	4012.23
2019-03-29	4090.0
2019-03-30	4094.92
2019-03-31	4096.08
2019-04-01	4136.32
2019-04-02	4899.63
2019-04-03	4978.23
2019-04-04	4907.94
2019-04-05	5039.73
2019-04-06	5041.39
2019-04-07	5190.85
2019-04-08	5287.88
2019-04-09	5192.6
2019-04-10	5323.47
2019-04-11	5040.2
2019-04-12	5076.35
2019-04-13	5063.63
2019-04-14	5162.72
2019-04-15	5027.31
2019-04-16	5202.43
2019-04-17	5233.72
2019-04-18	5281.58
2019-04-19	5289.91
2019-04-20	5318.89
2019-04-21	5295.65
2019-04-22	5386.8
2019-04-23	5531.32
2019-04-24	5440.95
2019-04-25	5132.55
2019-04-26	5155.19
2019-04-27	5168.91
2019-04-28	5160.98
2019-04-29	5149.11
2019-04-30	5269.0
2019-05-01	5318.42
2019-05-02	5385.0
2019-05-03	5658.22
2019-05-04	5764.65
2019-05-05	5709.32
2019-05-06	5685.46
2019-05-07	5751.54
2019-05-08	5940.89
2019-05-09	6156.7
2019-05-10	6342.84
2019-05-11	7217.47
2019-05-12	6974.35
2019-05-13	7810.05
2019-05-14	7986.0
2019-05-15	8208.69
2019-05-16	7880.0
2019-05-17	7351.71
2019-05-18	7260.12
2019-05-19	8200.0
2019-05-20	8005.64
2019-05-21	7955.16
2019-05-22	7624.95
2019-05-23	7880.22
2019-05-24	7999.02
2019-05-25	8064.64
2019-05-26	8733.26
2019-05-27	8770.73
2019-05-28	8717.96
2019-05-29	8663.41
2019-05-30	8277.76
2019-05-31	8547.2
2019-06-01	8556.27
2019-06-02	8734.49
2019-06-03	8103.64
2019-06-04	7665.53
2019-06-05	7785.94
2019-06-06	7806.07
2019-06-07	8001.25
2019-06-08	7932.27
2019-06-09	7632.99
2019-06-10	8021.1
2019-06-11	7919.1
2019-06-12	8176.27
2019-06-13	8238.0
2019-06-14	8697.54
2019-06-15	8857.19
2019-06-16	8974.19
2019-06-17	9333.48
2019-06-18	9078.84
2019-06-19	9278.27
2019-06-20	9534.99
2019-06-21	10222.12
2019-06-22	10661.3
2019-06-23	10831.95
2019-06-24	11029.63
2019-06-25	11751.01
2019-06-26	12920.54
2019-06-27	11153.74
2019-06-28	12354.43
2019-06-29	11858.62
2019-06-30	10760.1
2019-07-01	10577.43
2019-07-02	10828.9
2019-07-03	11967.43
2019-07-04	11146.34
2019-07-05	10997.84
2019-07-06	11240.0
2019-07-07	11469.96
2019-07-08	12286.14
2019-07-09	12567.23
2019-07-10	12098.95
2019-07-11	11349.24
2019-07-12	11808.91
2019-07-13	11282.35
2019-07-14	10191.87
2019-07-15	10850.0
2019-07-16	9412.81
2019-07-17	9699.35
2019-07-18	10648.6
2019-07-19	10535.43
2019-07-20	10750.11
2019-07-21	10600.24
2019-07-22	10328.83
2019-07-23	9847.02
2019-07-24	9763.67
2019-07-25	9883.96
2019-07-26	9846.94
2019-07-27	9481.37
2019-07-28	9533.19
2019-07-29	9495.39
2019-07-30	9593.62
2019-07-31	10085.34
2019-08-01	10407.71
2019-08-02	10529.51
2019-08-03	10821.52
2019-08-04	10986.96
2019-08-05	11800.0
2019-08-06	11470.0
2019-08-07	11971.57
2019-08-08	11983.43
2019-08-09	11859.32
2019-08-10	11273.2
2019-08-11	11528.73
2019-08-12	11385.11
2019-08-13	10862.28
2019-08-14	10022.99
2019-08-15	10301.44
2019-08-16	10354.34
2019-08-17	10210.89
2019-08-18	10318.99
2019-08-19	10927.3
2019-08-20	10772.22
2019-08-21	10134.75
2019-08-22	10112.01
2019-08-23	10401.6
2019-08-24	10149.7
2019-08-25	10136.75
2019-08-26	10360.97
2019-08-27	10167.29
2019-08-28	9711.78
2019-08-29	9490.0
2019-08-30	9579.75
2019-08-31	9594.15
2019-09-01	9767.53
2019-09-02	10384.48
2019-09-03	10617.61
2019-09-04	10586.26
2019-09-05	10573.66
2019-09-06	10311.09
2019-09-07	10484.39
2019-09-08	10400.18
2019-09-09	10307.45
2019-09-10	10096.0
2019-09-11	10154.46
2019-09-12	10420.34
2019-09-13	10368.65
2019-09-14	10355.37
2019-09-15	10305.74
2019-09-16	10269.98
2019-09-17	10195.73
2019-09-18	10152.09
2019-09-19	10271.53
2019-09-20	10169.02
2019-09-21	9985.28
2019-09-22	10020.58
2019-09-23	9682.19
2019-09-24	8536.82
2019-09-25	8432.16
2019-09-26	8055.03
2019-09-27	8187.72
2019-09-28	8218.07
2019-09-29	8047.6
2019-09-30	8298.45
2019-10-01	8319.01
2019-10-02	8373.42
2019-10-03	8239.92
2019-10-04	8152.07
2019-10-05	8145.17
2019-10-06	7854.12
2019-10-07	8205.53
2019-10-08	8178.54
2019-10-09	8586.34
2019-10-10	8582.11
2019-10-11	8265.55
2019-10-12	8303.43
2019-10-13	8282.96
2019-10-14	8362.99
2019-10-15	8155.13
2019-10-16	7995.89
2019-10-17	8073.32
2019-10-18	7955.08
2019-10-19	7960.49
2019-10-20	8235.74
2019-10-21	8213.65
2019-10-22	8025.9
2019-10-23	7470.77
2019-10-24	7435.0
2019-10-25	8662.66
2019-10-26	9252.75
2019-10-27	9557.08
2019-10-28	9216.44
2019-10-29	9426.94
2019-10-30	9159.94
2019-10-31	9150.07
2019-11-01	9250.45
2019-11-02	9304.75
2019-11-03	9207.0
2019-11-04	9410.76
2019-11-05	9320.14
2019-11-06	9344.78
2019-11-07	9199.36
2019-11-08	8767.37
2019-11-09	8812.21
2019-11-10	9024.49
2019-11-11	8720.36
2019-11-12	8813.91
2019-11-13	8755.24
2019-11-14	8636.9
2019-11-15	8463.49
2019-11-16	8484.63
2019-11-17	8499.31
2019-11-18	8170.65
2019-11-19	8121.63
2019-11-20	8088.44
2019-11-21	7611.51
2019-11-22	7285.85
2019-11-23	7320.39
2019-11-24	6908.36
2019-11-25	7122.14
2019-11-26	7159.22
2019-11-27	7527.84
2019-11-28	7436.72
2019-11-29	7753.69
2019-11-30	7550.67
2019-12-01	7412.66
2019-12-02	7309.64
2019-12-03	7300.43
2019-12-04	7197.78
2019-12-05	7390.42
2019-12-06	7541.79
2019-12-07	7502.65
2019-12-08	7524.26
2019-12-09	7340.52
2019-12-10	7216.07
2019-12-11	7207.42
2019-12-12	7188.42
2019-12-13	7257.47
2019-12-14	7059.03
2019-12-15	7115.08
2019-12-16	6882.19
2019-12-17	6612.3
2019-12-18	7286.91
2019-12-19	7149.57
2019-12-20	7194.11
2019-12-21	7147.4
2019-12-22	7509.7
2019-12-23	7316.17
2019-12-24	7251.52
2019-12-25	7195.79
2019-12-26	7188.3
2019-12-27	7246.0
2019-12-28	7296.24
2019-12-29	7385.54
2019-12-30	7220.24
2019-12-31	7168.36
2020-01-01	7178.68
2020-01-02	6950.56
2020-01-03	7338.91
2020-01-04	7344.48
2020-01-05	7356.7
2020-01-06	7762.74
2020-01-07	8159.01
2020-01-08	8044.44
2020-01-09	7806.78
2020-01-10	8200.0
2020-01-11	8016.22
2020-01-12	8180.76
2020-01-13	8105.01
2020-01-14	8813.04
2020-01-15	8809.17
2020-01-16	8710.15
2020-01-17	8892.63
2020-01-18	8908.53
2020-01-19	8696.6
2020-01-20	8625.17
2020-01-21	8717.89
2020-01-22	8655.93
2020-01-23	8378.44
2020-01-24	8422.13
2020-01-25	8329.5
2020-01-26	8590.48
2020-01-27	8894.54
2020-01-28	9400.0
2020-01-29	9289.18
2020-01-30	9500.0
2020-01-31	9327.85
2020-02-01	9377.17
2020-02-02	9329.39
2020-02-03	9288.09
2020-02-04	9159.37
2020-02-05	9618.42
2020-02-06	9754.63
2020-02-07	9803.42
2020-02-08	9902.0
2020-02-09	10173.97
2020-02-10	9850.01
2020-02-11	10268.98
2020-02-12	10348.78
2020-02-13	10228.67
2020-02-14	10364.04
2020-02-15	9899.78
2020-02-16	9912.89
2020-02-17	9697.15
2020-02-18	10185.17
2020-02-19	9595.72
2020-02-20	9612.76
2020-02-21	9696.13
2020-02-22	9668.13
2020-02-23	9965.21
2020-02-24	9652.58
2020-02-25	9305.4
2020-02-26	8779.36
2020-02-27	8816.5
2020-02-28	8703.84
2020-02-29	8527.74
2020-03-01	8528.95
2020-03-02	8917.34
2020-03-03	8755.45
2020-03-04	8753.28
2020-03-05	9066.65
2020-03-06	9153.79
2020-03-07	8893.93
2020-03-08	8033.7
2020-03-09	7936.25
2020-03-10	7885.92
2020-03-11	7934.57
2020-03-12	4841.67
2020-03-13	5622.74
2020-03-14	5169.37
2020-03-15	5343.64
2020-03-16	5033.42
2020-03-17	5324.99
2020-03-18	5406.92
2020-03-19	6181.18
2020-03-20	6210.14
2020-03-21	6186.75
2020-03-22	5813.15
2020-03-23	6465.27
2020-03-24	6761.53
2020-03-25	6692.22
2020-03-26	6760.72
2020-03-27	6376.03
2020-03-28	6236.45
