2008-01-08	2815.19
2008-01-09	2781.39
2008-01-10	2820.05
2008-01-11	2853.32
2008-01-14	2907.97
2008-01-15	2935.0
2008-01-16	2932.02
2008-01-17	2928.98
2008-01-18	2920.64
2008-01-21	2823.86
2008-01-22	2740.11
2008-01-23	2653.73
2008-01-24	2750.36
2008-01-25	2752.89
2008-01-28	2689.99
2008-01-29	2718.99
2008-01-30	2702.74
2008-01-31	2632.6
2008-02-01	2676.8
2008-02-04	2676.74
2008-02-05	2608.86
2008-02-06	2592.19
2008-02-07	2537.11
2008-02-08	2526.45
2008-02-11	2568.78
2008-02-12	2565.01
2008-02-13	2618.43
2008-02-14	2606.04
2008-02-15	2586.03
2008-02-18	2612.65
2008-02-19	2621.92
2008-02-20	2611.15
2008-02-21	2630.46
2008-02-22	2620.72
2008-02-25	2638.45
2008-02-26	2628.81
2008-02-27	2644.28
2008-02-28	2638.53
2008-02-29	2618.34
2008-03-03	2609.88
2008-03-04	2617.83
2008-03-05	2600.87
2008-03-06	2598.35
2008-03-07	2583.49
2008-03-11	2572.37
2008-03-12	2596.65
2008-03-13	2573.94
2008-03-14	2557.86
2008-03-17	2422.74
2008-03-18	2431.68
2008-03-19	2432.05
2008-03-20	2370.55
2008-03-21	2377.66
2008-03-24	2382.9
2008-03-25	2380.42
2008-03-26	2360.42
2008-03-27	2306.74
2008-03-28	2329.62
2008-03-31	2273.19
2008-04-01	2244.49
2008-04-02	2264.58
2008-04-03	2254.39
2008-04-04	2241.37
2008-04-07	2299.4
2008-04-08	2309.31
2008-04-09	2322.53
2008-04-10	2308.78
2008-04-11	2296.01
2008-04-14	2250.07
2008-04-15	2225.0
2008-04-16	2230.23
2008-04-17	2224.06
2008-04-18	2223.85
2008-04-21	2174.24
2008-04-22	2056.97
2008-04-23	1945.46
2008-04-24	2002.06
2008-04-25	2053.61
2008-05-05	2104.21
2008-05-06	2131.04
2008-05-07	2162.4
2008-05-08	2194.98
2008-05-12	2236.75
2008-05-13	2268.18
2008-05-14	2285.38
2008-05-15	2336.44
2008-05-16	2347.32
2008-05-17	2350.49
2008-05-19	2350.32
2008-05-20	2239.44
2008-05-21	2243.08
2008-05-22	2215.04
2008-05-23	2206.34
2008-05-26	2186.97
2008-05-27	2195.2
2008-05-28	2215.0
2008-05-29	2202.91
2008-05-30	2188.57
2008-06-02	2180.01
2008-06-03	2167.28
2008-06-04	2140.95
2008-06-05	2143.25
2008-06-06	2131.76
2008-06-09	2074.22
2008-06-10	2038.89
2008-06-11	2030.32
2008-06-12	2009.79
2008-06-13	1989.92
2008-06-17	1988.9
2008-06-18	1926.04
2008-06-19	1886.88
2008-06-20	1898.48
2008-06-23	1953.89
2008-06-24	1913.41
2008-06-25	1914.3
2008-06-26	1893.02
2008-06-27	1880.49
2008-07-01	1727.31
2008-07-02	1741.13
2008-07-03	1729.71
2008-07-04	1735.73
2008-07-07	1773.33
2008-07-08	1730.87
2008-07-09	1722.42
2008-07-10	1714.23
2008-07-11	1655.66
2008-07-14	1609.89
2008-07-15	1537.55
2008-07-16	1439.81
2008-07-17	1511.82
2008-07-18	1506.51
2008-07-21	1573.57
2008-07-22	1522.87
2008-07-23	1537.53
2008-07-24	1543.02
2008-07-25	1525.76
2008-07-28	1529.49
2008-07-29	1540.46
2008-07-30	1579.5
2008-07-31	1557.26
2008-08-01	1555.93
2008-08-04	1520.21
2008-08-05	1549.86
2008-08-06	1550.91
2008-08-07	1543.24
2008-08-08	1512.65
2008-08-11	1521.0
2008-08-12	1539.42
2008-08-13	1531.94
2008-08-14	1530.43
2008-08-15	1537.06
2008-08-18	1540.55
2008-08-19	1484.09
2008-08-20	1465.3
2008-08-21	1444.68
2008-08-22	1423.12
2008-08-26	1362.87
2008-08-27	1306.16
2008-08-28	1298.22
2008-08-29	1296.78
2008-09-01	1291.65
2008-09-02	1300.91
2008-09-03	1248.45
2008-09-04	1250.6
2008-09-05	1153.71
2008-09-08	1194.98
2008-09-09	1149.06
2008-09-10	1099.59
2008-09-11	1004.3
2008-09-12	1047.04
2008-09-15	917.47
2008-09-16	819.32
2008-09-17	858.4
2008-09-18	824.3
2008-09-19	912.47
2008-09-22	962.0
2008-09-23	938.91
2008-09-24	963.75
2008-09-25	976.99
2008-09-26	948.86
2008-09-29	927.27
2008-09-30	911.44
2008-10-01	923.35
2008-10-02	932.45
2008-10-03	927.04
2008-10-06	834.15
2008-10-07	765.55
2008-10-08	764.38
2008-10-09	732.0
2008-10-10	732.95
2008-10-13	701.91
2008-10-14	717.74
2008-10-15	666.94
2008-10-16	658.43
2008-10-17	643.72
2008-10-20	652.6
2008-10-21	680.47
2008-10-22	662.01
2008-10-23	597.63
2008-10-24	547.71
2008-10-27	534.51
2008-10-28	562.08
2008-10-29	581.44
2008-10-30	653.43
2008-10-31	641.99
2008-11-03	704.13
2008-11-04	784.89
2008-11-05	780.63
2008-11-06	747.78
2008-11-07	740.33
2008-11-10	746.14
2008-11-11	697.68
2008-11-12	698.89
2008-11-13	680.39
2008-11-14	691.38
2008-11-17	688.79
2008-11-18	675.87
2008-11-19	676.68
2008-11-20	666.84
2008-11-21	682.53
2008-11-24	708.73
2008-11-25	752.38
2008-11-26	737.8
2008-11-27	732.75
2008-11-28	738.65
2008-12-01	716.04
2008-12-02	709.88
2008-12-03	707.75
2008-12-04	703.88
2008-12-05	694.36
2008-12-08	712.8
2008-12-09	696.72
2008-12-10	699.81
2008-12-11	695.46
2008-12-12	691.26
2008-12-15	689.9
2008-12-16	695.5
2008-12-17	722.99
2008-12-18	773.86
2008-12-19	779.01
2008-12-22	783.2
2008-12-23	768.33
2008-12-24	756.85
2008-12-25	743.5
2008-12-26	744.08
2008-12-29	754.41
2008-12-30	759.63
2009-01-08	760.35
2009-01-09	750.07
2009-01-12	751.43
2009-01-13	746.51
2009-01-14	742.42
2009-01-15	734.5
2009-01-16	724.44
2009-01-19	720.35
2009-01-20	714.73
2009-01-21	703.38
2009-01-22	702.87
2009-01-23	687.92
2009-01-26	695.18
2009-01-27	692.53
2009-01-28	690.03
2009-01-29	692.82
2009-01-30	677.41
2009-02-02	658.03
2009-02-03	646.31
2009-02-04	629.18
2009-02-05	626.67
2009-02-06	617.0
2009-02-09	623.21
2009-02-10	630.51
2009-02-11	635.86
2009-02-12	609.43
2009-02-13	611.45
2009-02-16	609.37
2009-02-17	547.68
2009-02-18	523.97
2009-02-19	531.07
2009-02-20	529.27
2009-02-23	521.83
2009-02-24	500.01
2009-02-25	511.02
2009-02-26	512.23
2009-02-27	483.42
2009-03-02	463.16
2009-03-03	444.64
2009-03-04	457.08
2009-03-05	453.12
2009-03-06	447.66
2009-03-10	449.73
2009-03-11	458.48
2009-03-12	457.63
2009-03-13	459.09
2009-03-16	459.13
2009-03-17	460.32
2009-03-18	461.62
2009-03-19	463.6
2009-03-20	469.21
2009-03-23	469.05
2009-03-24	472.47
2009-03-25	477.57
2009-03-26	500.0
2009-03-27	509.86
2009-03-30	509.87
2009-03-31	511.46
2009-04-01	521.66
2009-04-02	541.91
2009-04-03	571.26
2009-04-06	618.17
2009-04-07	597.81
2009-04-08	607.01
2009-04-09	652.09
2009-04-10	684.52
2009-04-13	698.72
2009-04-14	715.86
2009-04-15	707.55
2009-04-16	746.09
2009-04-17	799.57
2009-04-21	715.38
2009-04-22	721.64
2009-04-23	751.74
2009-04-24	781.46
2009-04-27	774.92
2009-04-28	755.03
2009-04-29	784.22
2009-04-30	798.18
2009-05-05	849.05
2009-05-06	888.0
2009-05-07	961.01
2009-05-08	1006.59
2009-05-12	1105.5
2009-05-13	1001.13
2009-05-14	1021.93
2009-05-15	1054.17
2009-05-18	1055.9
2009-05-19	1094.36
2009-05-20	1133.11
2009-05-21	1116.6
2009-05-22	1132.83
2009-05-25	1120.54
2009-05-26	1077.49
2009-05-27	1090.04
2009-05-28	1107.66
2009-05-29	1122.3
2009-06-01	1158.41
2009-06-02	1175.01
2009-06-03	1154.05
2009-06-04	1135.88
2009-06-05	1141.32
2009-06-09	1108.07
2009-06-10	1116.2
2009-06-11	1111.12
2009-06-12	1108.63
2009-06-15	1039.65
2009-06-16	1057.59
2009-06-17	1025.18
2009-06-18	1008.52
2009-06-19	1025.47
2009-06-22	977.64
2009-06-23	956.65
2009-06-24	977.42
2009-06-25	971.17
2009-06-26	977.09
2009-06-30	1006.62
2009-07-01	1004.2
2009-07-02	981.37
2009-07-03	976.96
2009-07-06	940.04
2009-07-07	936.45
2009-07-08	906.75
2009-07-09	908.9
2009-07-10	900.04
2009-07-13	901.36
2009-07-14	911.65
2009-07-15	926.41
2009-07-16	933.67
2009-07-17	959.36
2009-07-20	1026.88
2009-07-21	1030.44
2009-07-22	1018.25
2009-07-23	1033.54
2009-07-24	1043.76
2009-07-27	1060.21
2009-07-28	1037.39
2009-07-29	1039.97
2009-07-30	1064.52
2009-07-31	1064.73
2009-08-03	1091.48
2009-08-04	1086.93
2009-08-05	1104.13
2009-08-06	1117.45
2009-08-07	1114.79
2009-08-10	1114.76
2009-08-11	1121.21
2009-08-12	1122.22
2009-08-13	1120.33
2009-08-14	1123.79
2009-08-17	1091.4
2009-08-18	1096.64
2009-08-19	1095.45
2009-08-20	1117.28
2009-08-21	1133.98
2009-08-25	1197.71
2009-08-26	1196.1
2009-08-27	1191.71
2009-08-28	1207.59
2009-08-31	1174.12
2009-09-01	1173.01
2009-09-02	1154.06
2009-09-03	1161.4
2009-09-04	1156.19
2009-09-07	1161.47
2009-09-08	1174.05
2009-09-09	1179.46
2009-09-10	1182.99
2009-09-11	1189.55
2009-09-14	1182.35
2009-09-15	1198.4
2009-09-16	1224.04
2009-09-17	1233.05
2009-09-18	1238.09
2009-09-21	1216.23
2009-09-22	1240.7
2009-09-23	1255.66
2009-09-24	1268.76
2009-09-25	1268.97
2009-09-28	1302.89
2009-09-29	1390.56
2009-09-30	1365.24
2009-10-01	1398.14
2009-10-02	1358.43
2009-10-05	1400.66
2009-10-06	1454.34
2009-10-07	1432.2
2009-10-08	1481.13
2009-10-09	1499.45
2009-10-12	1592.14
2009-10-13	1569.03
2009-10-14	1616.34
2009-10-15	1597.17
2009-10-16	1588.55
2009-10-19	1587.59
2009-10-20	1567.75
2009-10-21	1524.35
2009-10-22	1470.63
2009-10-23	1484.98
2009-10-26	1468.51
2009-10-27	1432.58
2009-10-28	1373.88
2009-10-29	1431.33
2009-10-30	1417.06
2009-11-02	1416.01
2009-11-03	1425.39
2009-11-04	1497.18
2009-11-05	1528.93
2009-11-06	1500.26
2009-11-09	1561.02
2009-11-10	1596.01
2009-11-11	1601.42
2009-11-12	1583.61
2009-11-13	1551.54
2009-11-16	1592.62
2009-11-17	1581.35
2009-11-18	1585.04
2009-11-19	1561.08
2009-11-20	1543.63
2009-11-23	1564.71
2009-11-24	1539.9
2009-11-25	1537.2
2009-11-26	1508.19
2009-11-27	1474.6
2009-11-30	1456.06
2009-12-01	1517.92
2009-12-02	1523.09
2009-12-03	1551.04
2009-12-04	1550.0
2009-12-07	1535.3
2009-12-08	1521.3
2009-12-09	1518.55
2009-12-10	1529.0
2009-12-11	1531.64
2009-12-14	1521.07
2009-12-15	1506.16
2009-12-16	1523.46
2009-12-17	1493.15
2009-12-18	1487.83
2009-12-21	1475.46
2009-12-22	1457.65
2009-12-23	1458.87
2009-12-24	1456.79
2009-12-25	1451.37
2009-12-28	1443.79
2009-12-29	1454.35
2009-12-30	1454.53
2009-12-31	1455.47
2010-01-05	1495.93
2010-01-06	1529.58
2010-01-11	1589.72
2010-01-12	1577.22
2010-01-13	1590.86
2010-01-14	1628.87
2010-01-15	1631.42
2010-01-18	1656.22
2010-01-19	1678.56
2010-01-20	1652.99
2010-01-21	1640.47
2010-01-22	1600.11
2010-01-25	1604.26
2010-01-26	1654.11
2010-01-27	1672.78
2010-01-28	1681.04
2010-01-29	1671.77
2010-02-01	1658.58
2010-02-02	1677.34
2010-02-03	1693.55
2010-02-04	1660.14
2010-02-05	1659.49
2010-02-08	1652.03
2010-02-09	1673.78
2010-02-10	1666.01
2010-02-11	1650.47
2010-02-12	1658.68
2010-02-15	1657.45
2010-02-16	1692.38
2010-02-17	1721.06
2010-02-18	1724.73
2010-02-19	1736.12
2010-02-22	1764.8
2010-02-23	1793.51
2010-02-24	1808.63
2010-02-25	1783.93
2010-02-26	1797.63
2010-03-01	1802.59
2010-03-02	1813.71
2010-03-03	1833.28
2010-03-04	1872.28
2010-03-05	1949.44
2010-03-09	2022.55
2010-03-10	2070.65
2010-03-11	2038.65
2010-03-12	2121.59
2010-03-15	2132.65
2010-03-16	2114.34
2010-03-17	2136.01
2010-03-18	2187.07
2010-03-19	2212.09
2010-03-22	2247.72
2010-03-23	2376.39
2010-03-24	2368.41
2010-03-25	2326.33
2010-03-26	2305.26
2010-03-29	2330.91
2010-03-30	2377.29
2010-03-31	2353.9
2010-04-01	2300.29
2010-04-02	2296.28
2010-04-06	2344.51
2010-04-07	2353.21
2010-04-08	2337.4
2010-04-09	2370.51
2010-04-12	2422.6
2010-04-13	2441.75
2010-04-14	2527.84
2010-04-15	2537.62
2010-04-16	2581.54
2010-04-19	2523.94
2010-04-20	2558.38
2010-04-21	2588.72
2010-04-22	2550.76
2010-04-23	2566.73
2010-04-26	2599.42
2010-04-27	2591.65
2010-04-28	2543.82
2010-04-29	2552.08
2010-04-30	2551.72
2010-05-05	2407.14
2010-05-06	2318.43
2010-05-07	2109.74
2010-05-11	2186.07
2010-05-12	2242.05
2010-05-13	2219.14
2010-05-14	2156.83
2010-05-17	2063.81
2010-05-18	2066.31
2010-05-19	1859.56
2010-05-20	1643.45
2010-05-21	1635.29
2010-05-25	1447.42
2010-05-26	1710.94
2010-05-27	1834.82
2010-05-28	1810.23
2010-05-31	1873.72
2010-06-01	1869.91
2010-06-02	1890.29
2010-06-03	1934.99
2010-06-04	1871.98
2010-06-07	1835.66
2010-06-08	1847.08
2010-06-09	1897.02
2010-06-10	1928.52
2010-06-11	1930.91
2010-06-14	2007.12
2010-06-15	2057.9
2010-06-16	2054.86
2010-06-17	2045.54
2010-06-18	2061.57
2010-06-21	2151.58
2010-06-22	2122.35
2010-06-23	2085.85
2010-06-24	2065.25
2010-06-25	2027.48
2010-06-29	1893.52
2010-06-30	1884.28
2010-07-01	1840.0
2010-07-02	1892.12
2010-07-05	1932.27
2010-07-06	2022.16
2010-07-07	2004.89
2010-07-08	2002.11
2010-07-09	1983.26
2010-07-12	1974.77
2010-07-13	1993.79
2010-07-14	1973.87
2010-07-15	1955.57
2010-07-16	1946.35
2010-07-19	1933.68
2010-07-20	1926.53
2010-07-21	1959.16
2010-07-22	1996.96
2010-07-23	1987.3
2010-07-26	2000.55
2010-07-27	2024.91
2010-07-28	2023.72
2010-07-29	2093.85
2010-07-30	2086.18
2010-08-02	2162.2
2010-08-03	2146.05
2010-08-04	2125.36
2010-08-05	2120.32
2010-08-06	2101.73
2010-08-09	2121.63
2010-08-10	2075.98
2010-08-11	2008.38
2010-08-12	2009.85
2010-08-13	2021.01
2010-08-16	2022.2
2010-08-17	2056.99
2010-08-18	2066.64
2010-08-19	2051.97
2010-08-20	2017.97
2010-08-21	2041.31
2010-08-25	1977.0
2010-08-26	1996.24
2010-08-27	1994.14
2010-08-30	1995.47
2010-08-31	1979.53
2010-09-01	1995.19
2010-09-02	1994.13
2010-09-03	2011.03
2010-09-06	2015.49
2010-09-07	1996.68
2010-09-08	2014.25
2010-09-09	2017.22
2010-09-10	2006.75
2010-09-13	2018.72
2010-09-14	2012.28
2010-09-15	1990.76
2010-09-16	1975.55
2010-09-17	1980.78
2010-09-20	1989.0
2010-09-21	1997.66
2010-09-22	1988.65
2010-09-23	1977.82
2010-09-24	1993.24
2010-09-27	1988.52
2010-09-28	1980.11
2010-09-29	1970.34
2010-09-30	1957.03
2010-10-01	1945.97
2010-10-04	1875.74
2010-10-05	1862.84
2010-10-06	1881.93
2010-10-07	1896.59
2010-10-08	1884.12
2010-10-11	1888.8
2010-10-12	1884.69
2010-10-13	1889.88
2010-10-14	1847.97
2010-10-15	1838.86
2010-10-18	1815.7
2010-10-19	1790.46
2010-10-20	1817.0
2010-10-21	1847.01
2010-10-22	1832.92
2010-10-25	1854.99
2010-10-26	1852.43
2010-10-27	1827.6
2010-10-28	1839.73
2010-10-29	1869.54
2010-11-01	1875.6
2010-11-02	1881.35
2010-11-03	1910.9
2010-11-04	1982.47
2010-11-05	2036.11
2010-11-08	1972.89
2010-11-09	1986.49
2010-11-10	1987.12
2010-11-11	1985.05
2010-11-12	1985.96
2010-11-15	2026.33
2010-11-16	1991.64
2010-11-17	2016.46
2010-11-18	2074.42
2010-11-19	2058.47
2010-11-22	2080.93
2010-11-23	2041.94
2010-11-24	2063.44
2010-11-25	2103.39
2010-11-26	2098.15
2010-11-29	2096.68
2010-11-30	2104.92
2010-12-01	2155.84
2010-12-02	2175.4
2010-12-03	2180.44
2010-12-06	2180.31
2010-12-07	2194.62
2010-12-08	2202.59
2010-12-09	2235.96
2010-12-10	2246.77
2010-12-13	2283.78
2010-12-14	2339.5
2010-12-15	2336.56
2010-12-16	2316.52
2010-12-17	2303.17
2010-12-20	2299.71
2010-12-21	2306.14
2010-12-22	2302.05
2010-12-23	2356.36
2010-12-24	2406.91
2010-12-27	2413.98
2010-12-28	2422.67
2010-12-29	2429.74
2010-12-30	2430.49
2010-12-31	2443.7
2011-01-05	2493.16
2011-01-06	2553.67
2011-01-10	2560.39
2011-01-11	2596.07
2011-01-12	2634.44
2011-01-13	2601.66
2011-01-14	2569.79
2011-01-17	2605.12
2011-01-18	2646.59
2011-01-19	2633.9
2011-01-20	2608.23
2011-01-21	2644.7
2011-01-24	2645.13
2011-01-25	2660.55
2011-01-26	2658.58
2011-01-27	2662.35
2011-01-28	2641.82
2011-01-31	2632.73
2011-02-01	2688.42
2011-02-02	2756.55
2011-02-03	2774.6
2011-02-04	2796.4
2011-02-07	2819.95
2011-02-08	2821.9
2011-02-09	2827.54
2011-02-10	2757.09
2011-02-11	2788.38
2011-02-14	2841.95
2011-02-15	2832.94
2011-02-16	2857.46
2011-02-17	2888.0
2011-02-18	2889.3
2011-02-21	2893.81
2011-02-22	2868.95
2011-02-23	2831.14
2011-02-24	2699.61
2011-02-25	2824.93
2011-02-28	2890.16
2011-03-01	2859.79
2011-03-02	2815.86
2011-03-03	2834.39
2011-03-04	2833.7
2011-03-09	2797.21
2011-03-10	2733.83
2011-03-11	2683.27
2011-03-12	2636.07
2011-03-14	2602.09
2011-03-15	2519.02
2011-03-16	2559.26
2011-03-17	2605.25
2011-03-18	2671.63
2011-03-21	2800.12
2011-03-22	2782.09
2011-03-23	2813.22
2011-03-24	2876.33
2011-03-25	2889.93
2011-03-28	2844.36
2011-03-29	2791.34
2011-03-30	2831.27
2011-03-31	2812.83
2011-04-01	2844.51
2011-04-04	2853.38
2011-04-05	2815.18
2011-04-06	2809.42
2011-04-07	2793.62
2011-04-08	2779.61
2011-04-11	2754.99
2011-04-12	2668.24
2011-04-13	2736.89
2011-04-14	2737.03
2011-04-15	2768.48
2011-04-18	2669.86
2011-04-19	2694.43
2011-04-20	2728.17
2011-04-21	2690.12
2011-04-22	2708.32
2011-04-26	2692.77
2011-04-27	2719.42
2011-04-28	2745.0
2011-04-29	2753.09
2011-05-04	2702.63
2011-05-05	2648.7
2011-05-06	2649.55
2011-05-10	2620.4
2011-05-11	2562.85
2011-05-12	2506.37
2011-05-13	2486.02
2011-05-16	2519.29
2011-05-17	2532.63
2011-05-18	2555.85
2011-05-19	2565.18
2011-05-20	2561.9
2011-05-23	2485.52
2011-05-24	2531.09
2011-05-25	2524.17
2011-05-26	2502.85
2011-05-27	2488.12
2011-05-30	2499.46
2011-05-31	2513.25
2011-06-01	2480.27
2011-06-02	2435.17
2011-06-03	2402.03
2011-06-06	2388.89
2011-06-07	2405.47
2011-06-08	2362.89
2011-06-09	2406.79
2011-06-10	2382.42
2011-06-14	2394.96
2011-06-15	2390.0
2011-06-16	2364.88
2011-06-17	2346.34
2011-06-20	2352.33
2011-06-21	2369.95
2011-06-22	2367.79
2011-06-23	2306.06
2011-06-24	2268.65
2011-06-25	2262.56
2011-06-29	2290.57
2011-06-30	2311.87
2011-07-01	2331.55
2011-07-04	2326.7
2011-07-05	2314.09
2011-07-06	2307.09
2011-07-07	2348.31
2011-07-08	2339.84
2011-07-11	2303.04
2011-07-12	2298.53
2011-07-13	2339.14
2011-07-14	2335.31
2011-07-15	2302.4
2011-07-18	2289.01
2011-07-19	2338.36
2011-07-20	2328.74
2011-07-21	2354.45
2011-07-22	2353.48
2011-07-25	2354.69
2011-07-26	2340.77
2011-07-27	2321.31
2011-07-28	2327.58
2011-07-29	2315.06
2011-08-01	2319.19
2011-08-02	2316.77
2011-08-03	2268.52
2011-08-04	2207.44
2011-08-05	2128.78
2011-08-08	1952.59
2011-08-09	1920.73
2011-08-10	1789.29
2011-08-11	1751.17
2011-08-12	1822.98
2011-08-15	1890.37
2011-08-16	1853.98
2011-08-17	1831.09
2011-08-18	1738.36
2011-08-19	1634.46
2011-08-22	1699.87
2011-08-23	1696.64
2011-08-25	1647.52
2011-08-26	1605.19
2011-08-29	1728.38
2011-08-30	1698.79
2011-08-31	1743.82
2011-09-01	1713.39
2011-09-02	1641.51
2011-09-05	1548.8
2011-09-06	1549.94
2011-09-07	1604.47
2011-09-08	1591.21
2011-09-09	1519.22
2011-09-12	1445.08
2011-09-13	1485.92
2011-09-14	1486.21
2011-09-15	1500.37
2011-09-16	1488.38
2011-09-19	1470.72
2011-09-20	1479.7
2011-09-21	1490.73
2011-09-22	1430.1
2011-09-23	1400.44
2011-09-26	1388.21
2011-09-27	1437.09
2011-09-28	1431.14
2011-09-29	1472.3
2011-09-30	1442.73
2011-10-03	1401.88
2011-10-04	1318.08
2011-10-05	1326.09
2011-10-06	1316.61
2011-10-07	1335.65
2011-10-10	1354.68
2011-10-11	1320.14
2011-10-12	1327.45
2011-10-13	1308.88
2011-10-14	1332.25
2011-10-17	1300.84
2011-10-18	1275.39
2011-10-19	1278.81
2011-10-20	1277.9
2011-10-21	1319.26
2011-10-24	1387.61
2011-10-25	1376.23
2011-10-26	1380.74
2011-10-27	1500.04
2011-10-28	1513.74
2011-10-31	1448.89
2011-11-01	1386.84
2011-11-02	1425.96
2011-11-03	1448.1
2011-11-04	1449.03
2011-11-07	1460.42
2011-11-08	1498.2
2011-11-09	1455.48
2011-11-10	1496.53
2011-11-11	1603.98
2011-11-14	1598.72
2011-11-15	1596.88
2011-11-16	1591.17
2011-11-17	1568.66
2011-11-18	1573.82
2011-11-21	1479.0
2011-11-22	1488.43
2011-11-23	1487.16
2011-11-24	1528.17
2011-11-25	1521.26
2011-11-28	1562.6
2011-11-29	1545.78
2011-11-30	1582.23
2011-12-01	1591.73
2011-12-02	1606.34
2011-12-05	1622.93
2011-12-06	1590.45
2011-12-07	1586.04
2011-12-08	1593.37
2011-12-09	1587.21
2011-12-12	1552.37
2011-12-13	1547.23
2011-12-14	1497.31
2011-12-15	1473.93
2011-12-16	1481.79
2011-12-19	1456.29
2011-12-20	1458.78
2011-12-21	1457.64
2011-12-22	1466.62
2011-12-23	1461.02
2011-12-26	1465.94
2011-12-27	1449.78
2011-12-28	1424.87
2011-12-29	1430.55
2011-12-30	1458.87
2012-01-04	1476.74
2012-01-05	1456.41
2012-01-06	1455.52
2012-01-10	1478.15
2012-01-11	1447.33
2012-01-12	1430.75
2012-01-13	1402.56
2012-01-16	1379.15
2012-01-17	1392.16
2012-01-18	1397.8
2012-01-19	1437.42
2012-01-20	1438.48
2012-01-23	1448.96
2012-01-24	1422.94
2012-01-25	1426.75
2012-01-26	1465.34
2012-01-27	1471.56
2012-01-30	1482.35
2012-01-31	1514.35
2012-02-01	1563.26
2012-02-02	1541.1
2012-02-03	1555.36
2012-02-06	1544.6
2012-02-07	1547.51
2012-02-08	1557.31
2012-02-09	1540.27
2012-02-10	1494.53
2012-02-13	1513.04
2012-02-14	1513.18
2012-02-15	1522.07
2012-02-16	1507.66
2012-02-17	1507.75
2012-02-20	1515.07
2012-02-21	1507.88
2012-02-22	1486.42
2012-02-23	1492.08
2012-02-24	1508.56
2012-02-27	1486.65
2012-02-28	1473.91
2012-02-29	1474.12
2012-03-01	1469.93
2012-03-02	1462.72
2012-03-03	1459.92
2012-03-05	1443.64
2012-03-06	1406.58
2012-03-07	1411.89
2012-03-12	1412.56
2012-03-13	1419.7
2012-03-14	1437.95
2012-03-15	1409.95
2012-03-16	1388.12
2012-03-19	1376.83
2012-03-20	1350.49
2012-03-21	1346.85
2012-03-22	1334.93
2012-03-23	1377.45
2012-03-26	1403.29
2012-03-27	1409.82
2012-03-28	1401.35
2012-03-29	1398.16
2012-03-30	1421.93
2012-04-02	1428.25
2012-04-03	1422.42
2012-04-04	1390.26
2012-04-05	1409.25
2012-04-06	1409.27
2012-04-09	1410.11
2012-04-10	1394.87
2012-04-11	1410.93
2012-04-12	1405.08
2012-04-13	1401.76
2012-04-17	1416.05
2012-04-18	1412.27
2012-04-19	1412.96
2012-04-20	1423.83
2012-04-23	1398.12
2012-04-24	1396.2
2012-04-25	1394.86
2012-04-26	1397.75
2012-04-27	1392.14
2012-04-28	1399.14
2012-05-03	1374.04
2012-05-04	1349.43
2012-05-07	1311.18
2012-05-08	1275.61
2012-05-10	1220.54
2012-05-11	1224.18
2012-05-14	1134.37
2012-05-15	1119.3
2012-05-16	1147.09
2012-05-17	1119.58
2012-05-18	1118.31
2012-05-21	1143.94
2012-05-22	1128.14
2012-05-23	1080.29
2012-05-24	1065.82
2012-05-25	1065.02
2012-05-28	1062.07
2012-05-29	1082.94
2012-05-30	1048.87
2012-05-31	1033.47
2012-06-01	978.67
2012-06-05	932.22
2012-06-06	866.11
2012-06-07	828.57
2012-06-08	860.8
2012-06-11	902.56
2012-06-12	931.87
2012-06-13	926.47
2012-06-14	925.73
2012-06-15	956.05
2012-06-18	948.42
2012-06-19	943.27
2012-06-20	971.85
2012-06-21	971.97
2012-06-22	953.94
2012-06-25	942.71
2012-06-26	971.09
2012-06-27	967.0
2012-07-02	1035.13
2012-07-03	1144.19
2012-07-04	1107.43
2012-07-05	1090.85
2012-07-06	1068.28
2012-07-07	1113.98
2012-07-09	1109.0
2012-07-10	1136.03
2012-07-11	1124.56
2012-07-12	1107.93
2012-07-13	1130.01
2012-07-16	1152.72
2012-07-17	1139.64
2012-07-18	1116.23
2012-07-19	1099.85
2012-07-20	1087.91
2012-07-23	1010.33
2012-07-24	1014.8
2012-07-25	1020.12
2012-07-26	1076.4
2012-07-27	1083.42
2012-07-30	1086.2
2012-07-31	1061.23
2012-08-01	1064.4
2012-08-02	1073.44
2012-08-03	1078.93
2012-08-06	1094.49
2012-08-07	1095.02
2012-08-08	1076.44
2012-08-09	1066.97
2012-08-10	1069.58
2012-08-13	1078.41
2012-08-14	1080.99
2012-08-15	1073.76
2012-08-16	1076.89
2012-08-17	1078.45
2012-08-20	1077.64
2012-08-21	1086.59
2012-08-22	1071.81
2012-08-23	1055.03
2012-08-27	1044.44
2012-08-28	1015.36
2012-08-29	1002.25
2012-08-30	986.08
2012-08-31	994.58
2012-09-03	986.94
2012-09-04	966.32
2012-09-05	952.27
2012-09-06	970.78
2012-09-07	979.38
2012-09-10	1014.41
2012-09-11	1021.18
2012-09-12	1039.32
2012-09-13	1009.71
2012-09-14	1099.7
2012-09-17	1093.21
2012-09-18	1066.94
2012-09-19	1056.49
2012-09-20	1047.44
2012-09-21	1068.02
2012-09-24	1056.94
2012-09-25	1048.26
2012-09-26	1006.32
2012-09-27	1001.93
2012-09-28	1007.86
2012-10-01	1021.66
2012-10-02	987.86
2012-10-03	969.08
2012-10-04	949.72
2012-10-05	957.06
2012-10-08	946.24
2012-10-09	943.87
2012-10-10	932.6
2012-10-11	928.88
2012-10-12	878.35
2012-10-15	854.24
2012-10-16	884.41
2012-10-17	882.6
2012-10-18	848.04
2012-10-19	832.3
2012-10-22	826.12
2012-10-23	827.28
2012-10-24	810.31
2012-10-25	781.79
2012-10-26	824.05
2012-10-29	875.15
2012-10-30	875.04
2012-10-31	885.62
2012-11-01	860.99
2012-11-02	845.16
2012-11-05	845.66
2012-11-06	853.8
2012-11-07	851.49
2012-11-08	828.97
2012-11-09	819.43
2012-11-12	850.21
2012-11-13	830.53
2012-11-14	833.19
2012-11-15	837.15
2012-11-16	846.92
2012-11-19	856.74
2012-11-20	849.17
2012-11-21	862.26
2012-11-22	869.7
2012-11-23	865.8
2012-11-26	883.11
2012-11-27	869.07
2012-11-28	879.09
2012-11-29	881.21
2012-11-30	863.81
2012-12-03	866.86
2012-12-04	892.58
2012-12-05	904.81
2012-12-06	920.03
2012-12-07	925.32
2012-12-10	919.16
2012-12-11	930.73
2012-12-12	911.74
2012-12-13	936.53
2012-12-14	922.18
2012-12-17	908.36
2012-12-18	921.93
2012-12-19	943.78
2012-12-20	946.34
2012-12-21	939.62
2012-12-24	936.1
2012-12-25	947.38
2012-12-26	951.4
2012-12-27	958.18
2012-12-28	950.56
2013-01-03	973.58
2013-01-04	968.91
2013-01-08	961.62
2013-01-09	965.8
2013-01-10	954.2
2013-01-11	939.81
2013-01-14	948.53
2013-01-15	921.57
2013-01-16	884.93
2013-01-17	888.78
2013-01-18	896.57
2013-01-21	905.04
2013-01-22	886.35
2013-01-23	906.79
2013-01-24	906.37
2013-01-25	920.31
2013-01-28	951.26
2013-01-29	978.33
2013-01-30	974.39
2013-01-31	973.25
2013-02-01	1002.17
2013-02-04	981.56
2013-02-05	1047.39
2013-02-06	1034.58
2013-02-07	1011.56
2013-02-08	1003.75
2013-02-11	1028.03
2013-02-12	1016.17
2013-02-13	1003.59
2013-02-14	991.31
2013-02-15	990.67
2013-02-18	994.96
2013-02-19	1031.4
2013-02-20	1042.72
2013-02-21	1028.01
2013-02-22	1029.4
2013-02-25	1038.4
2013-02-26	1024.18
2013-02-27	1021.08
2013-02-28	1030.76
2013-03-01	1033.96
2013-03-04	1029.15
2013-03-05	1027.0
2013-03-06	1026.12
2013-03-07	1028.11
2013-03-11	1011.14
2013-03-12	1000.91
2013-03-13	984.94
2013-03-14	992.46
2013-03-15	982.02
2013-03-18	959.85
2013-03-19	961.63
2013-03-20	960.2
2013-03-21	951.72
2013-03-22	934.1
2013-03-25	912.82
2013-03-26	908.33
2013-03-27	894.9
2013-03-28	915.4
2013-03-29	903.42
2013-04-01	842.69
2013-04-02	817.53
2013-04-03	809.77
2013-04-04	826.88
2013-04-05	813.84
2013-04-08	823.9
2013-04-09	824.41
2013-04-10	819.63
2013-04-11	819.47
2013-04-12	820.97
2013-04-15	805.17
2013-04-16	802.15
2013-04-17	797.06
2013-04-18	801.21
2013-04-19	816.54
2013-04-22	819.05
2013-04-23	822.27
2013-04-24	827.62
2013-04-25	822.72
2013-04-26	806.29
2013-04-29	814.66
2013-04-30	826.12
2013-05-07	831.48
2013-05-08	824.19
2013-05-13	822.16
2013-05-14	818.29
2013-05-15	814.38
2013-05-16	817.26
2013-05-17	828.85
2013-05-20	857.0
2013-05-21	851.43
2013-05-22	871.72
2013-05-23	849.95
2013-05-24	852.95
2013-05-27	851.88
2013-05-28	872.26
2013-05-29	864.28
2013-05-30	866.84
2013-05-31	866.89
2013-06-03	859.11
2013-06-04	856.1
2013-06-05	850.74
2013-06-06	847.23
2013-06-07	855.69
2013-06-10	856.85
2013-06-11	850.09
2013-06-12	850.61
2013-06-13	853.13
2013-06-14	867.2
2013-06-17	872.07
2013-06-18	872.48
2013-06-19	871.44
2013-06-20	858.67
2013-06-21	855.73
2013-06-25	858.81
2013-06-26	859.66
2013-06-27	866.47
2013-07-01	867.89
2013-07-02	862.47
2013-07-03	854.61
2013-07-04	855.38
2013-07-05	856.76
2013-07-08	850.14
2013-07-09	860.68
2013-07-10	857.87
2013-07-11	867.6
2013-07-12	882.09
2013-07-15	871.28
2013-07-16	869.68
2013-07-17	872.27
2013-07-18	867.68
2013-07-19	865.28
2013-07-22	862.23
2013-07-23	862.05
2013-07-24	864.5
2013-07-25	875.42
2013-07-26	882.76
2013-07-29	885.76
2013-07-30	889.76
2013-07-31	889.83
2013-08-01	889.31
2013-08-02	886.3
2013-08-05	880.14
2013-08-06	884.33
2013-08-07	880.9
2013-08-08	880.65
2013-08-09	883.71
2013-08-12	887.76
2013-08-13	884.38
2013-08-14	889.36
2013-08-15	876.37
2013-08-16	874.83
2013-08-19	871.55
2013-08-20	869.36
2013-08-21	860.78
2013-08-22	863.64
2013-08-23	865.42
2013-08-27	848.83
2013-08-28	844.97
2013-08-29	841.54
2013-08-30	839.79
2013-09-02	830.73
2013-09-03	823.36
2013-09-04	829.56
2013-09-05	826.35
2013-09-06	828.29
2013-09-09	836.17
2013-09-10	849.62
2013-09-11	847.1
2013-09-12	841.35
2013-09-13	830.8
2013-09-16	822.93
2013-09-17	824.98
2013-09-18	838.75
2013-09-19	843.95
2013-09-20	842.01
2013-09-23	828.18
2013-09-24	812.32
2013-09-25	812.27
2013-09-26	830.39
2013-09-27	850.49
2013-09-30	847.9
2013-10-01	838.54
2013-10-02	847.24
2013-10-03	854.35
2013-10-04	846.97
2013-10-07	840.28
2013-10-08	839.57
2013-10-09	844.91
2013-10-14	839.86
2013-10-15	850.67
2013-10-16	854.88
2013-10-17	861.08
2013-10-18	864.18
2013-10-21	854.25
2013-10-22	864.44
2013-10-23	878.33
2013-10-24	890.96
2013-10-25	883.02
2013-10-28	871.13
2013-10-29	868.88
2013-10-30	860.25
2013-10-31	867.3
2013-11-01	862.22
2013-11-04	858.04
2013-11-05	869.51
2013-11-06	871.89
2013-11-07	872.46
2013-11-08	872.02
2013-11-11	869.97
2013-11-12	881.51
2013-11-13	887.07
2013-11-14	900.0
2013-11-15	907.29
2013-11-18	919.57
2013-11-19	915.48
2013-11-20	915.55
2013-11-21	912.96
2013-11-22	922.63
2013-11-25	939.34
2013-11-26	935.58
2013-11-27	927.23
2013-11-28	918.67
2013-11-29	906.54
2013-12-02	902.77
2013-12-03	888.19
2013-12-04	881.77
2013-12-05	896.1
2013-12-06	896.34
2013-12-09	892.46
2013-12-10	885.54
2013-12-11	888.38
2013-12-12	890.22
2013-12-13	890.4
2013-12-16	892.72
2013-12-17	893.24
2013-12-18	916.37
2013-12-19	910.02
2013-12-20	904.37
2013-12-23	898.15
2013-12-24	895.09
2013-12-25	884.72
2013-12-26	891.4
2013-12-27	901.42
2013-12-30	910.04
2014-01-08	900.98
2014-01-09	880.05
2014-01-10	895.68
2014-01-13	909.04
2014-01-14	907.44
2014-01-15	905.67
2014-01-16	914.42
2014-01-17	920.57
2014-01-20	895.02
2014-01-21	886.89
2014-01-22	863.82
2014-01-23	866.81
2014-01-24	849.06
2014-01-27	864.51
2014-01-28	872.31
2014-01-29	880.63
2014-01-30	887.49
2014-01-31	889.65
2014-02-03	882.6
2014-02-04	883.51
2014-02-05	893.14
2014-02-06	897.09
2014-02-07	900.39
2014-02-10	895.16
2014-02-11	905.49
2014-02-12	921.95
2014-02-13	927.76
2014-02-14	927.37
2014-02-17	928.94
2014-02-18	889.71
2014-02-19	871.58
2014-02-20	905.23
2014-02-21	933.91
2014-02-24	1075.97
2014-02-25	1092.3
2014-02-26	1120.64
2014-02-27	1129.08
2014-02-28	1119.23
2014-03-03	987.96
2014-03-04	1082.12
2014-03-05	1090.16
2014-03-06	1080.6
2014-03-07	1080.7
2014-03-11	1055.12
2014-03-12	1030.35
2014-03-13	1001.79
2014-03-14	1003.58
2014-03-17	994.25
2014-03-18	1018.34
2014-03-19	1006.77
2014-03-20	1004.4
2014-03-21	1027.29
2014-03-24	1035.49
2014-03-25	1013.47
2014-03-26	1011.56
2014-03-27	1005.34
2014-03-28	992.41
2014-03-31	1019.72
2014-04-01	1077.76
2014-04-02	1076.21
2014-04-03	1064.35
2014-04-04	1081.83
2014-04-07	1056.3
2014-04-08	1086.29
2014-04-09	1098.41
2014-04-10	1131.52
2014-04-11	1163.54
2014-04-14	1119.49
2014-04-15	1114.12
2014-04-16	1086.27
2014-04-17	1093.2
2014-04-18	1105.65
2014-04-22	1128.88
2014-04-23	1142.33
2014-04-24	1127.61
2014-04-25	1124.97
2014-04-28	1122.47
2014-04-29	1113.62
2014-04-30	1103.28
2014-05-05	1060.43
2014-05-06	1074.78
2014-05-07	1097.14
2014-05-08	1101.91
2014-05-12	1087.9
2014-05-13	1052.63
2014-05-14	1063.5
2014-05-15	1073.93
2014-05-16	1081.28
2014-05-19	1118.18
2014-05-20	1120.3
2014-05-21	1123.47
2014-05-22	1131.57
2014-05-23	1176.25
2014-05-26	1230.43
2014-05-27	1218.58
2014-05-28	1214.36
2014-05-29	1237.14
2014-05-30	1220.89
2014-06-02	1233.86
2014-06-03	1209.82
2014-06-04	1197.02
2014-06-05	1208.71
2014-06-06	1238.13
2014-06-10	1242.1
2014-06-11	1231.84
2014-06-12	1242.14
2014-06-13	1235.59
2014-06-16	1222.57
2014-06-17	1204.87
2014-06-18	1219.39
2014-06-19	1226.98
2014-06-20	1215.59
2014-06-23	1226.24
2014-06-24	1233.69
2014-06-25	1232.55
2014-06-26	1234.07
2014-06-27	1226.69
2014-07-01	1224.27
2014-07-02	1220.67
2014-07-03	1212.0
2014-07-04	1193.58
2014-07-07	1214.38
2014-07-08	1210.14
2014-07-09	1225.83
2014-07-10	1251.84
2014-07-11	1257.79
2014-07-14	1252.2
2014-07-15	1254.69
2014-07-16	1242.79
2014-07-17	1224.28
2014-07-18	1228.18
2014-07-21	1262.22
2014-07-22	1257.58
2014-07-23	1279.31
2014-07-24	1280.4
2014-07-25	1305.87
2014-07-28	1344.97
2014-07-29	1337.36
2014-07-30	1348.16
2014-07-31	1322.84
2014-08-01	1318.36
2014-08-04	1315.63
2014-08-05	1292.62
2014-08-06	1282.49
2014-08-07	1265.63
2014-08-08	1266.55
2014-08-11	1261.22
2014-08-12	1268.53
2014-08-13	1231.73
2014-08-14	1250.32
2014-08-15	1264.7
2014-08-18	1263.4
2014-08-19	1273.27
2014-08-20	1279.06
2014-08-21	1251.04
2014-08-22	1240.95
2014-08-26	1227.35
2014-08-27	1252.69
2014-08-28	1174.97
2014-08-29	1181.1
2014-09-01	1187.13
2014-09-02	1168.2
2014-09-03	1179.91
2014-09-04	1177.83
2014-09-05	1161.55
2014-09-08	1146.44
2014-09-09	1093.07
2014-09-10	1123.53
2014-09-11	1111.75
2014-09-12	1125.73
2014-09-15	1060.7
2014-09-16	1086.94
2014-09-17	1057.4
2014-09-18	1044.21
2014-09-19	1044.33
2014-09-22	1078.32
2014-09-23	1085.35
2014-09-24	1084.71
2014-09-25	1089.29
2014-09-26	1090.5
2014-09-29	1073.37
2014-09-30	1077.15
2014-10-01	1097.62
2014-10-02	1089.79
2014-10-03	1075.59
2014-10-06	1074.6
2014-10-07	1062.69
2014-10-08	1055.28
2014-10-09	1051.57
2014-10-10	1070.86
2014-10-13	1124.21
2014-10-14	1135.69
2014-10-15	1133.78
2014-10-16	1121.22
2014-10-17	1109.24
2014-10-20	1101.45
2014-10-21	1095.49
2014-10-22	1091.31
2014-10-23	1107.1
2014-10-24	1115.77
2014-10-27	1126.66
2014-10-28	1137.45
2014-10-29	1104.98
2014-10-30	1105.96
2014-10-31	1114.38
2014-11-03	1090.85
2014-11-04	1090.97
2014-11-05	1106.15
2014-11-06	1097.47
2014-11-07	1090.66
2014-11-10	1072.24
2014-11-11	991.28
2014-11-12	976.73
2014-11-13	960.78
2014-11-14	989.52
2014-11-17	963.07
2014-11-18	981.05
2014-11-19	993.12
2014-11-20	986.42
2014-11-21	982.45
2014-11-24	988.5
2014-11-25	988.34
2014-11-26	987.03
2014-11-27	973.65
2014-11-28	971.77
2014-12-01	989.12
2014-12-02	998.35
2014-12-03	1008.23
2014-12-04	1005.81
2014-12-05	990.03
2014-12-08	978.88
2014-12-09	958.97
2014-12-10	932.24
2014-12-11	943.18
2014-12-12	934.86
2014-12-15	963.97
2014-12-16	971.3
2014-12-17	1000.16
2014-12-18	1003.23
2014-12-19	1002.38
2014-12-22	1011.54
2014-12-23	994.98
2014-12-24	993.92
2014-12-25	1000.63
2014-12-26	995.15
2014-12-29	1005.09
2014-12-30	1033.3
2015-01-06	1042.38
2015-01-12	1059.42
2015-01-13	1071.65
2015-01-14	1057.93
2015-01-15	1053.89
2015-01-16	1050.28
2015-01-19	1028.92
2015-01-20	1042.36
2015-01-21	1040.82
2015-01-22	1023.13
2015-01-23	1019.28
2015-01-26	1007.54
2015-01-27	996.71
2015-01-28	996.94
2015-01-29	988.74
2015-01-30	991.42
2015-02-02	976.34
2015-02-03	980.67
2015-02-04	993.79
2015-02-05	1017.77
2015-02-06	1055.68
2015-02-09	1034.53
2015-02-10	1036.32
2015-02-11	1041.57
2015-02-12	1105.93
2015-02-13	1107.41
2015-02-16	1106.55
2015-02-17	1070.39
2015-02-18	1114.54
2015-02-19	1082.08
2015-02-20	1098.93
2015-02-23	1091.52
2015-02-24	1103.1
2015-02-25	1117.04
2015-02-26	1119.63
2015-02-27	1124.88
2015-03-02	1135.93
2015-03-03	1114.56
2015-03-04	1102.21
2015-03-05	1100.25
2015-03-06	1107.31
2015-03-10	1087.87
2015-03-11	1092.97
2015-03-12	1089.53
2015-03-13	1073.19
2015-03-16	1080.37
2015-03-17	1088.78
2015-03-18	1079.73
2015-03-19	1061.4
2015-03-20	1051.45
2015-03-23	1051.52
2015-03-24	1054.36
2015-03-25	1047.13
2015-03-26	1027.24
2015-03-27	1007.91
2015-03-30	1017.28
2015-03-31	1022.82
2015-04-01	1035.97
2015-04-02	1048.68
2015-04-03	1045.25
2015-04-06	1036.77
2015-04-07	1037.85
2015-04-08	1032.81
2015-04-09	1024.48
2015-04-10	1016.28
2015-04-14	1016.4
2015-04-15	1021.65
2015-04-16	1022.2
2015-04-17	1014.95
2015-04-20	1011.64
2015-04-21	1007.11
2015-04-22	1020.5
2015-04-23	1036.46
2015-04-24	1065.38
2015-04-27	1068.25
2015-04-28	1059.29
2015-04-29	1085.0
2015-04-30	1077.6
2015-05-05	1084.71
2015-05-06	1077.02
2015-05-07	1069.96
2015-05-08	1068.82
2015-05-12	1053.7
2015-05-13	1066.31
2015-05-14	1063.78
2015-05-15	1062.95
2015-05-18	1045.5
2015-05-19	1030.43
2015-05-20	1036.05
2015-05-21	1024.34
2015-05-22	1026.67
2015-05-25	1021.17
2015-05-26	997.63
2015-05-27	996.56
2015-05-28	1007.84
2015-05-29	1011.22
2015-06-02	1022.05
2015-06-03	1019.89
2015-06-04	988.52
2015-06-05	992.13
2015-06-08	1009.71
2015-06-09	1017.41
2015-06-10	1021.68
2015-06-11	1025.33
2015-06-12	1009.89
2015-06-15	1023.07
2015-06-16	1028.46
2015-06-17	1024.64
2015-06-18	1024.23
2015-06-19	1007.1
2015-06-22	1028.52
2015-06-23	1026.35
2015-06-24	1017.8
2015-06-25	1020.02
2015-06-26	1024.62
2015-06-30	1026.16
2015-07-01	1013.07
2015-07-02	1014.99
2015-07-03	1015.48
2015-07-06	1015.25
2015-07-07	998.38
2015-07-08	993.27
2015-07-09	1005.05
2015-07-10	998.49
2015-07-13	1007.9
2015-07-14	999.79
2015-07-15	996.19
2015-07-16	998.09
2015-07-17	981.57
2015-07-20	979.04
2015-07-21	977.29
2015-07-22	970.34
2015-07-23	977.67
2015-07-24	983.47
2015-07-27	958.95
2015-07-28	975.96
2015-07-29	974.63
2015-07-30	970.93
2015-07-31	975.72
2015-08-03	972.95
2015-08-04	968.95
2015-08-05	971.13
2015-08-06	965.81
2015-08-07	964.41
2015-08-10	969.44
2015-08-11	983.24
2015-08-12	980.57
2015-08-13	976.7
2015-08-14	990.6
2015-08-17	982.96
2015-08-18	984.82
2015-08-19	976.53
2015-08-20	975.42
2015-08-21	976.8
2015-08-25	962.63
2015-08-26	963.29
2015-08-27	972.08
2015-08-28	980.35
2015-08-31	979.78
2015-09-01	972.39
2015-09-02	974.9
2015-09-03	978.56
2015-09-04	980.86
2015-09-07	988.93
2015-09-08	986.22
2015-09-09	989.86
2015-09-10	992.1
2015-09-11	988.61
2015-09-14	984.18
2015-09-15	967.98
2015-09-16	962.86
2015-09-17	960.71
2015-09-18	950.06
2015-09-21	945.0
2015-09-22	907.95
2015-09-23	914.35
2015-09-24	884.12
2015-09-25	883.77
2015-09-28	858.49
2015-09-29	852.22
2015-09-30	872.35
2015-10-01	871.67
2015-10-02	880.28
2015-10-05	881.83
2015-10-06	849.91
2015-10-07	835.43
2015-10-08	837.37
2015-10-09	843.48
2015-10-12	848.16
2015-10-13	844.23
2015-10-15	836.57
2015-10-16	804.99
2015-10-19	809.5
2015-10-20	794.34
2015-10-21	810.48
2015-10-22	777.79
2015-10-23	777.11
2015-10-26	774.4
2015-10-27	806.56
2015-10-28	793.61
2015-10-29	798.01
2015-10-30	793.19
2015-11-02	785.88
2015-11-03	787.34
2015-11-04	790.27
2015-11-05	774.48
2015-11-06	765.17
2015-11-09	740.75
2015-11-10	752.38
2015-11-11	739.19
2015-11-12	735.32
2015-11-13	739.04
2015-11-16	717.71
2015-11-17	719.47
2015-11-18	670.72
2015-11-19	685.31
2015-11-20	702.35
2015-11-23	714.26
2015-11-24	723.45
2015-11-25	739.36
2015-11-26	725.1
2015-11-27	714.41
2015-11-30	716.19
2015-12-01	708.22
2015-12-02	705.44
2015-12-03	711.46
2015-12-04	696.68
2015-12-07	700.07
2015-12-08	700.19
2015-12-09	702.27
2015-12-10	704.57
2015-12-11	694.89
2015-12-14	677.95
2015-12-15	688.03
2015-12-16	680.29
2015-12-17	683.76
2015-12-18	670.67
2015-12-21	660.1
2015-12-22	664.9
2015-12-23	672.11
2015-12-24	676.4
2015-12-25	665.84
2015-12-28	666.7
2015-12-29	667.25
2015-12-30	685.86
2016-01-05	682.31
2016-01-06	678.03
2016-01-11	662.13
2016-01-12	661.87
2016-01-13	681.1
2016-01-14	680.06
2016-01-15	659.93
2016-01-18	657.9
2016-01-19	649.0
2016-01-20	650.13
2016-01-21	656.68
2016-01-22	659.5
2016-01-25	658.99
2016-01-26	652.47
2016-01-27	638.62
2016-01-28	632.44
2016-01-29	651.95
2016-02-01	639.45
2016-02-02	642.65
2016-02-03	637.82
2016-02-04	630.17
2016-02-05	626.97
2016-02-08	626.75
2016-02-09	625.43
2016-02-10	620.41
2016-02-11	619.17
2016-02-12	622.57
2016-02-15	625.62
2016-02-16	619.25
2016-02-17	615.46
2016-02-18	628.27
2016-02-19	633.53
2016-02-22	626.78
2016-02-23	630.98
2016-02-24	631.64
2016-02-25	633.54
2016-02-26	629.99
2016-02-29	630.93
2016-03-01	629.44
2016-03-02	618.37
2016-03-03	622.76
2016-03-04	607.8
2016-03-09	628.54
2016-03-10	676.87
2016-03-11	674.35
2016-03-14	648.47
2016-03-15	655.07
2016-03-16	646.62
2016-03-17	633.07
2016-03-18	633.52
2016-03-21	617.4
2016-03-22	602.26
2016-03-23	578.37
2016-03-24	532.13
2016-03-25	547.07
2016-03-28	555.33
2016-03-29	540.79
2016-03-30	540.71
2016-03-31	546.67
2016-04-01	556.59
2016-04-04	557.75
2016-04-05	563.47
2016-04-06	577.44
2016-04-07	571.39
2016-04-08	580.96
2016-04-11	585.34
2016-04-12	593.51
2016-04-13	588.08
2016-04-14	600.27
2016-04-15	605.38
2016-04-18	607.16
2016-04-19	604.52
2016-04-20	610.03
2016-04-21	603.21
2016-04-22	612.24
2016-04-25	621.77
2016-04-26	621.85
2016-04-27	643.67
2016-04-28	638.63
2016-04-29	626.99
2016-05-04	634.26
2016-05-05	642.13
2016-05-06	640.11
2016-05-10	639.67
2016-05-11	641.63
2016-05-12	638.43
2016-05-13	641.88
2016-05-16	644.8
2016-05-17	635.44
2016-05-18	644.75
2016-05-19	648.25
2016-05-20	647.81
2016-05-23	635.38
2016-05-24	613.67
2016-05-25	614.56
2016-05-26	622.61
2016-05-27	623.5
2016-05-30	624.13
2016-05-31	625.7
2016-06-01	625.12
2016-06-02	641.19
2016-06-03	658.64
2016-06-06	662.24
2016-06-07	665.01
2016-06-08	664.06
2016-06-09	666.72
2016-06-10	658.06
2016-06-13	661.74
2016-06-14	673.18
2016-06-15	667.95
2016-06-16	660.21
2016-06-17	665.46
2016-06-21	670.08
2016-06-22	664.53
2016-06-23	661.69
2016-06-24	658.66
2016-06-29	658.35
2016-06-30	674.57
2016-07-01	688.65
2016-07-04	730.82
2016-07-05	720.66
2016-07-06	699.3
2016-07-07	704.42
2016-07-08	699.19
2016-07-11	708.81
2016-07-12	717.34
2016-07-13	714.99
2016-07-14	711.8
2016-07-15	718.13
2016-07-18	713.94
2016-07-19	714.09
2016-07-20	713.46
2016-07-21	716.19
2016-07-22	711.6
2016-07-25	720.74
2016-07-26	718.57
2016-07-27	721.07
2016-07-28	724.98
2016-07-29	716.96
2016-08-01	711.36
2016-08-02	710.52
2016-08-03	707.97
2016-08-04	696.34
2016-08-05	700.61
2016-08-08	700.98
2016-08-09	705.72
2016-08-10	697.05
2016-08-11	696.28
2016-08-12	693.03
2016-08-15	687.85
2016-08-16	688.73
2016-08-17	692.55
2016-08-18	698.4
2016-08-19	699.21
2016-08-22	693.53
2016-08-23	692.33
2016-08-25	687.95
2016-08-26	695.23
2016-08-29	702.37
2016-08-30	707.13
2016-08-31	710.95
2016-09-01	714.74
2016-09-02	724.58
2016-09-05	728.02
2016-09-06	744.71
2016-09-07	765.73
2016-09-08	751.79
2016-09-09	738.21
2016-09-12	738.49
2016-09-13	761.11
2016-09-14	764.37
2016-09-15	762.66
2016-09-16	769.16
2016-09-19	777.12
2016-09-20	783.64
2016-09-21	803.91
2016-09-22	801.81
2016-09-23	814.21
2016-09-26	829.92
2016-09-27	817.37
2016-09-28	833.12
2016-09-29	831.3
2016-09-30	810.13
2016-10-03	813.63
2016-10-04	832.32
2016-10-05	828.02
2016-10-06	839.56
2016-10-07	839.55
2016-10-10	854.85
2016-10-11	845.34
2016-10-12	840.76
2016-10-13	841.3
2016-10-17	839.52
2016-10-18	843.45
2016-10-19	838.81
2016-10-20	835.05
2016-10-21	829.06
2016-10-24	812.83
2016-10-25	837.3
2016-10-26	825.35
2016-10-27	828.42
2016-10-28	839.08
2016-10-31	848.43
2016-11-01	843.65
2016-11-02	829.79
2016-11-03	832.36
2016-11-04	836.3
2016-11-07	834.42
2016-11-08	843.46
2016-11-09	837.46
2016-11-10	848.04
2016-11-11	837.63
2016-11-14	811.69
2016-11-15	791.11
2016-11-16	804.64
2016-11-17	797.93
2016-11-18	805.29
2016-11-21	803.49
2016-11-22	803.54
2016-11-23	806.91
2016-11-24	803.83
2016-11-25	799.13
2016-11-28	797.1
2016-11-29	799.06
2016-11-30	808.19
2016-12-01	804.35
2016-12-02	808.51
2016-12-05	811.35
2016-12-06	802.61
2016-12-07	802.65
2016-12-08	801.21
2016-12-09	793.17
2016-12-12	780.42
2016-12-13	778.55
2016-12-14	777.63
2016-12-15	770.0
2016-12-16	762.38
2016-12-19	763.43
2016-12-20	762.59
2016-12-21	781.35
2016-12-22	781.87
2016-12-23	785.4
2016-12-26	791.94
2016-12-27	787.27
2016-12-28	788.34
2016-12-29	795.84
2017-01-04	797.22
2017-01-05	794.89
2017-01-06	793.92
2017-01-10	801.47
2017-01-11	807.63
2017-01-12	828.75
2017-01-13	825.45
2017-01-16	821.19
2017-01-17	848.75
2017-01-18	857.39
2017-01-19	860.84
2017-01-20	863.3
2017-01-23	861.53
2017-01-24	856.24
2017-01-25	856.7
2017-01-26	861.0
2017-01-27	859.91
2017-01-30	865.19
2017-01-31	869.11
2017-02-01	865.93
2017-02-02	860.04
2017-02-03	864.77
2017-02-06	867.91
2017-02-07	861.11
2017-02-08	868.79
2017-02-09	900.88
2017-02-10	902.31
2017-02-13	942.57
2017-02-14	932.55
2017-02-15	941.64
2017-02-16	918.86
2017-02-17	920.79
2017-02-20	917.04
2017-02-21	921.02
2017-02-22	918.8
2017-02-23	933.8
2017-02-24	932.44
2017-02-27	939.97
2017-02-28	938.23
2017-03-01	963.1
2017-03-02	947.57
2017-03-03	956.25
2017-03-06	960.88
2017-03-07	947.01
2017-03-09	942.64
2017-03-10	941.18
2017-03-13	925.24
2017-03-14	932.77
2017-03-15	930.65
2017-03-16	935.38
2017-03-17	935.34
2017-03-20	937.79
2017-03-21	934.23
2017-03-22	929.85
2017-03-23	949.87
2017-03-24	968.22
2017-03-27	973.53
2017-03-28	1005.43
2017-03-29	1005.68
2017-03-30	1030.61
2017-03-31	1042.06
2017-04-03	1065.88
2017-04-04	1069.71
2017-04-05	1065.61
2017-04-06	1075.84
2017-04-07	1072.7
2017-04-10	1079.89
2017-04-11	1062.34
2017-04-12	1045.28
2017-04-13	1027.42
2017-04-14	1038.86
2017-04-18	1039.9
2017-04-19	1046.47
2017-04-20	1036.86
2017-04-21	1026.23
2017-04-24	1032.33
2017-04-25	1019.91
2017-04-26	995.49
2017-04-27	1011.41
2017-04-28	1021.91
2017-05-03	1021.59
2017-05-04	1026.61
2017-05-05	1020.16
2017-05-10	1008.54
2017-05-11	999.71
2017-05-12	1008.53
2017-05-15	993.88
2017-05-16	930.9
2017-05-17	929.55
2017-05-18	930.79
2017-05-19	930.05
2017-05-22	930.85
2017-05-23	936.25
2017-05-24	936.5
2017-05-25	934.81
2017-05-26	946.55
2017-05-29	967.26
2017-05-30	989.63
2017-05-31	1004.4
2017-06-01	1001.55
2017-06-02	1003.59
2017-06-06	1001.18
2017-06-07	1007.32
2017-06-08	1016.29
2017-06-09	1020.89
2017-06-12	1025.58
2017-06-13	1037.67
2017-06-14	1037.36
2017-06-15	1027.09
2017-06-16	1026.26
2017-06-19	1038.3
2017-06-20	1036.76
2017-06-21	1040.28
2017-06-22	1056.51
2017-06-23	1056.5
2017-06-26	1070.21
2017-06-27	1047.78
2017-07-03	1039.69
2017-07-04	1023.29
2017-07-05	1044.99
2017-07-06	1040.2
2017-07-07	1038.67
2017-07-10	1051.48
2017-07-11	1057.67
2017-07-12	1054.2
2017-07-13	1044.77
2017-07-14	1040.36
2017-07-17	1040.08
2017-07-18	1058.69
2017-07-19	1078.46
2017-07-20	1085.31
2017-07-21	1081.43
2017-07-24	1089.89
2017-07-25	1091.23
2017-07-26	1092.16
2017-07-27	1088.03
2017-07-28	1121.94
2017-07-31	1118.56
2017-08-01	1135.23
2017-08-02	1136.76
2017-08-03	1143.16
2017-08-04	1139.51
2017-08-07	1141.29
2017-08-08	1142.11
2017-08-09	1133.34
2017-08-10	1134.61
2017-08-11	1128.35
2017-08-14	1131.71
2017-08-15	1128.73
2017-08-16	1120.16
2017-08-17	1123.61
2017-08-18	1125.89
2017-08-21	1125.32
2017-08-22	1132.04
2017-08-23	1129.92
2017-08-28	1132.33
2017-08-29	1120.55
2017-08-30	1121.04
2017-08-31	1129.58
2017-09-01	1136.04
2017-09-04	1133.56
2017-09-05	1129.36
2017-09-06	1132.0
2017-09-07	1137.57
2017-09-08	1136.47
2017-09-11	1133.2
2017-09-12	1139.36
2017-09-13	1136.13
2017-09-14	1127.6
2017-09-15	1124.86
2017-09-18	1126.36
2017-09-19	1130.23
2017-09-20	1134.58
2017-09-21	1137.18
2017-09-22	1131.4
2017-09-25	1120.91
2017-09-26	1140.44
2017-09-27	1156.88
2017-09-28	1174.8
2017-09-29	1185.31
2017-10-02	1219.36
2017-10-03	1235.2
2017-10-04	1205.74
2017-10-05	1220.36
2017-10-06	1218.32
2017-10-09	1211.82
2017-10-10	1208.38
2017-10-11	1212.88
2017-10-12	1211.9
2017-10-13	1218.78
2017-10-17	1215.75
2017-10-18	1230.27
2017-10-19	1232.87
2017-10-20	1235.04
2017-10-23	1244.9
2017-10-24	1242.53
2017-10-25	1249.05
2017-10-26	1251.87
2017-10-27	1255.8
2017-10-30	1260.26
2017-10-31	1275.51
2017-11-01	1265.39
2017-11-02	1248.83
2017-11-03	1255.34
2017-11-06	1246.39
2017-11-07	1246.62
2017-11-08	1260.55
2017-11-09	1259.45
2017-11-10	1269.82
2017-11-13	1270.44
2017-11-14	1264.47
2017-11-15	1261.62
2017-11-16	1269.21
2017-11-17	1283.69
2017-11-20	1275.19
2017-11-21	1269.98
2017-11-22	1271.24
2017-11-23	1272.89
2017-11-24	1279.28
2017-11-27	1278.65
2017-11-28	1277.54
2017-11-29	1280.57
2017-11-30	1284.93
2017-12-01	1282.64
2017-12-04	1281.18
2017-12-05	1272.93
2017-12-06	1270.19
2017-12-07	1273.77
2017-12-08	1277.68
2017-12-11	1279.62
2017-12-12	1282.59
2017-12-13	1290.24
2017-12-14	1298.03
2017-12-15	1298.14
2017-12-18	1308.63
2017-12-19	1332.73
2017-12-20	1324.94
2017-12-21	1322.11
2017-12-22	1337.51
2017-12-26	1339.06
2017-12-27	1354.15
2017-12-28	1363.04
2018-01-01	1363.04
2018-01-03	1352.22
2018-01-04	1358.08
2018-01-05	1366.79
2018-01-09	1380.47
2018-01-10	1447.37
2018-01-11	1510.38
2018-01-12	1513.85
2018-01-15	1505.31
2018-01-16	1490.45
2018-01-17	1487.97
2018-01-18	1449.6
2018-01-19	1427.65
2018-01-22	1414.84
2018-01-23	1412.8
2018-01-24	1401.45
2018-01-25	1421.43
2018-01-26	1437.83
2018-01-29	1463.1
2018-01-30	1480.77
2018-01-31	1490.95
2018-02-01	1487.46
2018-02-02	1491.68
2018-02-05	1495.51
2018-02-06	1450.93
2018-02-07	1467.99
2018-02-08	1460.08
2018-02-09	1450.85
2018-02-12	1448.42
2018-02-13	1466.22
2018-02-14	1459.09
2018-02-15	1460.74
2018-02-16	1461.68
2018-02-19	1460.38
2018-02-20	1464.28
2018-02-21	1477.46
2018-02-22	1493.33
2018-02-23	1495.73
2018-02-26	1504.86
2018-02-27	1538.1
2018-02-28	1577.83
2018-03-01	1609.01
2018-03-02	1595.59
2018-03-05	1616.34
2018-03-06	1621.5
2018-03-07	1611.53
2018-03-12	1632.91
2018-03-13	1628.77
2018-03-14	1624.02
2018-03-15	1576.35
2018-03-16	1629.56
2018-03-19	1639.38
2018-03-20	1635.41
2018-03-21	1663.43
2018-03-22	1658.16
2018-03-23	1645.08
2018-03-26	1673.08
2018-03-27	1684.46
2018-03-28	1684.87
2018-03-29	1654.42
2018-03-30	1682.6
2018-04-02	1665.53
2018-04-03	1688.34
2018-04-04	1707.2
2018-04-05	1710.82
2018-04-06	1732.5
2018-04-10	1730.22
2018-04-11	1773.49
2018-04-12	1788.83
2018-04-13	1802.13
2018-04-16	1808.2
2018-04-17	1792.93
2018-04-18	1808.68
2018-04-19	1817.2
2018-04-20	1818.75
2018-04-23	1818.82
2018-04-24	1812.26
2018-04-25	1811.48
2018-04-26	1791.93
2018-04-27	1799.28
2018-05-02	1751.62
2018-05-03	1780.7
2018-05-04	1810.63
2018-05-07	1803.63
2018-05-08	1809.43
2018-05-10	1821.02
2018-05-11	1814.91
2018-05-14	1818.13
2018-05-15	1813.16
2018-05-16	1805.54
2018-05-17	1830.01
2018-05-18	1841.51
2018-05-21	1859.37
2018-05-22	1827.26
2018-05-23	1765.33
2018-05-24	1662.67
2018-05-25	1641.27
2018-05-29	1693.72
2018-05-30	1687.37
2018-05-31	1688.9
2018-06-01	1676.77
2018-06-04	1669.82
2018-06-05	1651.97
2018-06-06	1635.86
2018-06-07	1646.32
2018-06-08	1610.73
2018-06-11	1618.47
2018-06-12	1622.58
2018-06-13	1571.18
2018-06-14	1603.83
2018-06-15	1620.5
2018-06-18	1620.5
2018-06-19	1620.5
2018-06-20	1591.92
2018-06-21	1586.95
2018-06-22	1580.88
2018-06-25	1575.32
2018-06-26	1574.13
2018-06-27	1580.37
2018-07-02	1601.34
2018-07-03	1595.47
2018-07-04	1602.52
2018-07-05	1558.87
2018-07-06	1552.79
2018-07-09	1557.16
2018-07-10	1571.7
2018-07-11	1576.78
2018-07-12	1569.32
2018-07-13	1577.94
2018-07-16	1592.43
2018-07-17	1602.79
2018-07-18	1609.78
2018-07-19	1603.85
2018-07-20	1606.05
2018-07-23	1610.07
2018-07-24	1616.93
2018-07-25	1618.85
2018-07-26	1619.39
2018-07-27	1636.32
2018-07-30	1633.62
2018-07-31	1630.09
2018-08-01	1627.91
2018-08-02	1644.36
2018-08-03	1645.35
2018-08-06	1645.25
2018-08-07	1651.89
2018-08-08	1635.33
2018-08-09	1630.38
2018-08-10	1626.35
2018-08-13	1626.97
2018-08-14	1625.86
2018-08-15	1627.89
2018-08-16	1623.4
2018-08-17	1633.93
2018-08-20	1621.08
2018-08-21	1623.57
2018-08-22	1628.61
2018-08-23	1632.18
2018-08-27	1629.15
2018-08-28	1632.77
2018-08-29	1634.29
2018-08-30	1633.25
2018-08-31	1629.67
2018-09-03	1631.36
2018-09-04	1630.88
2018-09-05	1631.46
2018-09-06	1630.68
2018-09-07	1625.44
2018-09-10	1627.69
2018-09-11	1627.65
2018-09-12	1632.63
2018-09-13	1643.39
2018-09-14	1643.47
2018-09-17	1643.47
2018-09-18	1637.3
2018-09-19	1641.83
2018-09-20	1635.36
2018-09-21	1637.76
2018-09-24	1626.51
2018-09-25	1634.21
2018-09-26	1638.46
2018-09-27	1655.94
2018-09-28	1657.65
2018-10-01	1657.95
2018-10-02	1647.02
2018-10-03	1652.11
2018-10-04	1669.75
2018-10-05	1669.75
2018-10-08	1678.08
2018-10-09	1678.08
2018-10-10	1678.08
2018-10-11	1710.0
2018-10-12	1690.55
2018-10-16	1698.18
2018-10-17	1738.23
2018-10-18	1721.56
2018-10-19	1731.22
2018-10-22	1719.67
2018-10-23	1723.98
2018-10-24	1724.62
2018-10-25	1724.62
2018-10-26	1727.43
2018-10-29	1732.48
2018-10-30	1738.04
2018-10-31	1740.81
2018-11-01	1743.54
2018-11-02	1743.54
2018-11-05	1753.17
2018-11-06	1779.31
2018-11-07	1786.65
2018-11-08	1786.65
2018-11-09	1791.23
2018-11-12	1790.91
2018-11-13	1796.53
2018-11-14	1796.53
2018-11-15	1796.53
2018-11-16	1797.89
2018-11-19	1785.81
2018-11-20	1785.81
2018-11-21	1765.24
2018-11-22	1765.24
2018-11-23	1765.24
2018-11-26	1773.14
2018-11-27	1738.25
2018-11-28	1738.25
2018-11-29	1738.25
2018-11-30	1748.31
2018-12-03	1748.31
2018-12-04	1786.58
2018-12-05	1793.69
2018-12-06	1793.69
2018-12-07	1793.69
2018-12-10	1793.69
2018-12-11	1785.27
2018-12-12	1760.07
2018-12-13	1746.17
2018-12-14	1705.22
2018-12-17	1705.22
2018-12-18	1705.04
2018-12-19	1705.04
2018-12-20	1705.04
2018-12-21	1705.04
2018-12-26	1705.04
2018-12-27	1705.04
2018-12-28	1705.04
2019-01-03	1710.65
2019-01-04	1710.65
2019-01-08	1710.65
2019-01-09	1710.65
2019-01-10	1710.65
2019-01-11	1710.65
2019-01-14	1710.65
2019-01-15	1710.65
2019-01-16	1710.65
2019-01-17	1710.65
2019-01-18	1710.65
2019-01-21	1710.65
2019-01-22	1710.65
2019-01-23	1710.65
2019-01-24	1710.65
2019-01-25	1710.65
2019-01-28	1710.65
2019-01-29	1710.65
2019-01-30	1710.65
2019-01-31	1710.65
2019-02-01	1710.65
2019-02-04	1710.65
2019-02-05	1710.65
2019-02-06	1710.65
2019-02-07	1705.71
2019-02-08	1702.11
2019-02-11	1696.45
2019-02-12	1696.71
2019-02-13	1698.81
2019-02-14	1687.43
2019-02-15	1690.15
2019-02-18	1690.69
2019-02-19	1689.37
2019-02-20	1699.74
2019-02-21	1692.4
2019-02-22	1693.2
2019-02-25	1688.24
2019-02-26	1698.21
2019-02-27	1707.15
2019-02-28	1698.54
2019-03-01	1704.66
2019-03-04	1700.15
2019-03-05	1694.67
2019-03-06	1691.28
2019-03-07	1690.05
2019-03-11	1692.62
2019-03-12	1695.04
2019-03-13	1696.23
2019-03-14	1706.88
2019-03-15	1700.69
2019-03-18	1700.69
2019-03-19	1699.73
2019-03-20	1706.74
2019-03-21	1701.29
2019-03-22	1707.17
2019-03-25	1683.75
2019-03-26	1714.78
2019-03-27	1714.78
2019-03-28	1715.7
2019-03-29	1723.59
2019-04-01	1747.33
2019-04-02	1741.36
2019-04-03	1743.51
2019-04-04	1743.51
2019-04-05	1743.51
2019-04-08	1743.51
2019-04-09	1743.51
2019-04-10	1743.51
2019-04-11	1743.51
2019-04-12	1690.91
2019-04-15	1689.38
2019-04-16	1689.38
2019-04-17	1689.38
2019-04-18	1689.38
2019-04-19	1689.38
2019-04-22	1689.38
2019-04-23	1689.38
2019-04-24	1692.44
2019-04-25	1692.44
2019-04-26	1692.44
2019-05-02	1679.29
2019-05-03	1679.29
2019-05-06	1695.5
2019-05-07	1695.5
2019-05-08	1706.22
2019-05-10	1706.22
2019-05-13	1706.59
2019-05-14	1706.59
2019-05-15	1715.11
2019-05-16	1715.11
2019-05-17	1710.85
2019-05-20	1710.85
2019-05-21	1727.19
2019-05-22	1727.19
2019-05-23	1727.19
2019-05-24	1721.93
2019-05-27	1696.37
2019-05-28	1745.9
2019-05-29	1745.9
2019-05-30	1744.76
2019-05-31	1734.04
2019-06-03	1731.75
2019-06-04	1731.75
2019-06-05	1731.75
2019-06-06	1727.06
2019-06-07	1710.44
2019-06-10	1684.14
2019-06-11	1647.16
2019-06-12	1647.16
2019-06-13	1647.16
2019-06-14	1647.16
2019-06-18	1643.25
2019-06-19	1609.77
2019-06-20	1609.77
2019-06-21	1609.77
2019-06-24	1605.81
2019-06-25	1622.0
2019-06-26	1622.78
2019-06-27	1652.31
2019-07-01	1631.32
2019-07-02	1601.35
2019-07-03	1627.73
2019-07-04	1627.73
2019-07-05	1627.73
2019-07-08	1608.8
2019-07-09	1608.8
2019-07-10	1608.8
2019-07-11	1608.8
2019-07-12	1594.41
2019-07-15	1594.41
2019-07-16	1594.41
2019-07-17	1593.63
2019-07-18	1594.41
2019-07-19	1593.63
2019-07-22	1587.99
2019-07-23	1597.37
2019-07-24	1587.52
2019-07-25	1587.52
2019-07-26	1587.52
2019-07-29	1614.96
2019-07-30	1603.24
2019-07-31	1601.91
2019-08-01	1601.91
2019-08-02	1583.93
2019-08-05	1619.9
2019-08-06	1619.9
2019-08-07	1618.1
2019-08-08	1582.99
2019-08-09	1582.99
2019-08-12	1582.99
2019-08-13	1573.95
2019-08-14	1573.95
2019-08-15	1573.95
2019-08-16	1582.94
2019-08-19	1594.66
2019-08-20	1579.67
2019-08-21	1567.68
2019-08-22	1555.69
2019-08-23	1555.69
2019-08-27	1553.1
2019-08-28	1517.13
2019-08-29	1517.13
2019-08-30	1537.71
2019-09-02	1537.71
2019-09-03	1537.71
2019-09-04	1533.8
2019-09-05	1548.76
2019-09-06	1549.7
2019-09-09	1545.01
2019-09-10	1537.97
2019-09-11	1551.92
2019-09-12	1556.69
2019-09-13	1557.71
2019-09-16	1561.74
2019-09-17	1561.74
2019-09-18	1570.62
2019-09-19	1570.62
2019-09-20	1571.44
2019-09-23	1534.71
2019-09-24	1539.79
2019-09-25	1539.79
2019-09-26	1561.74
2019-09-27	1561.74
2019-09-30	1561.74
2019-10-01	1534.3
2019-10-02	1526.26
2019-10-03	1531.33
2019-10-04	1526.26
2019-10-07	1535.41
2019-10-08	1533.84
2019-10-09	1528.87
2019-10-10	1517.94
2019-10-11	1516.67
2019-10-15	1516.67
2019-10-16	1516.67
2019-10-17	1520.41
2019-10-18	1520.41
2019-10-21	1516.3
2019-10-22	1522.49
2019-10-23	1515.18
2019-10-24	1515.18
2019-10-25	1533.47
2019-10-28	1528.61
2019-10-29	1513.97
2019-10-30	1509.86
2019-10-31	1517.17
2019-11-01	1514.64
2019-11-04	1516.28
2019-11-05	1491.87
2019-11-06	1492.28
2019-11-07	1492.69
2019-11-08	1495.64
2019-11-11	1505.09
2019-11-12	1495.07
2019-11-13	1487.46
2019-11-14	1487.46
2019-11-15	1487.46
2019-11-18	1498.44
2019-11-19	1498.44
2019-11-20	1524.05
2019-11-21	1516.28
2019-11-22	1508.25
2019-11-25	1513.74
2019-11-26	1511.13
2019-11-27	1476.08
2019-11-28	1485.23
2019-11-29	1492.59
2019-12-02	1492.59
2019-12-03	1490.53
2019-12-04	1494.23
2019-12-05	1494.64
2019-12-06	1494.64
2019-12-09	1481.95
2019-12-10	1479.42
2019-12-11	1485.33
2019-12-12	1485.33
2019-12-13	1487.87
2019-12-16	1500.02
2019-12-17	1500.02
2019-12-18	1500.02
2019-12-19	1514.52
2019-12-20	1497.52
2019-12-23	1497.99
2019-12-24	1529.22
2019-12-26	1533.36
2019-12-27	1518.72
2020-01-03	1518.72
2020-01-08	1530.12
2020-01-09	1528.44
2020-01-10	1504.96
2020-01-13	1504.96
2020-01-14	1508.9
2020-01-15	1515.98
2020-01-16	1511.12
2020-01-17	1515.06
2020-01-20	1515.06
2020-01-21	1507.97
2020-01-22	1495.82
2020-01-23	1503.44
2020-01-24	1506.17
2020-01-27	1518.6
2020-01-28	1513.99
2020-01-29	1508.91
2020-01-30	1510.23
2020-01-31	1512.59
2020-02-03	1529.36
2020-02-04	1544.52
2020-02-05	1559.04
2020-02-06	1595.48
2020-02-07	1610.13
2020-02-10	1625.97
2020-02-11	1625.97
2020-02-12	1625.88
2020-02-13	1560.79
2020-02-14	1573.79
2020-02-17	1615.91
2020-02-18	1616.7
2020-02-19	1616.41
2020-02-20	1617.11
2020-02-21	1616.17
2020-02-24	1615.44
2020-02-25	1588.42
2020-02-26	1588.42
2020-02-27	1585.1
2020-02-28	1586.46
2020-03-02	1562.72
2020-03-03	1570.59
2020-03-04	1556.16
2020-03-05	1578.91
2020-03-06	1549.95
2020-03-10	1532.8
2020-03-11	1518.55
2020-03-12	1508.83
2020-03-13	1479.4
2020-03-16	1451.5
2020-03-17	1447.5
2020-03-18	1432.62
2020-03-19	1432.62
2020-03-20	1394.79
