2006-12-20	50.07
2006-12-21	50.150002
2006-12-22	50.66
2006-12-26	52.450001
2006-12-27	53.310001
2006-12-28	52.919998
2006-12-29	52.450001
2007-01-03	52.880001
2007-01-04	52.860001
2007-01-05	52.09
2007-01-08	52.049999
2007-01-09	50.959999
2007-01-10	50.41
2007-01-11	52.57
2007-01-12	53.529999
2007-01-16	53.360001
2007-01-17	53.93
2007-01-18	53.07
2007-01-19	53.98
2007-01-22	53.84
2007-01-23	54.0
2007-01-24	54.029999
2007-01-25	53.25
2007-01-26	53.59
2007-01-29	53.860001
2007-01-30	54.439999
2007-01-31	54.400002
2007-02-01	54.759998
2007-02-02	55.099998
2007-02-05	55.360001
2007-02-06	55.400002
2007-02-07	55.919998
2007-02-08	55.900002
2007-02-09	54.75
2007-02-12	53.59
2007-02-13	52.759998
2007-02-14	54.130001
2007-02-15	54.450001
2007-02-16	54.57
2007-02-20	54.369999
2007-02-21	53.93
2007-02-22	52.990002
2007-02-23	51.380001
2007-02-26	51.43
2007-02-27	48.16
2007-02-28	49.889999
2007-03-01	48.939999
2007-03-02	47.880001
2007-03-05	46.66
2007-03-06	48.27
2007-03-07	47.25
2007-03-08	49.049999
2007-03-09	48.580002
2007-03-12	48.880001
2007-03-13	47.09
2007-03-14	47.779999
2007-03-15	47.549999
2007-03-16	46.900002
2007-03-19	48.279999
2007-03-20	49.060001
2007-03-21	50.540001
2007-03-22	50.560001
2007-03-23	50.950001
2007-03-26	50.75
2007-03-27	50.139999
2007-03-28	49.759998
2007-03-29	50.07
2007-03-30	49.130001
2007-04-02	48.349998
2007-04-03	49.959999
2007-04-04	49.889999
2007-04-05	50.34
2007-04-09	51.389999
2007-04-10	51.849998
2007-04-11	51.16
2007-04-12	51.869999
2007-04-13	52.950001
2007-04-16	55.27
2007-04-17	54.799999
2007-04-18	54.439999
2007-04-19	53.98
2007-04-20	55.540001
2007-04-23	55.290001
2007-04-24	56.75
2007-04-25	57.900002
2007-04-26	57.450001
2007-04-27	56.169998
2007-04-30	55.32
2007-05-01	55.830002
2007-05-02	56.610001
2007-05-03	57.709999
2007-05-04	57.419998
2007-05-07	57.099998
2007-05-08	56.32
2007-05-09	56.970001
2007-05-10	55.0
2007-05-11	56.889999
2007-05-14	56.84
2007-05-15	56.779999
2007-05-16	58.639999
2007-05-17	58.73
2007-05-18	59.240002
2007-05-21	59.830002
2007-05-22	60.509998
2007-05-23	59.599998
2007-05-24	57.93
2007-05-25	59.799999
2007-05-29	60.5
2007-05-30	60.470001
2007-05-31	60.310001
2007-06-01	61.169998
2007-06-04	60.540001
2007-06-05	60.23
2007-06-06	58.610001
2007-06-07	57.509998
2007-06-08	58.610001
2007-06-11	58.810001
2007-06-12	57.959999
2007-06-13	58.630001
2007-06-14	59.240002
2007-06-15	59.540001
2007-06-18	58.77
2007-06-19	59.669998
2007-06-20	59.400002
2007-06-21	60.32
2007-06-22	59.720001
2007-06-25	59.43
2007-06-26	59.529999
2007-06-27	59.900002
2007-06-28	60.32
2007-06-29	60.330002
2007-07-02	61.32
2007-07-03	61.5
2007-07-05	61.779999
2007-07-06	63.009998
2007-07-09	63.700001
2007-07-10	61.689999
2007-07-11	62.509998
2007-07-12	64.019997
2007-07-13	64.260002
2007-07-16	64.279999
2007-07-17	64.489998
2007-07-18	63.860001
2007-07-19	65.440002
2007-07-20	64.559998
2007-07-23	65.93
2007-07-24	64.169998
2007-07-25	64.279999
2007-07-26	62.799999
2007-07-27	62.400002
2007-07-30	63.950001
2007-07-31	63.0
2007-08-01	62.5
2007-08-02	61.84
2007-08-03	60.200001
2007-08-06	61.16
2007-08-07	61.919998
2007-08-08	64.0
2007-08-09	61.27
2007-08-10	61.360001
2007-08-13	61.610001
2007-08-14	59.880001
2007-08-15	57.93
2007-08-16	56.549999
2007-08-17	59.799999
2007-08-20	58.880001
2007-08-21	57.080002
2007-08-22	58.950001
2007-08-23	57.689999
2007-08-24	59.5
2007-08-27	60.400002
2007-08-28	58.48
2007-08-29	61.240002
2007-08-30	61.32
2007-08-31	63.32
2007-09-04	64.489998
2007-09-05	63.369999
2007-09-06	64.470001
2007-09-07	62.84
2007-09-10	63.599998
2007-09-11	64.550003
2007-09-12	64.690002
2007-09-13	65.629997
2007-09-14	65.18
2007-09-17	64.779999
2007-09-18	67.669998
2007-09-19	69.139999
2007-09-20	68.57
2007-09-21	70.199997
2007-09-24	71.43
2007-09-25	71.949997
2007-09-26	72.120003
2007-09-27	73.169998
2007-09-28	72.699997
2007-10-01	75.300003
2007-10-02	75.730003
2007-10-03	75.5
2007-10-04	76.68
2007-10-05	77.989998
2007-10-08	76.199997
2007-10-09	79.349998
2007-10-10	80.599998
2007-10-11	79.129997
2007-10-12	80.449997
2007-10-15	80.93
2007-10-16	76.690002
2007-10-17	78.940002
2007-10-18	77.43
2007-10-19	73.559998
2007-10-22	75.650002
2007-10-23	80.699997
2007-10-24	79.519997
2007-10-25	77.800003
2007-10-26	82.339996
2007-10-29	89.050003
2007-10-30	88.0
2007-10-31	91.809998
2007-11-01	87.800003
2007-11-02	91.699997
2007-11-05	88.0
2007-11-06	91.0
2007-11-07	88.93
2007-11-08	86.599998
2007-11-09	81.800003
2007-11-12	78.800003
2007-11-13	84.0
2007-11-14	85.949997
2007-11-15	83.940002
2007-11-16	86.699997
2007-11-19	85.260002
2007-11-20	86.489998
2007-11-21	84.059998
2007-11-23	88.300003
2007-11-26	86.75
2007-11-27	91.470001
2007-11-28	94.849998
2007-11-29	96.639999
2007-11-30	97.0
2007-12-03	101.400002
2007-12-04	101.010002
2007-12-05	102.5
2007-12-06	104.0
2007-12-07	106.0
2007-12-10	107.0
2007-12-11	103.699997
2007-12-12	107.849998
2007-12-13	107.099998
2007-12-14	103.089996
2007-12-17	89.5
2007-12-18	90.120003
2007-12-19	86.300003
2007-12-20	87.050003
2007-12-21	92.68
2007-12-24	96.0
2007-12-26	101.480003
2007-12-27	96.410004
2007-12-28	98.57
2007-12-31	97.790001
2008-01-02	97.190002
2008-01-03	96.5
2008-01-04	92.989998
2008-01-07	96.919998
2008-01-08	97.800003
2008-01-09	104.129997
2008-01-10	110.769997
2008-01-11	112.150002
2008-01-14	116.300003
2008-01-15	104.620003
2008-01-16	94.910004
2008-01-17	88.809998
2008-01-18	87.199997
2008-01-22	82.120003
2008-01-23	84.449997
2008-01-24	82.5
2008-01-25	82.75
2008-01-28	82.599998
2008-01-29	82.610001
2008-01-30	82.0
2008-01-31	83.800003
2008-02-01	86.5
2008-02-04	86.790001
2008-02-05	80.389999
2008-02-06	79.82
2008-02-07	80.800003
2008-02-08	77.970001
2008-02-11	75.400002
2008-02-12	77.529999
2008-02-13	79.080002
2008-02-14	78.5
2008-02-15	80.269997
2008-02-19	79.970001
2008-02-20	77.879997
2008-02-21	76.379997
2008-02-22	74.339996
2008-02-25	76.849998
2008-02-26	77.900002
2008-02-27	78.07
2008-02-28	76.510002
2008-02-29	73.900002
2008-03-03	71.349998
2008-03-04	68.68
2008-03-05	70.309998
2008-03-06	67.5
2008-03-07	64.709999
2008-03-10	63.509998
2008-03-11	69.730003
2008-03-12	67.889999
2008-03-13	66.879997
2008-03-14	64.419998
2008-03-17	61.709999
2008-03-18	65.0
2008-03-19	60.240002
2008-03-20	62.18
2008-03-24	66.529999
2008-03-25	68.93
2008-03-26	68.379997
2008-03-27	68.440002
2008-03-28	68.309998
2008-03-31	65.870003
2008-04-01	69.029999
2008-04-02	67.290001
2008-04-03	67.529999
2008-04-04	65.75
2008-04-07	67.209999
2008-04-08	65.589996
2008-04-09	64.970001
2008-04-10	66.419998
2008-04-11	65.699997
2008-04-14	65.650002
2008-04-15	68.360001
2008-04-16	70.900002
2008-04-17	69.949997
2008-04-18	70.989998
2008-04-21	71.889999
2008-04-22	71.440002
2008-04-23	71.709999
2008-04-24	73.139999
2008-04-25	73.919998
2008-04-28	72.379997
2008-04-29	73.089996
2008-04-30	73.93
2008-05-01	75.290001
2008-05-02	76.739998
2008-05-05	77.400002
2008-05-06	77.43
2008-05-07	72.699997
2008-05-08	71.029999
2008-05-09	70.139999
2008-05-12	70.699997
2008-05-13	69.379997
2008-05-14	69.910004
2008-05-15	72.5
2008-05-16	71.120003
2008-05-19	71.459999
2008-05-20	69.43
2008-05-21	67.610001
2008-05-22	68.150002
2008-05-23	65.860001
2008-05-27	65.580002
2008-05-28	66.470001
2008-05-29	66.529999
2008-05-30	68.199997
2008-06-02	64.980003
2008-06-03	65.150002
2008-06-04	63.689999
2008-06-05	65.339996
2008-06-06	60.970001
2008-06-09	60.279999
2008-06-10	58.82
2008-06-11	57.900002
2008-06-12	60.830002
2008-06-13	62.34
2008-06-16	61.990002
2008-06-17	62.490002
2008-06-18	61.709999
2008-06-19	61.419998
2008-06-20	57.599998
2008-06-23	56.68
2008-06-24	54.689999
2008-06-25	56.5
2008-06-26	54.200001
2008-06-27	53.080002
2008-06-30	52.259998
2008-07-01	51.41
2008-07-02	51.799999
2008-07-03	51.310001
2008-07-07	51.880001
2008-07-08	53.48
2008-07-09	52.860001
2008-07-10	53.790001
2008-07-11	51.310001
2008-07-14	50.919998
2008-07-15	49.560001
2008-07-16	51.709999
2008-07-17	55.0
2008-07-18	54.220001
2008-07-21	55.389999
2008-07-22	59.540001
2008-07-23	62.5
2008-07-24	58.77
2008-07-25	58.98
2008-07-28	57.209999
2008-07-29	57.93
2008-07-30	57.959999
2008-07-31	56.68
2008-08-01	59.220001
2008-08-04	59.490002
2008-08-05	63.790001
2008-08-06	63.630001
2008-08-07	61.599998
2008-08-08	63.200001
2008-08-11	64.220001
2008-08-12	60.98
2008-08-13	59.740002
2008-08-14	58.68
2008-08-15	59.240002
2008-08-18	55.849998
2008-08-19	55.32
2008-08-20	57.349998
2008-08-21	55.970001
2008-08-22	57.18
2008-08-25	54.23
2008-08-26	54.610001
2008-08-27	55.259998
2008-08-28	54.619999
2008-08-29	54.700001
2008-09-02	55.880001
2008-09-03	55.959999
2008-09-04	53.759998
2008-09-05	54.32
2008-09-08	54.740002
2008-09-09	52.48
2008-09-10	53.23
2008-09-11	52.779999
2008-09-12	51.639999
2008-09-15	47.18
2008-09-16	47.75
2008-09-17	44.490002
2008-09-18	48.25
2008-09-19	51.990002
2008-09-22	49.650002
2008-09-23	48.400002
2008-09-24	48.400002
2008-09-25	49.630001
2008-09-26	47.450001
2008-09-29	41.470001
2008-09-30	45.259998
2008-10-01	45.860001
2008-10-02	44.049999
2008-10-03	42.27
2008-10-06	38.77
2008-10-07	37.400002
2008-10-08	37.200001
2008-10-09	35.389999
2008-10-10	34.959999
2008-10-13	39.380001
2008-10-14	37.32
2008-10-15	33.150002
2008-10-16	35.32
2008-10-17	33.509998
2008-10-20	34.93
2008-10-21	33.630001
2008-10-22	30.92
2008-10-23	31.35
2008-10-24	28.68
2008-10-27	27.52
2008-10-28	30.700001
2008-10-29	30.370001
2008-10-30	32.200001
2008-10-31	32.880001
2008-11-03	33.959999
2008-11-04	36.490002
2008-11-05	33.060001
2008-11-06	31.040001
2008-11-07	33.470001
2008-11-10	34.16
2008-11-11	31.92
2008-11-12	29.219999
2008-11-13	31.549999
2008-11-14	29.620001
2008-11-17	29.25
2008-11-18	28.549999
2008-11-19	25.83
2008-11-20	24.389999
2008-11-21	27.77
2008-11-24	29.219999
2008-11-25	27.610001
2008-11-26	28.73
2008-11-28	28.41
2008-12-01	25.59
2008-12-02	27.540001
2008-12-03	27.950001
2008-12-04	28.0
2008-12-05	29.18
2008-12-08	29.75
2008-12-09	29.02
2008-12-10	31.07
2008-12-11	30.860001
2008-12-12	32.400002
2008-12-15	31.889999
2008-12-16	33.779999
2008-12-17	32.830002
2008-12-18	33.470001
2008-12-19	33.27
2008-12-22	32.41
2008-12-23	30.73
2008-12-24	31.65
2008-12-26	30.73
2008-12-29	30.98
2008-12-30	31.860001
2008-12-31	31.639999
2009-01-02	33.52
2009-01-05	33.84
2009-01-06	34.27
2009-01-07	31.219999
2009-01-08	30.59
2009-01-09	30.200001
2009-01-12	28.85
2009-01-13	29.200001
2009-01-14	28.790001
2009-01-15	29.049999
2009-01-16	29.73
2009-01-20	27.68
2009-01-21	28.709999
2009-01-22	27.610001
2009-01-23	27.77
2009-01-26	27.98
2009-01-27	28.809999
2009-01-28	30.280001
2009-01-29	28.85
2009-01-30	29.49
2009-02-02	29.15
2009-02-03	29.9
2009-02-04	29.709999
2009-02-05	29.459999
2009-02-06	30.83
2009-02-09	31.370001
2009-02-10	30.0
2009-02-11	30.83
2009-02-12	30.75
2009-02-13	30.719999
2009-02-17	27.860001
2009-02-18	27.92
2009-02-19	27.9
2009-02-20	27.48
2009-02-23	26.799999
2009-02-24	28.0
2009-02-25	27.459999
2009-02-26	27.23
2009-02-27	26.42
2009-03-02	24.559999
2009-03-03	24.75
2009-03-04	25.85
2009-03-05	24.16
2009-03-06	24.83
2009-03-09	24.129999
2009-03-10	25.77
2009-03-11	25.799999
2009-03-12	26.459999
2009-03-13	26.610001
2009-03-16	27.190001
2009-03-17	27.65
2009-03-18	28.700001
2009-03-19	28.299999
2009-03-20	27.860001
2009-03-23	30.5
2009-03-24	29.93
2009-03-25	30.690001
2009-03-26	31.549999
2009-03-27	30.809999
2009-03-30	29.1
2009-03-31	30.34
2009-04-01	31.610001
2009-04-02	33.290001
2009-04-03	33.990002
2009-04-06	33.310001
2009-04-07	32.959999
2009-04-08	34.709999
2009-04-09	35.98
2009-04-13	36.189999
2009-04-14	35.490002
2009-04-15	36.950001
2009-04-16	35.860001
2009-04-17	35.82
2009-04-20	34.310001
2009-04-21	35.200001
2009-04-22	34.799999
2009-04-23	36.130001
2009-04-24	36.91
2009-04-27	36.02
2009-04-28	35.450001
2009-04-29	36.84
2009-04-30	37.52
2009-05-01	37.66
2009-05-04	40.310001
2009-05-05	39.59
2009-05-06	39.490002
2009-05-07	38.59
2009-05-08	39.470001
2009-05-11	38.07
2009-05-12	39.16
2009-05-13	37.82
2009-05-14	38.869999
2009-05-15	39.470001
2009-05-18	49.029999
2009-05-19	47.509998
2009-05-20	47.450001
2009-05-21	46.860001
2009-05-22	47.830002
2009-05-26	47.82
2009-05-27	47.900002
2009-05-28	49.549999
2009-05-29	50.950001
2009-06-01	52.419998
2009-06-02	52.139999
2009-06-03	51.060001
2009-06-04	52.389999
2009-06-05	52.68
2009-06-08	50.18
2009-06-09	51.779999
2009-06-10	52.919998
2009-06-11	52.950001
2009-06-12	51.990002
2009-06-15	50.220001
2009-06-16	50.27
2009-06-17	48.950001
2009-06-18	48.330002
2009-06-19	48.779999
2009-06-22	46.18
2009-06-23	46.740002
2009-06-24	48.529999
2009-06-25	48.900002
2009-06-26	50.400002
2009-06-29	50.799999
2009-06-30	48.959999
2009-07-01	49.970001
2009-07-02	48.849998
2009-07-06	47.619999
2009-07-07	46.5
2009-07-08	45.09
2009-07-09	46.0
2009-07-10	44.650002
2009-07-13	45.34
2009-07-14	46.369999
2009-07-15	49.169998
2009-07-16	49.099998
2009-07-17	50.080002
2009-07-20	52.27
2009-07-21	51.779999
2009-07-22	50.689999
2009-07-23	53.0
2009-07-24	52.939999
2009-07-27	52.900002
2009-07-28	52.200001
2009-07-29	51.419998
2009-07-30	52.610001
2009-07-31	53.0
2009-08-03	55.419998
2009-08-04	55.560001
2009-08-05	55.200001
2009-08-06	53.720001
2009-08-07	53.060001
2009-08-10	51.389999
2009-08-11	51.0
2009-08-12	51.93
2009-08-13	53.02
2009-08-14	52.0
2009-08-17	49.279999
2009-08-18	50.560001
2009-08-19	50.669998
2009-08-20	51.0
2009-08-21	52.32
2009-08-24	52.650002
2009-08-25	52.959999
2009-08-26	53.380001
2009-08-27	53.650002
2009-08-28	53.59
2009-08-31	52.889999
2009-09-01	51.639999
2009-09-02	52.060001
2009-09-03	52.400002
2009-09-04	53.84
2009-09-08	55.220001
2009-09-09	56.279999
2009-09-10	56.23
2009-09-11	55.77
2009-09-14	55.939999
2009-09-15	56.68
2009-09-16	58.0
2009-09-17	57.279999
2009-09-18	57.529999
2009-09-21	57.360001
2009-09-22	58.150002
2009-09-23	57.200001
2009-09-24	56.970001
2009-09-25	56.790001
2009-09-28	58.299999
2009-09-29	58.32
2009-09-30	58.93
2009-10-01	57.860001
2009-10-02	57.68
2009-10-05	59.720001
2009-10-06	60.32
2009-10-07	60.349998
2009-10-08	61.009998
2009-10-09	60.18
2009-10-12	61.0
2009-10-13	61.279999
2009-10-14	63.290001
2009-10-15	62.939999
2009-10-16	62.470001
2009-10-19	63.240002
2009-10-20	62.619999
2009-10-21	61.259998
2009-10-22	61.130001
2009-10-23	60.330002
2009-10-26	59.299999
2009-10-27	57.599998
2009-10-28	56.299999
2009-10-29	57.720001
2009-10-30	54.630001
2009-11-02	55.52
2009-11-03	54.540001
2009-11-04	56.470001
2009-11-05	57.900002
2009-11-06	58.110001
2009-11-09	60.66
2009-11-10	59.77
2009-11-11	61.34
2009-11-12	60.099998
2009-11-13	61.330002
2009-11-16	63.0
2009-11-17	62.720001
2009-11-18	62.220001
2009-11-19	60.459999
2009-11-20	61.290001
2009-11-23	62.349998
2009-11-24	62.240002
2009-11-25	62.759998
2009-11-27	60.529999
2009-11-30	61.400002
2009-12-01	63.310001
2009-12-02	63.220001
2009-12-03	62.720001
2009-12-04	63.360001
2009-12-07	61.790001
2009-12-08	61.84
2009-12-09	62.259998
2009-12-10	63.91
2009-12-11	63.669998
2009-12-14	64.0
2009-12-15	63.360001
2009-12-16	63.419998
2009-12-17	62.16
2009-12-18	61.349998
2009-12-21	62.080002
2009-12-22	61.580002
2009-12-23	63.189999
2009-12-24	63.990002
2009-12-28	64.760002
2009-12-29	64.720001
2009-12-30	63.880001
2009-12-31	64.059998
2010-01-04	66.239998
2010-01-05	66.75
2010-01-06	67.290001
2010-01-07	66.720001
2010-01-08	66.379997
2010-01-11	67.089996
2010-01-12	65.25
2010-01-13	66.290001
2010-01-14	66.459999
2010-01-15	65.300003
2010-01-19	66.860001
2010-01-20	64.910004
2010-01-21	62.189999
2010-01-22	61.150002
2010-01-25	61.220001
2010-01-26	60.16
2010-01-27	59.220001
2010-01-28	58.490002
2010-01-29	58.790001
2010-02-01	60.119999
2010-02-02	59.990002
2010-02-03	60.689999
2010-02-04	57.790001
2010-02-05	57.02
2010-02-08	57.130001
2010-02-09	58.48
2010-02-10	58.099998
2010-02-11	59.34
2010-02-12	59.34
2010-02-16	60.52
2010-02-17	61.07
2010-02-18	60.849998
2010-02-19	60.400002
2010-02-22	59.630001
2010-02-23	58.860001
2010-02-24	59.720001
2010-02-25	59.529999
2010-02-26	60.52
2010-03-01	61.400002
2010-03-02	62.18
2010-03-03	63.279999
2010-03-04	63.279999
2010-03-05	64.68
2010-03-08	64.449997
2010-03-09	64.059998
2010-03-10	64.669998
2010-03-11	64.410004
2010-03-12	64.290001
2010-03-15	64.089996
2010-03-16	65.400002
2010-03-17	66.139999
2010-03-18	65.900002
2010-03-19	64.959999
2010-03-22	65.25
2010-03-23	65.709999
2010-03-24	65.019997
2010-03-25	65.300003
2010-03-26	65.900002
2010-03-29	66.959999
2010-03-30	66.790001
2010-03-31	66.849998
2010-04-01	67.690002
2010-04-05	69.589996
2010-04-06	69.169998
2010-04-07	68.580002
2010-04-08	68.620003
2010-04-09	69.510002
2010-04-12	68.510002
2010-04-13	68.599998
2010-04-14	69.400002
2010-04-15	68.400002
2010-04-16	66.900002
2010-04-19	66.980003
2010-04-20	67.389999
2010-04-21	67.220001
2010-04-22	67.900002
2010-04-23	68.169998
2010-04-26	68.220001
2010-04-27	66.330002
2010-04-28	66.660004
2010-04-29	67.769997
2010-04-30	66.5
2010-05-03	67.379997
2010-05-04	64.339996
2010-05-05	63.799999
2010-05-06	61.220001
2010-05-07	61.939999
2010-05-10	66.370003
2010-05-11	65.32
2010-05-12	65.949997
2010-05-13	64.769997
2010-05-14	63.220001
2010-05-17	63.220001
2010-05-18	61.91
2010-05-19	60.59
2010-05-20	58.439999
2010-05-21	59.950001
2010-05-24	59.07
2010-05-25	58.060001
2010-05-26	57.900002
2010-05-27	60.959999
2010-05-28	60.82
2010-06-01	59.450001
2010-06-02	61.459999
2010-06-03	61.82
2010-06-04	60.099998
2010-06-07	59.529999
2010-06-08	60.41
2010-06-09	60.099998
2010-06-10	62.02
2010-06-11	62.290001
2010-06-14	62.970001
2010-06-15	64.410004
2010-06-16	64.339996
2010-06-17	64.260002
2010-06-18	64.550003
2010-06-21	65.610001
2010-06-22	64.660004
2010-06-23	65.059998
2010-06-24	64.690002
2010-06-25	65.309998
2010-06-28	65.690002
2010-06-29	63.619999
2010-06-30	64.0
2010-07-01	63.919998
2010-07-02	63.209999
2010-07-06	63.939999
2010-07-07	64.43
2010-07-08	64.459999
2010-07-09	65.239998
2010-07-12	65.330002
2010-07-13	65.889999
2010-07-14	65.550003
2010-07-15	65.089996
2010-07-16	63.970001
2010-07-19	64.440002
2010-07-20	65.019997
2010-07-21	64.110001
2010-07-22	65.830002
2010-07-23	66.150002
2010-07-26	65.830002
2010-07-27	65.599998
2010-07-28	65.190002
2010-07-29	65.239998
2010-07-30	65.599998
2010-08-02	66.709999
2010-08-03	66.550003
2010-08-04	67.279999
2010-08-05	66.839996
2010-08-06	66.43
2010-08-09	67.040001
2010-08-10	66.650002
2010-08-11	64.699997
2010-08-12	64.989998
2010-08-13	65.620003
2010-08-16	65.57
2010-08-17	65.68
2010-08-18	66.239998
2010-08-19	66.709999
2010-08-20	66.940002
2010-08-23	66.660004
2010-08-24	65.5
2010-08-25	65.620003
2010-08-26	65.360001
2010-08-27	65.389999
2010-08-30	64.089996
2010-08-31	64.389999
2010-09-01	66.32
2010-09-02	66.459999
2010-09-03	66.889999
2010-09-07	66.970001
2010-09-08	67.75
2010-09-09	68.419998
2010-09-10	68.809998
2010-09-13	70.32
2010-09-14	70.589996
2010-09-15	71.470001
2010-09-16	71.440002
2010-09-17	72.019997
2010-09-20	74.199997
2010-09-21	74.43
2010-09-22	73.970001
2010-09-23	73.510002
2010-09-24	75.660004
2010-09-27	75.010002
2010-09-28	75.440002
2010-09-29	75.300003
2010-09-30	75.760002
2010-10-01	77.970001
2010-10-04	78.099998
2010-10-05	79.160004
2010-10-06	79.199997
2010-10-07	78.279999
2010-10-08	79.32
2010-10-11	79.199997
2010-10-12	78.540001
2010-10-13	80.199997
2010-10-14	79.510002
2010-10-15	78.669998
2010-10-18	80.5
2010-10-19	78.529999
2010-10-20	79.809998
2010-10-21	80.529999
2010-10-22	79.629997
2010-10-25	79.790001
2010-10-26	79.620003
2010-10-27	77.449997
2010-10-28	76.489998
2010-10-29	76.889999
2010-11-01	78.099998
2010-11-02	78.480003
2010-11-03	79.650002
2010-11-04	82.800003
2010-11-05	83.639999
2010-11-08	82.769997
2010-11-09	81.68
2010-11-10	81.279999
2010-11-11	79.889999
2010-11-12	77.589996
2010-11-15	76.709999
2010-11-16	73.940002
2010-11-17	73.900002
2010-11-18	75.459999
2010-11-19	74.5
2010-11-22	74.849998
2010-11-23	72.900002
2010-11-24	73.160004
2010-11-26	71.629997
2010-11-29	71.690002
2010-11-30	72.389999
2010-12-01	74.099998
2010-12-02	75.720001
2010-12-03	75.449997
2010-12-06	75.309998
2010-12-07	75.349998
2010-12-08	74.290001
2010-12-09	72.0
2010-12-10	73.169998
2010-12-13	74.279999
2010-12-14	74.68
2010-12-15	73.709999
2010-12-16	73.919998
2010-12-17	74.309998
2010-12-20	74.269997
2010-12-21	75.470001
2010-12-22	75.870003
2010-12-23	75.75
2010-12-27	75.309998
2010-12-28	75.040001
2010-12-29	76.019997
2010-12-30	76.470001
2010-12-31	77.660004
2011-01-03	78.239998
2011-01-04	77.440002
2011-01-05	76.519997
2011-01-06	75.010002
2011-01-07	73.309998
2011-01-10	71.129997
2011-01-11	71.25
2011-01-12	72.279999
2011-01-13	70.800003
2011-01-14	69.379997
2011-01-18	69.809998
2011-01-19	69.199997
2011-01-20	69.629997
2011-01-21	69.650002
2011-01-24	70.559998
2011-01-25	69.0
2011-01-26	69.279999
2011-01-27	68.349998
2011-01-28	65.529999
2011-01-31	66.120003
2011-02-01	66.050003
2011-02-02	65.639999
2011-02-03	66.0
2011-02-04	65.010002
2011-02-07	65.470001
2011-02-08	64.489998
2011-02-09	63.59
2011-02-10	62.93
2011-02-11	64.449997
2011-02-14	65.739998
2011-02-15	66.580002
2011-02-16	66.57
2011-02-17	67.150002
2011-02-18	66.650002
2011-02-22	66.07
2011-02-23	65.669998
2011-02-24	64.410004
2011-02-25	64.910004
2011-02-28	65.059998
2011-03-01	66.57
2011-03-02	66.540001
2011-03-03	68.25
2011-03-04	67.860001
2011-03-07	66.419998
2011-03-08	67.93
2011-03-09	68.239998
2011-03-10	66.5
2011-03-11	67.199997
2011-03-14	67.849998
2011-03-15	66.910004
2011-03-16	66.580002
2011-03-17	66.900002
2011-03-18	66.120003
2011-03-21	66.470001
2011-03-22	66.32
2011-03-23	67.629997
2011-03-24	68.900002
2011-03-25	69.790001
2011-03-28	69.610001
2011-03-29	71.290001
2011-03-30	72.07
2011-03-31	72.730003
2011-04-01	73.239998
2011-04-04	74.25
2011-04-05	74.110001
2011-04-06	74.25
2011-04-07	73.639999
2011-04-08	73.139999
2011-04-11	71.949997
2011-04-12	71.089996
2011-04-13	72.860001
2011-04-14	73.349998
2011-04-15	72.0
2011-04-18	70.559998
2011-04-19	70.989998
2011-04-20	72.82
2011-04-21	73.019997
2011-04-25	72.489998
2011-04-26	72.769997
2011-04-27	72.449997
2011-04-28	71.739998
2011-04-29	71.849998
2011-05-02	70.620003
2011-05-03	68.550003
2011-05-04	67.339996
2011-05-05	66.599998
2011-05-06	68.099998
2011-05-09	68.169998
2011-05-10	68.510002
2011-05-11	67.790001
2011-05-12	67.629997
2011-05-13	67.32
2011-05-16	66.830002
2011-05-17	66.25
2011-05-18	66.900002
2011-05-19	66.800003
2011-05-20	66.459999
2011-05-23	65.410004
2011-05-24	65.580002
2011-05-25	65.209999
2011-05-26	66.32
2011-05-27	66.870003
2011-05-31	68.059998
2011-06-01	67.669998
2011-06-02	68.169998
2011-06-03	67.599998
2011-06-06	67.559998
2011-06-07	68.169998
2011-06-08	67.949997
2011-06-09	68.379997
2011-06-10	67.019997
2011-06-13	67.099998
2011-06-14	67.839996
2011-06-15	66.309998
2011-06-16	66.169998
2011-06-17	66.089996
2011-06-20	64.709999
2011-06-21	65.300003
2011-06-22	64.629997
2011-06-23	65.07
2011-06-24	66.110001
2011-06-27	67.339996
2011-06-28	68.400002
2011-06-29	69.019997
2011-06-30	70.089996
2011-07-01	70.25
2011-07-05	69.910004
2011-07-06	69.650002
2011-07-07	71.779999
2011-07-08	70.620003
2011-07-11	69.029999
2011-07-12	68.370003
2011-07-13	68.550003
2011-07-14	68.239998
2011-07-15	68.870003
2011-07-18	68.599998
2011-07-19	70.040001
2011-07-20	69.25
2011-07-21	69.610001
2011-07-22	69.800003
2011-07-25	69.989998
2011-07-26	69.5
2011-07-27	68.410004
2011-07-28	67.879997
2011-07-29	67.870003
2011-08-01	68.129997
2011-08-02	66.220001
2011-08-03	66.199997
2011-08-04	63.25
2011-08-05	63.130001
2011-08-08	59.189999
2011-08-09	62.900002
2011-08-10	60.150002
2011-08-11	62.849998
2011-08-12	62.02
2011-08-15	62.93
2011-08-16	60.689999
2011-08-17	61.139999
2011-08-18	58.060001
2011-08-19	57.259998
2011-08-22	57.84
2011-08-23	59.259998
2011-08-24	58.529999
2011-08-25	56.950001
2011-08-26	56.5
2011-08-29	58.900002
2011-08-30	59.310001
2011-08-31	60.5
2011-09-01	60.130001
2011-09-02	59.169998
2011-09-06	59.830002
2011-09-07	61.259998
2011-09-08	60.369999
2011-09-09	58.23
2011-09-12	57.540001
2011-09-13	57.439999
2011-09-14	57.810001
2011-09-15	58.939999
2011-09-16	58.889999
2011-09-19	57.720001
2011-09-20	58.18
2011-09-21	57.009998
2011-09-22	53.349998
2011-09-23	54.139999
2011-09-26	54.470001
2011-09-27	56.509998
2011-09-28	55.279999
2011-09-29	55.75
2011-09-30	53.830002
2011-10-03	53.110001
2011-10-04	53.32
2011-10-05	53.57
2011-10-06	54.59
2011-10-07	54.310001
2011-10-10	56.240002
2011-10-11	55.57
2011-10-12	57.610001
2011-10-13	56.830002
2011-10-14	57.630001
2011-10-17	56.700001
2011-10-18	57.0
2011-10-19	56.779999
2011-10-20	55.5
2011-10-21	56.290001
2011-10-24	57.25
2011-10-25	56.939999
2011-10-26	57.59
2011-10-27	60.939999
2011-10-28	61.259998
2011-10-31	59.650002
2011-11-01	58.16
2011-11-02	59.169998
2011-11-03	59.709999
2011-11-04	59.060001
2011-11-07	59.279999
2011-11-08	59.59
2011-11-09	56.59
2011-11-10	55.98
2011-11-11	57.290001
2011-11-14	55.48
2011-11-15	54.950001
2011-11-16	53.580002
2011-11-17	51.939999
2011-11-18	51.73
2011-11-21	49.400002
2011-11-22	49.380001
2011-11-23	48.369999
2011-11-25	48.689999
2011-11-28	50.799999
2011-11-29	50.029999
2011-11-30	52.080002
2011-12-01	52.080002
2011-12-02	53.23
2011-12-05	53.259998
2011-12-06	53.009998
2011-12-07	53.209999
2011-12-08	50.490002
2011-12-09	51.07
2011-12-12	48.150002
2011-12-13	47.830002
2011-12-14	46.650002
2011-12-15	47.57
2011-12-16	47.349998
2011-12-19	46.099998
2011-12-20	47.169998
2011-12-21	47.580002
2011-12-22	48.389999
2011-12-23	48.040001
2011-12-27	47.66
2011-12-28	47.0
2011-12-29	47.259998
2011-12-30	46.619999
2012-01-03	48.560001
2012-01-04	48.09
2012-01-05	48.279999
2012-01-06	48.330002
2012-01-09	48.650002
2012-01-10	50.650002
2012-01-11	50.810001
2012-01-12	50.59
2012-01-13	50.560001
2012-01-17	52.490002
2012-01-18	53.389999
2012-01-19	54.200001
2012-01-20	54.330002
2012-01-23	54.560001
2012-01-24	55.41
2012-01-25	56.470001
2012-01-26	56.610001
2012-01-27	56.509998
2012-01-30	55.509998
2012-01-31	56.799999
2012-02-01	58.470001
2012-02-02	58.669998
2012-02-03	60.369999
2012-02-06	60.119999
2012-02-07	59.110001
2012-02-08	59.52
2012-02-09	59.709999
2012-02-10	58.639999
2012-02-13	59.700001
2012-02-14	59.799999
2012-02-15	60.84
2012-02-16	61.400002
2012-02-17	61.790001
2012-02-21	62.139999
2012-02-22	60.959999
2012-02-23	60.799999
2012-02-24	60.630001
2012-02-27	58.799999
2012-02-28	59.82
2012-02-29	59.139999
2012-03-01	59.5
2012-03-02	59.110001
2012-03-05	57.669998
2012-03-06	55.5
2012-03-07	56.349998
2012-03-08	57.650002
2012-03-09	58.869999
2012-03-12	58.360001
2012-03-13	60.110001
2012-03-14	59.299999
2012-03-15	58.400002
2012-03-16	57.650002
2012-03-19	56.990002
2012-03-20	56.34
2012-03-21	57.130001
2012-03-22	55.18
2012-03-23	55.700001
2012-03-26	55.580002
2012-03-27	56.0
2012-03-28	55.110001
2012-03-29	55.110001
2012-03-30	56.470001
2012-04-02	57.509998
2012-04-03	57.330002
2012-04-04	56.490002
2012-04-05	56.59
2012-04-09	55.580002
2012-04-10	54.5
2012-04-11	55.169998
2012-04-12	56.540001
2012-04-13	54.34
2012-04-16	54.459999
2012-04-17	56.009998
2012-04-18	55.23
2012-04-19	54.990002
2012-04-20	55.110001
2012-04-23	53.450001
2012-04-24	53.189999
2012-04-25	53.380001
2012-04-26	53.48
2012-04-27	53.330002
2012-04-30	53.41
2012-05-01	53.630001
2012-05-02	52.880001
2012-05-03	51.709999
2012-05-04	50.59
2012-05-07	52.139999
2012-05-08	50.23
2012-05-09	49.439999
2012-05-10	50.0
2012-05-11	49.16
2012-05-14	48.299999
2012-05-15	48.419998
2012-05-16	47.540001
2012-05-17	47.119999
2012-05-18	47.279999
2012-05-21	48.07
2012-05-22	46.830002
2012-05-23	46.220001
2012-05-24	47.0
2012-05-25	47.169998
2012-05-29	47.799999
2012-05-30	46.740002
2012-05-31	47.0
2012-06-01	46.509998
2012-06-04	46.860001
2012-06-05	47.09
2012-06-06	49.139999
2012-06-07	49.540001
2012-06-08	49.459999
2012-06-11	47.860001
2012-06-12	49.650002
2012-06-13	49.18
2012-06-14	49.16
2012-06-15	50.110001
2012-06-18	48.740002
2012-06-19	49.23
2012-06-20	48.720001
2012-06-21	47.970001
2012-06-22	48.060001
2012-06-25	47.610001
2012-06-26	48.110001
2012-06-27	48.509998
2012-06-28	48.389999
2012-06-29	51.57
2012-07-02	51.450001
2012-07-03	52.84
2012-07-05	51.759998
2012-07-06	50.91
2012-07-09	50.830002
2012-07-10	51.41
2012-07-11	51.57
2012-07-12	50.41
2012-07-13	51.279999
2012-07-16	51.0
2012-07-17	50.630001
2012-07-18	50.639999
2012-07-19	51.029999
2012-07-20	50.18
2012-07-23	48.700001
2012-07-24	48.689999
2012-07-25	48.73
2012-07-26	49.389999
2012-07-27	49.990002
2012-07-30	50.580002
2012-07-31	50.25
2012-08-01	50.299999
2012-08-02	49.41
2012-08-03	51.130001
2012-08-06	51.48
2012-08-07	52.279999
2012-08-08	52.220001
2012-08-09	52.119999
2012-08-10	52.310001
2012-08-13	51.959999
2012-08-14	52.02
2012-08-15	51.93
2012-08-16	52.049999
2012-08-17	51.860001
2012-08-20	52.209999
2012-08-21	52.869999
2012-08-22	53.009998
2012-08-23	52.740002
2012-08-24	52.73
2012-08-27	52.029999
2012-08-28	51.709999
2012-08-29	51.16
2012-08-30	51.110001
2012-08-31	51.029999
2012-09-04	50.82
2012-09-05	50.549999
2012-09-06	51.580002
2012-09-07	52.650002
2012-09-10	52.110001
2012-09-11	52.759998
2012-09-12	53.139999
2012-09-13	54.349998
2012-09-14	56.290001
2012-09-17	56.02
2012-09-18	55.810001
2012-09-19	55.740002
2012-09-20	55.82
2012-09-21	57.84
2012-09-24	57.700001
2012-09-25	57.240002
2012-09-26	56.950001
2012-09-27	58.23
2012-09-28	58.700001
2012-10-01	59.759998
2012-10-02	60.060001
2012-10-03	59.900002
2012-10-04	61.720001
2012-10-05	60.880001
2012-10-08	59.290001
2012-10-09	58.639999
2012-10-10	57.959999
2012-10-11	58.900002
2012-10-12	58.349998
2012-10-15	58.669998
2012-10-16	58.549999
2012-10-17	58.529999
2012-10-18	58.18
2012-10-19	57.200001
2012-10-22	57.849998
2012-10-23	57.130001
2012-10-24	57.060001
2012-10-25	57.57
2012-10-26	57.389999
2012-10-31	56.34
2012-11-01	57.450001
2012-11-02	57.700001
2012-11-05	57.439999
2012-11-06	57.529999
2012-11-07	57.349998
2012-11-08	57.189999
2012-11-09	56.630001
2012-11-12	56.540001
2012-11-13	56.240002
2012-11-14	55.790001
2012-11-15	55.98
2012-11-16	55.400002
2012-11-19	55.990002
2012-11-20	55.34
2012-11-21	55.560001
2012-11-23	55.860001
2012-11-26	55.91
2012-11-27	56.27
2012-11-28	56.470001
2012-11-29	58.369999
2012-11-30	59.110001
2012-12-03	58.919998
2012-12-04	59.139999
2012-12-05	59.619999
2012-12-06	60.07
2012-12-07	59.580002
2012-12-10	59.66
2012-12-11	59.689999
2012-12-12	59.669998
2012-12-13	58.75
2012-12-14	58.959999
2012-12-17	58.91
2012-12-18	59.16
2012-12-19	59.57
2012-12-20	59.509998
2012-12-21	58.259998
2012-12-24	58.27
2012-12-26	59.02
2012-12-27	58.759998
2012-12-28	59.040001
2012-12-31	59.330002
2013-01-02	61.5
2013-01-03	60.91
2013-01-04	60.470001
2013-01-07	59.75
2013-01-08	59.93
2013-01-09	59.759998
2013-01-10	60.130001
2013-01-11	59.799999
2013-01-14	60.869999
2013-01-15	61.040001
2013-01-16	60.59
2013-01-17	61.630001
2013-01-18	62.27
2013-01-22	62.009998
2013-01-23	61.880001
2013-01-24	61.209999
2013-01-25	61.619999
2013-01-28	61.369999
2013-01-29	61.759998
2013-01-30	62.18
2013-01-31	61.77
2013-02-01	62.360001
2013-02-04	61.189999
2013-02-05	61.290001
2013-02-06	61.43
2013-02-07	60.639999
2013-02-08	60.360001
2013-02-11	60.049999
2013-02-12	60.330002
2013-02-13	60.049999
2013-02-14	59.549999
2013-02-15	59.18
2013-02-19	60.32
2013-02-20	59.720001
2013-02-21	58.150002
2013-02-22	58.950001
2013-02-25	58.259998
2013-02-26	58.59
2013-02-27	59.220001
2013-02-28	57.25
2013-03-01	56.700001
2013-03-04	56.580002
2013-03-05	57.740002
2013-03-06	58.07
2013-03-07	59.119999
2013-03-08	60.299999
2013-03-11	59.880001
2013-03-12	59.400002
2013-03-13	58.630001
2013-03-14	59.619999
2013-03-15	59.639999
2013-03-18	59.099998
2013-03-19	57.470001
2013-03-20	57.389999
2013-03-21	56.599998
2013-03-22	56.68
2013-03-25	56.360001
2013-03-26	56.790001
2013-03-27	56.869999
2013-03-28	57.200001
2013-04-01	56.959999
2013-04-02	57.849998
2013-04-03	56.369999
2013-04-04	55.509998
2013-04-05	55.52
2013-04-08	55.709999
2013-04-09	55.759998
2013-04-10	56.349998
2013-04-11	56.360001
2013-04-12	55.32
2013-04-15	54.720001
2013-04-16	57.209999
2013-04-17	56.759998
2013-04-18	57.540001
2013-04-19	58.43
2013-04-22	58.470001
2013-04-23	58.740002
2013-04-24	59.150002
2013-04-25	59.009998
2013-04-26	58.360001
2013-04-29	59.209999
2013-04-30	60.68
2013-05-01	60.009998
2013-05-02	61.130001
2013-05-03	60.849998
2013-05-06	60.57
2013-05-07	61.32
2013-05-08	61.619999
2013-05-09	60.630001
2013-05-10	60.68
2013-05-13	59.5
2013-05-14	59.950001
2013-05-15	61.389999
2013-05-16	61.25
2013-05-17	61.389999
2013-05-20	61.330002
2013-05-21	60.41
2013-05-22	59.66
2013-05-23	58.66
2013-05-24	58.27
2013-05-28	59.220001
2013-05-29	58.98
2013-05-30	58.709999
2013-05-31	57.119999
2013-06-03	57.689999
2013-06-04	56.91
2013-06-05	56.419998
2013-06-06	57.029999
2013-06-07	56.189999
2013-06-10	54.98
2013-06-11	53.540001
2013-06-12	53.48
2013-06-13	54.080002
2013-06-14	54.240002
2013-06-17	54.720001
2013-06-18	54.16
2013-06-19	52.529999
2013-06-20	50.009998
2013-06-21	51.810001
2013-06-24	50.82
2013-06-25	51.639999
2013-06-26	51.09
2013-06-27	52.740002
2013-06-28	53.52
2013-07-01	54.43
2013-07-02	53.830002
2013-07-03	53.360001
2013-07-05	53.040001
2013-07-08	52.830002
2013-07-09	53.880001
2013-07-10	53.25
2013-07-11	55.34
2013-07-12	55.349998
2013-07-15	56.5
2013-07-16	56.57
2013-07-17	56.119999
2013-07-18	56.189999
2013-07-19	55.990002
2013-07-22	56.52
2013-07-23	56.240002
2013-07-24	55.709999
2013-07-25	55.560001
2013-07-26	55.189999
2013-07-29	54.169998
2013-07-30	52.450001
2013-07-31	51.950001
2013-08-01	52.59
2013-08-02	51.630001
2013-08-05	51.169998
2013-08-06	50.060001
2013-08-07	49.599998
2013-08-08	51.130001
2013-08-09	50.689999
2013-08-12	50.740002
2013-08-13	51.630001
2013-08-14	51.849998
2013-08-15	51.23
2013-08-16	48.41
2013-08-19	46.09
2013-08-20	47.049999
2013-08-21	44.66
2013-08-22	46.299999
2013-08-23	47.209999
2013-08-26	46.389999
2013-08-27	43.220001
2013-08-28	43.16
2013-08-29	44.0
2013-08-30	45.740002
2013-09-03	43.380001
2013-09-04	46.049999
2013-09-05	47.84
2013-09-06	48.709999
2013-09-09	50.299999
2013-09-10	51.389999
2013-09-11	51.77
2013-09-12	50.869999
2013-09-13	51.68
2013-09-16	51.209999
2013-09-17	51.360001
2013-09-18	54.07
2013-09-19	54.380001
2013-09-20	52.630001
2013-09-23	52.310001
2013-09-24	51.82
2013-09-25	52.07
2013-09-26	52.48
2013-09-27	50.799999
2013-09-30	50.610001
2013-10-01	51.470001
2013-10-02	52.02
2013-10-03	52.529999
2013-10-04	53.709999
2013-10-07	53.5
2013-10-08	52.310001
2013-10-09	53.849998
2013-10-10	55.650002
2013-10-11	55.509998
2013-10-14	56.400002
2013-10-15	54.799999
2013-10-16	55.32
2013-10-17	55.57
2013-10-18	55.959999
2013-10-21	55.849998
2013-10-22	56.48
2013-10-23	55.009998
2013-10-24	55.439999
2013-10-25	55.619999
2013-10-28	55.02
2013-10-29	56.02
2013-10-30	56.279999
2013-10-31	55.959999
2013-11-01	56.380001
2013-11-04	56.599998
2013-11-05	55.619999
2013-11-06	55.200001
2013-11-07	54.07
2013-11-08	53.560001
2013-11-11	53.150002
2013-11-12	51.889999
2013-11-13	52.779999
2013-11-14	51.900002
2013-11-15	54.139999
2013-11-18	55.02
2013-11-19	54.790001
2013-11-20	53.84
2013-11-21	53.27
2013-11-22	53.700001
2013-11-25	53.790001
2013-11-26	54.029999
2013-11-27	54.240002
2013-11-29	55.27
2013-12-02	54.169998
2013-12-03	53.849998
2013-12-04	55.48
2013-12-05	55.349998
2013-12-06	56.970001
2013-12-09	57.200001
2013-12-10	57.029999
2013-12-11	55.880001
2013-12-12	54.509998
2013-12-13	54.279999
2013-12-16	54.759998
2013-12-17	54.73
2013-12-18	55.84
2013-12-19	54.349998
2013-12-20	56.009998
2013-12-23	56.02
2013-12-24	56.119999
2013-12-26	55.549999
2013-12-27	56.16
2013-12-30	56.799999
2013-12-31	56.959999
2014-01-02	54.59
2014-01-03	55.669998
2014-01-06	55.23
2014-01-07	54.98
2014-01-08	54.959999
2014-01-09	54.950001
2014-01-10	56.18
2014-01-13	56.169998
2014-01-14	56.48
2014-01-15	56.990002
2014-01-16	56.75
2014-01-17	56.07
2014-01-21	55.919998
2014-01-22	56.66
2014-01-23	56.299999
2014-01-24	54.009998
2014-01-27	53.07
2014-01-28	53.57
2014-01-29	52.66
2014-01-30	53.490002
2014-01-31	54.169998
2014-02-03	52.16
2014-02-04	53.540001
2014-02-05	53.200001
2014-02-06	53.950001
2014-02-07	54.110001
2014-02-10	53.18
2014-02-11	54.18
2014-02-12	54.060001
2014-02-13	53.700001
2014-02-14	54.130001
2014-02-18	53.880001
2014-02-19	54.049999
2014-02-20	54.400002
2014-02-21	54.869999
2014-02-24	55.080002
2014-02-25	54.610001
2014-02-26	54.790001
2014-02-27	55.700001
2014-02-28	55.720001
2014-03-03	54.5
2014-03-04	55.91
2014-03-05	56.700001
2014-03-06	57.939999
2014-03-07	57.509998
2014-03-10	58.419998
2014-03-11	57.66
2014-03-12	58.18
2014-03-13	56.709999
2014-03-14	57.360001
2014-03-17	57.950001
2014-03-18	58.380001
2014-03-19	56.669998
2014-03-20	57.669998
2014-03-21	57.610001
2014-03-24	58.740002
2014-03-25	59.470001
2014-03-26	59.27
2014-03-27	59.919998
2014-03-28	60.740002
2014-03-31	60.630001
2014-04-01	61.599998
2014-04-02	61.779999
2014-04-03	60.5
2014-04-04	60.580002
2014-04-07	60.5
2014-04-08	61.27
2014-04-09	62.27
2014-04-10	60.669998
2014-04-11	61.150002
2014-04-14	61.200001
2014-04-15	60.919998
2014-04-16	60.75
2014-04-17	61.349998
2014-04-21	61.16
2014-04-22	61.290001
2014-04-23	60.630001
2014-04-24	61.040001
2014-04-25	61.130001
2014-04-28	61.32
2014-04-29	61.66
2014-04-30	61.299999
2014-05-01	61.189999
2014-05-02	61.59
2014-05-05	61.240002
2014-05-06	61.279999
2014-05-07	60.560001
2014-05-08	60.349998
2014-05-09	62.5
2014-05-12	64.489998
2014-05-13	65.150002
2014-05-14	64.370003
2014-05-15	64.349998
2014-05-16	67.599998
2014-05-19	67.849998
2014-05-20	67.639999
2014-05-21	67.849998
2014-05-22	68.400002
2014-05-23	68.940002
2014-05-27	67.160004
2014-05-28	67.470001
2014-05-29	66.910004
2014-05-30	66.099998
2014-06-02	67.610001
2014-06-03	67.889999
2014-06-04	67.610001
2014-06-05	68.879997
2014-06-06	70.489998
2014-06-09	70.699997
2014-06-10	70.519997
2014-06-11	69.849998
2014-06-12	69.769997
2014-06-13	68.68
2014-06-16	68.050003
2014-06-17	68.900002
2014-06-18	68.940002
2014-06-19	67.980003
2014-06-20	68.139999
2014-06-23	67.870003
2014-06-24	68.220001
2014-06-25	68.589996
2014-06-26	67.589996
2014-06-27	68.25
2014-06-30	68.870003
2014-07-01	69.57
2014-07-02	71.0
2014-07-03	70.470001
2014-07-07	70.910004
2014-07-08	69.370003
2014-07-09	69.239998
2014-07-10	68.82
2014-07-11	67.849998
2014-07-14	67.800003
2014-07-15	67.900002
2014-07-16	68.690002
2014-07-17	67.68
2014-07-18	68.75
2014-07-21	69.150002
2014-07-22	70.5
2014-07-23	70.800003
2014-07-24	70.82
2014-07-25	70.470001
2014-07-28	70.610001
2014-07-29	70.260002
2014-07-30	70.040001
2014-07-31	68.669998
2014-08-01	68.860001
2014-08-04	69.349998
2014-08-05	69.25
2014-08-06	68.309998
2014-08-07	68.040001
2014-08-08	68.480003
2014-08-11	69.339996
2014-08-12	69.029999
2014-08-13	69.82
2014-08-14	70.599998
2014-08-15	70.440002
2014-08-18	71.129997
2014-08-19	71.629997
2014-08-20	71.639999
2014-08-21	71.650002
2014-08-22	71.639999
2014-08-25	71.839996
2014-08-26	71.709999
2014-08-27	72.059998
2014-08-28	71.370003
2014-08-29	71.75
2014-09-02	72.529999
2014-09-03	73.599998
2014-09-04	73.0
2014-09-05	74.25
2014-09-08	73.800003
2014-09-09	72.720001
2014-09-10	72.809998
2014-09-11	72.040001
2014-09-12	72.0
2014-09-15	71.190002
2014-09-16	71.029999
2014-09-17	70.779999
2014-09-18	72.690002
2014-09-19	72.150002
2014-09-22	71.919998
2014-09-23	71.019997
2014-09-24	71.699997
2014-09-25	69.449997
2014-09-26	70.360001
2014-09-29	70.290001
2014-09-30	70.199997
2014-10-01	69.230003
2014-10-02	69.949997
2014-10-03	70.459999
2014-10-06	71.010002
2014-10-07	69.610001
2014-10-08	70.32
2014-10-09	70.07
2014-10-10	69.18
2014-10-13	70.0
2014-10-14	69.550003
2014-10-15	69.769997
2014-10-16	68.07
2014-10-17	68.199997
2014-10-20	69.5
2014-10-21	70.169998
2014-10-22	70.050003
2014-10-23	70.269997
2014-10-24	70.779999
2014-10-27	69.889999
2014-10-28	71.07
2014-10-29	70.5
2014-10-30	72.129997
2014-10-31	74.0
2014-11-03	73.580002
2014-11-04	73.889999
2014-11-05	73.410004
2014-11-06	73.199997
2014-11-07	73.480003
2014-11-10	73.550003
2014-11-11	73.389999
2014-11-12	74.029999
2014-11-13	73.699997
2014-11-14	73.849998
2014-11-17	73.900002
2014-11-18	74.379997
2014-11-19	73.5
2014-11-20	73.690002
2014-11-21	75.120003
2014-11-24	74.660004
2014-11-25	74.010002
2014-11-26	74.309998
2014-11-28	74.220001
2014-12-01	74.019997
2014-12-02	74.480003
2014-12-03	74.669998
2014-12-04	74.489998
2014-12-05	73.989998
2014-12-08	72.830002
2014-12-09	71.389999
2014-12-10	71.010002
2014-12-11	70.470001
2014-12-12	69.300003
2014-12-15	67.510002
2014-12-16	65.959999
2014-12-17	67.860001
2014-12-18	69.510002
2014-12-19	69.339996
2014-12-22	70.110001
2014-12-23	68.989998
2014-12-24	68.230003
2014-12-26	67.949997
2014-12-29	68.550003
2014-12-30	69.300003
2014-12-31	69.650002
2015-01-02	70.540001
2015-01-05	69.629997
2015-01-06	67.639999
2015-01-07	68.669998
2015-01-08	70.809998
2015-01-09	71.330002
2015-01-12	71.5
2015-01-13	71.010002
2015-01-14	71.0
2015-01-15	73.650002
2015-01-16	74.769997
2015-01-20	75.220001
2015-01-21	76.389999
2015-01-22	77.769997
2015-01-23	77.25
2015-01-26	77.370003
2015-01-27	76.82
2015-01-28	77.400002
2015-01-29	77.220001
2015-01-30	74.669998
2015-02-02	76.309998
2015-02-03	76.470001
2015-02-04	75.599998
2015-02-05	75.669998
2015-02-06	75.18
2015-02-09	73.760002
2015-02-10	74.18
2015-02-11	74.209999
2015-02-12	75.489998
2015-02-13	76.709999
2015-02-17	76.239998
2015-02-18	76.980003
2015-02-19	77.360001
2015-02-20	77.059998
2015-02-23	75.839996
2015-02-24	76.480003
2015-02-25	76.809998
2015-02-26	76.029999
2015-02-27	77.790001
2015-03-02	77.849998
2015-03-03	78.239998
2015-03-04	77.610001
2015-03-05	77.519997
2015-03-06	76.449997
2015-03-09	75.580002
2015-03-10	74.5
2015-03-11	74.959999
2015-03-12	76.589996
2015-03-13	74.07
2015-03-16	74.82
2015-03-17	75.730003
2015-03-18	77.190002
2015-03-19	74.989998
2015-03-20	74.970001
2015-03-23	74.580002
2015-03-24	74.860001
2015-03-25	73.309998
2015-03-26	72.440002
2015-03-27	72.330002
2015-03-30	73.910004
2015-03-31	74.120003
2015-04-01	74.93
2015-04-02	75.459999
2015-04-06	75.910004
2015-04-07	75.900002
2015-04-08	76.489998
2015-04-09	77.029999
2015-04-10	77.370003
2015-04-13	77.230003
2015-04-14	77.43
2015-04-15	77.029999
2015-04-16	76.230003
2015-04-17	75.029999
2015-04-20	73.07
2015-04-21	72.32
2015-04-22	73.059998
2015-04-23	72.080002
2015-04-24	70.190002
2015-04-27	69.290001
2015-04-28	70.120003
2015-04-29	69.290001
2015-04-30	68.160004
2015-05-01	69.0
2015-05-04	70.0
2015-05-05	70.220001
2015-05-06	67.879997
2015-05-07	68.220001
2015-05-08	69.949997
2015-05-11	70.059998
2015-05-12	68.279999
2015-05-13	69.120003
2015-05-14	70.059998
2015-05-15	70.339996
2015-05-18	70.82
2015-05-19	70.75
2015-05-20	71.599998
2015-05-21	71.580002
2015-05-22	71.669998
2015-05-26	69.919998
2015-05-27	70.220001
2015-05-28	69.779999
2015-05-29	70.790001
2015-06-01	70.459999
2015-06-02	69.459999
2015-06-03	68.309998
2015-06-04	68.07
2015-06-05	68.099998
2015-06-08	67.160004
2015-06-09	66.75
2015-06-10	68.550003
2015-06-11	66.629997
2015-06-12	66.580002
2015-06-15	67.0
2015-06-16	67.279999
2015-06-17	68.470001
2015-06-18	69.650002
2015-06-19	70.010002
2015-06-22	70.709999
2015-06-23	70.919998
2015-06-24	70.349998
2015-06-25	70.440002
2015-06-26	70.839996
2015-06-29	69.25
2015-06-30	70.330002
2015-07-01	71.360001
2015-07-02	71.620003
2015-07-06	72.099998
2015-07-07	71.809998
2015-07-08	70.089996
2015-07-09	70.309998
2015-07-10	71.07
2015-07-13	71.669998
2015-07-14	71.879997
2015-07-15	72.269997
2015-07-16	73.57
2015-07-17	73.269997
2015-07-20	72.800003
2015-07-21	72.470001
2015-07-22	73.160004
2015-07-23	72.489998
2015-07-24	71.43
2015-07-27	70.230003
2015-07-28	70.25
2015-07-29	70.800003
2015-07-30	70.93
2015-07-31	72.379997
2015-08-03	71.669998
2015-08-04	72.190002
2015-08-05	73.010002
2015-08-06	72.540001
2015-08-07	72.800003
2015-08-10	72.620003
2015-08-11	71.379997
2015-08-12	69.82
2015-08-13	69.970001
2015-08-14	71.099998
2015-08-17	70.139999
2015-08-18	70.18
2015-08-19	70.489998
2015-08-20	68.709999
2015-08-21	66.610001
2015-08-24	62.349998
2015-08-25	63.32
2015-08-26	64.650002
2015-08-27	66.190002
2015-08-28	65.660004
2015-08-31	65.019997
2015-09-01	63.139999
2015-09-02	63.75
2015-09-03	64.790001
2015-09-04	62.439999
2015-09-08	63.150002
2015-09-09	62.990002
2015-09-10	63.310001
2015-09-11	64.029999
2015-09-14	64.040001
2015-09-15	64.68
2015-09-16	65.489998
2015-09-17	65.980003
2015-09-18	64.57
2015-09-21	65.419998
2015-09-22	63.66
2015-09-23	63.66
2015-09-24	63.869999
2015-09-25	64.0
2015-09-28	62.790001
2015-09-29	63.639999
2015-09-30	66.18
2015-10-01	65.300003
2015-10-02	67.0
2015-10-05	68.529999
2015-10-06	67.720001
2015-10-07	68.57
2015-10-08	68.459999
2015-10-09	68.620003
2015-10-12	67.580002
2015-10-13	66.830002
2015-10-14	66.900002
2015-10-15	67.940002
2015-10-16	69.019997
2015-10-19	68.410004
2015-10-20	68.720001
2015-10-21	68.169998
2015-10-22	69.150002
2015-10-23	69.230003
2015-10-26	68.629997
2015-10-27	67.650002
2015-10-28	67.059998
2015-10-29	66.449997
2015-10-30	66.099998
2015-11-02	66.279999
2015-11-03	67.110001
2015-11-04	65.760002
2015-11-05	64.959999
2015-11-06	64.849998
2015-11-09	63.490002
2015-11-10	62.73
2015-11-11	62.900002
2015-11-12	62.48
2015-11-13	62.360001
2015-11-16	63.389999
2015-11-17	62.900002
2015-11-18	62.299999
2015-11-19	63.189999
2015-11-20	63.27
2015-11-23	62.509998
2015-11-24	62.880001
2015-11-25	62.939999
2015-11-27	62.75
2015-11-30	63.279999
2015-12-01	63.630001
2015-12-02	62.709999
2015-12-03	61.830002
2015-12-04	62.549999
2015-12-07	61.66
2015-12-08	60.91
2015-12-09	60.200001
2015-12-10	61.049999
2015-12-11	59.619999
2015-12-14	60.790001
2015-12-15	61.830002
2015-12-16	62.830002
2015-12-17	62.869999
2015-12-18	62.790001
2015-12-21	63.310001
2015-12-22	63.049999
2015-12-23	64.07
2015-12-24	64.129997
2015-12-28	63.919998
2015-12-29	64.07
2015-12-30	63.490002
2015-12-31	63.91
2016-01-04	62.650002
2016-01-05	62.93
2016-01-06	62.119999
2016-01-07	60.290001
2016-01-08	60.290001
2016-01-11	60.619999
2016-01-12	60.450001
2016-01-13	59.93
2016-01-14	60.459999
2016-01-15	58.560001
2016-01-19	58.209999
2016-01-20	57.48
2016-01-21	57.110001
2016-01-22	58.639999
2016-01-25	57.849998
2016-01-26	58.830002
2016-01-27	58.040001
2016-01-28	58.080002
2016-01-29	60.060001
2016-02-01	59.84
2016-02-02	58.080002
2016-02-03	58.5
2016-02-04	58.810001
2016-02-05	58.73
2016-02-08	58.41
2016-02-09	57.16
2016-02-10	56.57
2016-02-11	54.599998
2016-02-12	55.119999
2016-02-16	55.389999
2016-02-17	56.220001
2016-02-18	55.880001
2016-02-19	55.98
2016-02-22	57.02
2016-02-23	55.73
2016-02-24	55.16
2016-02-25	55.189999
2016-02-26	54.900002
2016-02-29	55.290001
2016-03-01	57.959999
2016-03-02	59.360001
2016-03-03	60.080002
2016-03-04	60.860001
2016-03-07	60.880001
2016-03-08	59.91
2016-03-09	60.57
2016-03-10	59.779999
2016-03-11	60.849998
2016-03-14	60.84
2016-03-15	59.34
2016-03-16	60.950001
2016-03-17	60.880001
2016-03-18	61.459999
2016-03-21	62.369999
2016-03-22	62.240002
2016-03-23	61.709999
2016-03-24	61.950001
2016-03-28	61.41
2016-03-29	62.200001
2016-03-30	62.700001
2016-03-31	62.790001
2016-04-01	62.68
2016-04-04	62.68
2016-04-05	61.0
2016-04-06	61.799999
2016-04-07	60.139999
2016-04-08	60.529999
2016-04-11	61.700001
2016-04-12	62.57
2016-04-13	63.34
2016-04-14	63.560001
2016-04-15	63.810001
2016-04-18	64.120003
2016-04-19	64.940002
2016-04-20	64.279999
2016-04-21	63.650002
2016-04-22	63.220001
2016-04-25	62.939999
2016-04-26	63.900002
2016-04-27	64.730003
2016-04-28	62.98
2016-04-29	62.669998
2016-05-02	63.0
2016-05-03	61.75
2016-05-04	61.32
2016-05-05	61.75
2016-05-06	62.07
2016-05-09	62.5
2016-05-10	63.07
2016-05-11	63.049999
2016-05-12	63.259998
2016-05-13	62.0
2016-05-16	62.919998
2016-05-17	62.540001
2016-05-18	62.380001
2016-05-19	61.049999
2016-05-20	61.23
2016-05-23	60.759998
2016-05-24	61.200001
2016-05-25	62.900002
2016-05-26	63.889999
2016-05-27	64.650002
2016-05-31	64.25
2016-06-01	64.410004
2016-06-02	65.129997
2016-06-03	65.629997
2016-06-06	65.5
2016-06-07	65.809998
2016-06-08	66.209999
2016-06-09	65.050003
2016-06-10	64.230003
2016-06-13	63.419998
2016-06-14	63.43
2016-06-15	64.769997
2016-06-16	64.0
2016-06-17	64.25
2016-06-20	64.589996
2016-06-21	64.379997
2016-06-22	64.199997
2016-06-23	65.5
2016-06-24	62.43
2016-06-27	62.189999
2016-06-28	63.560001
2016-06-29	64.360001
2016-06-30	65.050003
2016-07-01	66.059998
2016-07-05	65.220001
2016-07-06	65.470001
2016-07-07	65.150002
2016-07-08	66.599998
2016-07-11	67.519997
2016-07-12	67.949997
2016-07-13	67.610001
2016-07-14	68.370003
2016-07-15	67.629997
2016-07-18	67.449997
2016-07-19	67.309998
2016-07-20	67.389999
2016-07-21	67.059998
2016-07-22	67.849998
2016-07-25	68.110001
2016-07-26	67.779999
2016-07-27	68.599998
2016-07-28	69.040001
2016-07-29	69.330002
2016-08-01	69.209999
2016-08-02	68.870003
2016-08-03	68.919998
2016-08-04	68.860001
2016-08-05	69.669998
2016-08-08	69.949997
2016-08-09	69.800003
2016-08-10	68.860001
2016-08-11	69.43
2016-08-12	69.989998
2016-08-15	69.919998
2016-08-16	69.089996
2016-08-17	69.110001
2016-08-18	69.5
2016-08-19	69.269997
2016-08-22	68.18
2016-08-23	68.82
2016-08-24	69.370003
2016-08-25	68.459999
2016-08-26	67.980003
2016-08-29	68.650002
2016-08-30	69.480003
2016-08-31	69.669998
2016-09-01	69.889999
2016-09-02	70.910004
2016-09-06	72.139999
2016-09-07	71.589996
2016-09-08	71.32
2016-09-09	69.639999
2016-09-12	70.220001
2016-09-13	69.089996
2016-09-14	69.370003
2016-09-15	70.169998
2016-09-16	69.599998
2016-09-19	70.050003
2016-09-20	69.57
2016-09-21	70.379997
2016-09-22	70.610001
2016-09-23	70.309998
2016-09-26	69.360001
2016-09-27	69.75
2016-09-28	70.720001
2016-09-29	68.410004
2016-09-30	69.239998
2016-10-03	70.120003
2016-10-04	70.949997
2016-10-05	70.660004
2016-10-06	70.190002
2016-10-07	69.949997
2016-10-10	70.449997
2016-10-11	69.629997
2016-10-12	69.769997
2016-10-13	68.889999
2016-10-14	68.599998
2016-10-17	68.0
2016-10-18	69.589996
2016-10-19	69.800003
2016-10-20	69.559998
2016-10-21	69.379997
2016-10-24	69.370003
2016-10-25	69.120003
2016-10-26	68.440002
2016-10-27	68.099998
2016-10-28	68.300003
2016-10-31	68.459999
2016-11-01	68.160004
2016-11-02	67.349998
2016-11-03	67.110001
2016-11-04	66.139999
2016-11-07	67.190002
2016-11-08	66.25
2016-11-09	66.75
2016-11-10	65.220001
2016-11-11	62.619999
2016-11-14	62.669998
2016-11-15	62.049999
2016-11-16	61.310001
2016-11-17	61.689999
2016-11-18	61.23
2016-11-21	60.5
2016-11-22	61.09
2016-11-23	60.700001
2016-11-25	61.82
2016-11-28	62.349998
2016-11-29	62.400002
2016-11-30	63.139999
2016-12-01	62.869999
2016-12-02	62.18
2016-12-05	62.700001
2016-12-06	63.299999
2016-12-07	63.669998
2016-12-08	64.639999
2016-12-09	64.360001
2016-12-12	63.610001
2016-12-13	64.029999
2016-12-14	62.57
2016-12-15	63.080002
2016-12-16	62.869999
2016-12-19	62.639999
2016-12-20	62.259998
2016-12-21	61.950001
2016-12-22	61.049999
2016-12-23	61.049999
2016-12-27	61.360001
2016-12-28	61.130001
2016-12-29	62.16
2016-12-30	62.599998
2017-01-03	62.860001
2017-01-04	63.209999
2017-01-05	64.129997
2017-01-06	63.669998
2017-01-09	63.299999
2017-01-10	63.560001
2017-01-11	64.199997
2017-01-12	64.980003
2017-01-13	64.519997
2017-01-17	64.669998
2017-01-18	64.620003
2017-01-19	64.75
2017-01-20	63.950001
2017-01-23	64.709999
2017-01-24	65.260002
2017-01-25	66.5
2017-01-26	66.370003
2017-01-27	66.379997
2017-01-30	66.769997
2017-01-31	66.519997
2017-02-01	67.519997
2017-02-02	67.790001
2017-02-03	68.389999
2017-02-06	68.5
2017-02-07	68.190002
2017-02-08	68.879997
2017-02-09	69.0
2017-02-10	69.32
2017-02-13	69.010002
2017-02-14	68.980003
2017-02-15	68.57
2017-02-16	68.849998
2017-02-17	68.839996
2017-02-21	70.0
2017-02-22	69.93
2017-02-23	70.330002
2017-02-24	69.669998
2017-02-27	70.07
2017-02-28	70.230003
2017-03-01	71.239998
2017-03-02	69.849998
2017-03-03	70.339996
2017-03-06	70.860001
2017-03-07	70.769997
2017-03-08	70.0
2017-03-09	70.480003
2017-03-10	70.620003
2017-03-13	72.620003
2017-03-14	72.889999
2017-03-15	74.489998
2017-03-16	74.199997
2017-03-17	73.559998
2017-03-20	74.0
2017-03-21	72.769997
2017-03-22	73.239998
2017-03-23	73.269997
2017-03-24	73.489998
2017-03-27	73.459999
2017-03-28	74.029999
2017-03-29	74.669998
2017-03-30	74.879997
2017-03-31	74.769997
2017-04-03	75.489998
2017-04-04	75.110001
2017-04-05	75.160004
2017-04-06	75.800003
2017-04-07	75.779999
2017-04-10	75.389999
2017-04-11	75.169998
2017-04-12	74.779999
2017-04-13	74.790001
2017-04-17	75.050003
2017-04-18	74.190002
2017-04-19	73.900002
2017-04-20	74.639999
2017-04-21	73.709999
2017-04-24	75.089996
2017-04-25	76.32
2017-04-26	76.93
2017-04-27	76.059998
2017-04-28	76.029999
2017-05-01	76.07
2017-05-02	76.489998
2017-05-03	76.190002
2017-05-04	76.129997
2017-05-05	75.989998
2017-05-08	75.510002
2017-05-09	75.790001
2017-05-10	76.849998
2017-05-11	77.300003
2017-05-12	77.279999
2017-05-15	78.0
2017-05-16	78.300003
2017-05-17	77.360001
2017-05-18	76.129997
2017-05-19	76.559998
2017-05-22	76.519997
2017-05-23	75.230003
2017-05-24	75.300003
2017-05-25	76.07
2017-05-26	76.900002
2017-05-30	77.18
2017-05-31	77.220001
2017-06-01	78.0
2017-06-02	78.349998
2017-06-05	78.720001
2017-06-06	78.5
2017-06-07	78.489998
2017-06-08	78.330002
2017-06-09	78.160004
2017-06-12	77.980003
2017-06-13	78.199997
2017-06-14	78.260002
2017-06-15	77.510002
2017-06-16	77.410004
2017-06-19	77.900002
2017-06-20	77.620003
2017-06-21	77.589996
2017-06-22	77.339996
2017-06-23	77.379997
2017-06-26	77.300003
2017-06-27	76.449997
2017-06-28	76.360001
2017-06-29	75.650002
2017-06-30	76.639999
2017-07-03	77.139999
2017-07-05	77.739998
2017-07-06	77.610001
2017-07-07	78.019997
2017-07-10	79.209999
2017-07-11	79.349998
2017-07-12	80.349998
2017-07-13	80.510002
2017-07-14	81.0
2017-07-17	80.989998
2017-07-18	80.559998
2017-07-19	81.379997
2017-07-20	81.510002
2017-07-21	81.040001
2017-07-24	81.900002
2017-07-25	81.93
2017-07-26	82.599998
2017-07-27	82.18
2017-07-28	82.309998
2017-07-31	82.830002
2017-08-01	83.440002
2017-08-02	83.650002
2017-08-03	83.209999
2017-08-04	83.709999
2017-08-07	83.800003
2017-08-08	83.139999
2017-08-09	81.709999
2017-08-10	79.5
2017-08-11	79.849998
2017-08-14	80.889999
2017-08-15	80.690002
2017-08-16	81.760002
2017-08-17	81.059998
2017-08-18	81.129997
2017-08-21	79.940002
2017-08-22	80.360001
2017-08-23	81.32
2017-08-24	81.339996
2017-08-25	81.589996
2017-08-28	82.419998
2017-08-29	81.110001
2017-08-30	81.629997
2017-08-31	82.010002
2017-09-01	82.779999
2017-09-05	81.75
2017-09-06	82.169998
2017-09-07	82.459999
2017-09-08	82.019997
2017-09-11	82.910004
2017-09-12	83.730003
2017-09-13	83.010002
2017-09-14	83.25
2017-09-15	83.389999
2017-09-18	83.489998
2017-09-19	83.809998
2017-09-20	83.040001
2017-09-21	82.480003
2017-09-22	81.099998
2017-09-25	79.290001
2017-09-26	79.160004
2017-09-27	78.440002
2017-09-28	78.290001
2017-09-29	79.120003
2017-10-02	78.75
2017-10-03	79.620003
2017-10-04	80.459999
2017-10-05	80.459999
2017-10-06	80.400002
2017-10-09	80.400002
2017-10-10	81.690002
2017-10-11	81.419998
2017-10-12	82.379997
2017-10-13	83.769997
2017-10-16	83.809998
2017-10-17	83.279999
2017-10-18	83.080002
2017-10-19	82.480003
2017-10-20	82.830002
2017-10-23	82.879997
2017-10-24	83.540001
2017-10-25	83.699997
2017-10-26	84.339996
2017-10-27	84.800003
2017-10-30	84.620003
2017-10-31	85.150002
2017-11-01	86.139999
2017-11-02	86.43
2017-11-03	86.199997
2017-11-06	86.760002
2017-11-07	84.800003
2017-11-08	84.739998
2017-11-09	84.239998
2017-11-10	83.75
2017-11-13	82.949997
2017-11-14	83.389999
2017-11-15	81.610001
2017-11-16	83.199997
2017-11-17	84.529999
2017-11-20	84.010002
2017-11-21	85.220001
2017-11-22	84.639999
2017-11-24	85.730003
2017-11-27	85.5
2017-11-28	85.639999
2017-11-29	85.169998
2017-11-30	84.239998
2017-12-01	82.550003
2017-12-04	86.940002
2017-12-05	83.139999
2017-12-06	82.709999
2017-12-07	84.059998
2017-12-08	84.910004
2017-12-11	85.57
2017-12-12	84.650002
2017-12-13	84.790001
2017-12-14	85.099998
2017-12-15	86.279999
2017-12-18	86.379997
2017-12-19	86.82
2017-12-20	87.099998
2017-12-21	87.190002
2017-12-22	87.989998
2017-12-26	88.120003
2017-12-27	87.610001
2017-12-28	87.440002
2017-12-29	88.32
2018-01-02	88.790001
2018-01-03	88.860001
2018-01-04	89.370003
2018-01-05	90.739998
2018-01-08	90.709999
2018-01-09	90.349998
2018-01-10	90.07
2018-01-11	90.809998
2018-01-12	90.830002
2018-01-16	90.260002
2018-01-17	91.480003
2018-01-18	90.650002
2018-01-19	91.349998
2018-01-22	92.610001
2018-01-23	93.400002
2018-01-24	93.0
2018-01-25	92.82
2018-01-26	93.059998
2018-01-29	93.07
2018-01-30	91.709999
2018-01-31	91.199997
2018-02-01	89.879997
2018-02-02	86.970001
2018-02-05	84.290001
2018-02-06	87.610001
2018-02-07	86.620003
2018-02-08	85.0
2018-02-09	84.970001
2018-02-12	87.199997
2018-02-13	87.080002
2018-02-14	87.220001
2018-02-15	88.150002
2018-02-16	85.720001
2018-02-20	84.870003
2018-02-21	84.209999
2018-02-22	84.199997
2018-02-23	85.93
2018-02-26	86.690002
2018-02-27	85.269997
2018-02-28	83.580002
2018-03-01	83.790001
2018-03-02	84.220001
2018-03-05	84.419998
2018-03-06	83.260002
2018-03-07	82.639999
2018-03-08	82.620003
2018-03-09	84.059998
2018-03-12	85.07
2018-03-13	84.690002
2018-03-14	84.150002
2018-03-15	83.5
2018-03-16	82.5
2018-03-19	80.730003
2018-03-20	82.199997
2018-03-21	83.0
2018-03-22	81.349998
2018-03-23	80.5
2018-03-26	82.900002
2018-03-27	83.18
2018-03-28	82.120003
2018-03-29	83.120003
2018-04-02	82.440002
2018-04-03	83.760002
2018-04-04	83.599998
2018-04-05	84.160004
2018-04-06	83.610001
2018-04-09	84.18
2018-04-10	84.989998
2018-04-11	85.040001
2018-04-12	85.209999
2018-04-13	85.209999
2018-04-16	85.209999
2018-04-17	85.209999
2018-04-18	85.209999
2018-04-19	85.209999
2018-04-20	85.209999
2018-04-23	85.209999
2018-04-24	85.209999
2018-04-25	85.209999
2018-04-26	85.209999
2018-04-27	85.209999
2018-04-30	85.209999
