2010-02-22	3.1
2010-02-23	3.0
2010-02-24	3.0
2010-02-25	3.0
2010-02-26	2.85
2010-03-01	3.05
2010-03-02	3.05
2010-03-03	3.05
2010-03-04	3.0
2010-03-05	3.1
2010-03-08	3.2
2010-03-09	3.15
2010-03-10	3.15
2010-03-11	3.1
2010-03-12	3.1
2010-03-15	3.4
2010-03-16	3.55
2010-03-17	3.85
2010-03-18	3.85
2010-03-19	3.8
2010-03-22	3.55
2010-03-23	3.6
2010-03-24	3.7
2010-03-25	3.85
2010-03-26	3.9
2010-03-29	3.95
2010-03-30	3.95
2010-03-31	4.05
2010-04-01	4.4
2010-04-05	4.45
2010-04-06	4.5
2010-04-07	4.45
2010-04-08	4.5
2010-04-09	4.65
2010-04-12	4.5
2010-04-13	4.4
2010-04-14	4.4
2010-04-15	4.4
2010-04-16	4.3
2010-04-19	4.2
2010-04-20	4.5
2010-04-21	4.35
2010-04-22	4.35
2010-04-23	4.3
2010-04-26	4.05
2010-04-27	3.8
2010-04-28	3.85
2010-04-29	3.95
2010-04-30	3.9
2010-05-03	3.8
2010-05-04	3.8
2010-05-05	3.7
2010-05-06	3.45
2010-05-07	3.4
2010-05-10	3.75
2010-05-11	3.8
2010-05-12	4.05
2010-05-13	3.9
2010-05-14	3.85
2010-05-17	3.7
2010-05-18	3.75
2010-05-19	3.3
2010-05-20	3.0
2010-05-21	3.0
2010-05-24	3.0
2010-05-25	3.3
2010-05-26	3.55
2010-05-27	3.65
2010-05-28	3.45
2010-06-01	3.35
2010-06-02	3.3
2010-06-03	3.1
2010-06-04	3.2
2010-06-07	3.25
2010-06-08	3.15
2010-06-09	3.15
2010-06-10	3.35
2010-06-11	3.4
2010-06-14	3.4
2010-06-15	3.6
2010-06-16	3.4
2010-06-17	3.45
2010-06-18	3.45
2010-06-21	3.35
2010-06-22	3.3
2010-06-23	3.25
2010-06-24	3.15
2010-06-25	3.3
2010-06-28	3.25
2010-06-29	3.2
2010-06-30	3.15
2010-07-01	3.15
2010-07-02	3.1
2010-07-06	2.85
2010-07-07	3.15
2010-07-08	3.15
2010-07-09	3.35
2010-07-12	3.2
2010-07-13	3.1
2010-07-14	3.1
2010-07-15	3.05
2010-07-16	3.05
2010-07-19	2.85
2010-07-20	3.0
2010-07-21	3.0
2010-07-22	3.1
2010-07-23	3.05
2010-07-26	2.95
2010-07-27	2.95
2010-07-28	3.1
2010-07-29	3.05
2010-07-30	3.35
2010-08-02	3.35
2010-08-03	3.2
2010-08-04	3.25
2010-08-05	3.35
2010-08-06	3.2
2010-08-09	3.3
2010-08-10	3.15
2010-08-11	3.2
2010-08-12	3.15
2010-08-13	3.25
2010-08-16	3.25
2010-08-17	3.25
2010-08-18	3.3
2010-08-19	3.2
2010-08-20	3.35
2010-08-23	3.3
2010-08-24	3.2
2010-08-25	3.25
2010-08-26	3.55
2010-08-27	3.55
2010-08-30	3.5
2010-08-31	3.65
2010-09-01	3.85
2010-09-02	3.9
2010-09-03	3.95
2010-09-07	3.9
2010-09-08	3.85
2010-09-09	3.9
2010-09-10	3.9
2010-09-13	3.9
2010-09-14	4.05
2010-09-15	4.0
2010-09-16	3.95
2010-09-17	4.0
2010-09-20	3.8
2010-09-21	3.75
2010-09-22	4.0
2010-09-23	3.95
2010-09-24	4.05
2010-09-27	3.95
2010-09-28	3.95
2010-09-29	4.0
2010-09-30	3.9
2010-10-01	3.95
2010-10-04	3.9
2010-10-05	4.1
2010-10-06	3.65
2010-10-07	3.55
2010-10-08	3.65
2010-10-11	3.65
2010-10-12	3.5
2010-10-13	3.5
2010-10-14	3.55
2010-10-15	3.45
2010-10-18	3.5
2010-10-19	3.3
2010-10-20	3.35
2010-10-21	3.35
2010-10-22	3.3
2010-10-25	3.35
2010-10-26	3.35
2010-10-27	3.3
2010-10-28	3.4
2010-10-29	3.45
2010-11-01	3.35
2010-11-02	3.3
2010-11-03	3.3
2010-11-04	3.4
2010-11-05	3.55
2010-11-08	3.65
2010-11-09	3.55
2010-11-10	3.55
2010-11-11	3.65
2010-11-12	3.6
2010-11-15	3.6
2010-11-16	3.45
2010-11-17	3.4
2010-11-18	3.3
2010-11-19	3.4
2010-11-22	3.5
2010-11-23	3.5
2010-11-24	3.4
2010-11-26	3.4
2010-11-29	3.3
2010-11-30	3.35
2010-12-01	3.4
2010-12-02	3.55
2010-12-03	3.55
2010-12-06	3.65
2010-12-07	3.65
2010-12-08	3.6
2010-12-09	3.7
2010-12-10	3.7
2010-12-13	3.9
2010-12-14	3.8
2010-12-15	3.95
2010-12-16	3.9
2010-12-17	3.85
2010-12-20	3.75
2010-12-21	3.75
2010-12-22	3.85
2010-12-23	3.9
2010-12-27	3.9
2010-12-28	3.9
2010-12-29	3.95
2010-12-30	4.15
2010-12-31	4.05
2011-01-03	4.05
2011-01-04	4.05
2011-01-05	4.0
2011-01-06	3.9
2011-01-07	3.9
2011-01-10	3.85
2011-01-11	4.0
2011-01-12	4.05
2011-01-13	3.95
2011-01-14	4.0
2011-01-18	4.05
2011-01-19	4.05
2011-01-20	3.9
2011-01-21	3.95
2011-01-24	4.0
2011-01-25	3.85
2011-01-26	4.05
2011-01-27	3.9
2011-01-28	3.95
2011-01-31	3.95
2011-02-01	4.05
2011-02-02	4.1
2011-02-03	4.0
2011-02-04	4.0
2011-02-07	4.15
2011-02-08	4.1
2011-02-09	4.2
2011-02-10	4.25
2011-02-11	4.35
2011-02-14	4.2
2011-02-15	4.15
2011-02-16	4.35
2011-02-17	4.45
2011-02-18	4.5
2011-02-22	4.65
2011-02-23	4.65
2011-02-24	4.55
2011-02-25	4.7
2011-02-28	4.65
2011-03-01	4.8
2011-03-02	4.75
2011-03-03	4.65
2011-03-04	4.6
2011-03-07	4.55
2011-03-08	4.45
2011-03-09	4.45
2011-03-10	4.35
2011-03-11	4.3
2011-03-14	4.4
2011-03-15	4.25
2011-03-16	4.3
2011-03-17	4.5
2011-03-18	4.35
2011-03-21	4.6
2011-03-22	4.65
2011-03-23	4.6
2011-03-24	4.6
2011-03-25	4.55
2011-03-28	4.6
2011-03-29	4.55
2011-03-30	4.6
2011-03-31	4.75
2011-04-01	4.65
2011-04-04	4.8
2011-04-05	5.3
2011-04-06	5.4
2011-04-07	5.25
2011-04-08	5.45
2011-04-11	5.45
2011-04-12	5.3
2011-04-13	5.3
2011-04-14	5.4
2011-04-15	5.45
2011-04-18	5.45
2011-04-19	5.4
2011-04-20	5.55
2011-04-21	5.55
2011-04-25	5.55
2011-04-26	5.3
2011-04-27	5.35
2011-04-28	5.65
2011-04-29	5.6
2011-05-02	5.3
2011-05-03	5.3
2011-05-04	5.0
2011-05-05	4.85
2011-05-06	5.05
2011-05-09	5.3
2011-05-10	5.45
2011-05-11	5.2
2011-05-12	5.0
2011-05-13	4.85
2011-05-16	4.8
2011-05-17	4.8
2011-05-18	4.9
2011-05-19	5.0
2011-05-20	5.0
2011-05-23	5.0
2011-05-24	4.95
2011-05-25	5.0
2011-05-26	5.0
2011-05-27	4.9
2011-05-31	5.05
2011-06-01	5.0
2011-06-02	5.2
2011-06-03	5.45
2011-06-06	5.45
2011-06-07	5.25
2011-06-08	5.25
2011-06-09	5.25
2011-06-10	5.5
2011-06-13	5.85
2011-06-14	5.95
2011-06-15	6.1
2011-06-16	6.05
2011-06-17	5.95
2011-06-20	6.0
2011-06-21	6.2
2011-06-22	5.9
2011-06-23	5.5
2011-06-24	5.75
2011-06-27	5.9
2011-06-28	5.75
2011-06-29	6.05
2011-06-30	6.1
2011-07-01	6.1
2011-07-05	6.55
2011-07-06	7.05
2011-07-07	6.95
2011-07-08	7.05
2011-07-11	7.2
2011-07-12	7.2
2011-07-13	7.25
2011-07-14	7.65
2011-07-15	8.0
2011-07-18	8.45
2011-07-19	8.0
2011-07-20	7.8
2011-07-21	7.9
2011-07-22	8.05
2011-07-25	8.1
2011-07-26	7.95
2011-07-27	7.65
2011-07-28	7.6
2011-07-29	7.25
2011-08-01	7.25
2011-08-02	7.45
2011-08-03	7.7
2011-08-04	7.15
2011-08-05	7.25
2011-08-08	7.05
2011-08-09	6.8
2011-08-10	7.1
2011-08-11	7.1
2011-08-12	7.1
2011-08-15	7.25
2011-08-16	7.2
2011-08-17	7.0
2011-08-18	6.9
2011-08-19	6.85
2011-08-22	7.15
2011-08-23	6.85
2011-08-24	6.5
2011-08-25	6.4
2011-08-26	6.9
2011-08-29	7.05
2011-08-30	7.8
2011-08-31	7.45
2011-09-01	7.35
2011-09-02	7.45
2011-09-06	7.25
2011-09-07	7.25
2011-09-08	7.25
2011-09-09	7.3
2011-09-12	6.8
2011-09-13	6.65
2011-09-14	6.75
2011-09-15	6.85
2011-09-16	6.9
2011-09-19	6.5
2011-09-20	6.35
2011-09-21	6.3
2011-09-22	5.55
2011-09-23	5.25
2011-09-26	5.3
2011-09-27	5.5
2011-09-28	5.15
2011-09-29	4.9
2011-09-30	5.0
2011-10-03	4.95
2011-10-04	4.75
2011-10-05	5.15
2011-10-06	5.75
2011-10-07	5.8
2011-10-10	5.8
2011-10-11	6.05
2011-10-12	6.1
2011-10-13	6.05
2011-10-14	6.25
2011-10-17	6.05
2011-10-18	5.9
2011-10-19	5.6
2011-10-20	5.6
2011-10-21	5.8
2011-10-24	5.75
2011-10-25	6.05
2011-10-26	6.25
2011-10-27	6.35
2011-10-28	6.6
2011-10-31	6.35
2011-11-01	6.05
2011-11-02	6.3
2011-11-03	6.4
2011-11-04	6.35
2011-11-07	6.65
2011-11-08	6.85
2011-11-09	6.5
2011-11-10	6.9
2011-11-11	7.15
2011-11-14	6.8
2011-11-15	6.95
2011-11-16	7.05
2011-11-17	6.6
2011-11-18	6.45
2011-11-21	6.2
2011-11-22	6.45
2011-11-23	6.35
2011-11-25	6.0
2011-11-28	6.5
2011-11-29	6.4
2011-11-30	6.6
2011-12-01	6.85
2011-12-02	6.75
2011-12-05	6.7
2011-12-06	6.75
2011-12-07	6.65
2011-12-08	6.5
2011-12-09	6.75
2011-12-12	6.15
2011-12-13	5.85
2011-12-14	5.65
2011-12-15	5.85
2011-12-16	6.1
2011-12-19	5.7
2011-12-20	5.9
2011-12-21	5.75
2011-12-22	5.95
2011-12-23	6.05
2011-12-27	6.05
2011-12-28	5.7
2011-12-29	5.7
2011-12-30	6.0
2012-01-03	6.1
2012-01-04	6.25
2012-01-05	6.15
2012-01-06	6.2
2012-01-09	6.15
2012-01-10	6.15
2012-01-11	6.2
2012-01-12	6.35
2012-01-13	6.3
2012-01-17	6.15
2012-01-18	6.45
2012-01-19	6.3
2012-01-20	6.35
2012-01-23	6.35
2012-01-24	6.3
2012-01-25	6.9
2012-01-26	6.9
2012-01-27	7.1
2012-01-30	7.15
2012-01-31	7.15
2012-02-01	7.2
2012-02-02	7.2
2012-02-03	7.4
2012-02-06	7.35
2012-02-07	7.5
2012-02-08	7.3
2012-02-09	7.5
2012-02-10	7.5
2012-02-13	7.5
2012-02-14	7.55
2012-02-15	7.5
2012-02-16	8.15
2012-02-17	8.1
2012-02-21	8.25
2012-02-22	8.45
2012-02-23	8.65
2012-02-24	8.35
2012-02-27	8.55
2012-02-28	8.65
2012-02-29	8.35
2012-03-01	8.85
2012-03-02	9.0
2012-03-05	8.75
2012-03-06	8.3
2012-03-07	8.55
2012-03-08	8.8
2012-03-09	9.05
2012-03-12	9.1
2012-03-13	9.05
2012-03-14	8.65
2012-03-15	8.75
2012-03-16	9.15
2012-03-19	9.7
2012-03-20	9.65
2012-03-21	9.85
2012-03-22	9.4
2012-03-23	9.1
2012-03-26	9.5
2012-03-27	9.7
2012-03-28	9.35
2012-03-29	9.25
2012-03-30	9.5
2012-04-02	9.7
2012-04-03	9.35
2012-04-04	8.75
2012-04-05	8.6
2012-04-09	8.4
2012-04-10	8.45
2012-04-11	8.55
2012-04-12	9.2
2012-04-13	8.95
2012-04-16	8.55
2012-04-17	8.5
2012-04-18	8.25
2012-04-19	8.4
2012-04-20	8.35
2012-04-23	8.25
2012-04-24	8.6
2012-04-25	8.7
2012-04-26	9.1
2012-04-27	9.25
2012-04-30	9.2
2012-05-01	9.45
2012-05-02	9.2
2012-05-03	9.1
2012-05-04	9.05
2012-05-07	8.65
2012-05-08	8.25
2012-05-09	8.41
2012-05-10	8.59
2012-05-11	8.36
2012-05-14	7.84
2012-05-15	7.68
2012-05-16	7.46
2012-05-17	7.41
2012-05-18	7.79
2012-05-21	7.79
2012-05-22	7.75
2012-05-23	7.93
2012-05-24	8.19
2012-05-25	8.12
2012-05-29	7.92
2012-05-30	7.9
2012-05-31	7.75
2012-06-01	8.05
2012-06-04	8.3
2012-06-05	8.69
2012-06-06	8.8
2012-06-07	8.64
2012-06-08	8.68
2012-06-11	8.7
2012-06-12	8.82
2012-06-13	8.78
2012-06-14	8.94
2012-06-15	8.9
2012-06-18	8.86
2012-06-19	8.83
2012-06-20	8.72
2012-06-21	8.28
2012-06-22	8.08
2012-06-25	8.27
2012-06-26	8.08
2012-06-27	8.07
2012-06-28	7.72
2012-06-29	8.2
2012-07-02	8.2
2012-07-03	8.46
2012-07-05	8.47
2012-07-06	8.34
2012-07-09	8.5
2012-07-10	8.25
2012-07-11	8.25
2012-07-12	8.46
2012-07-13	8.57
2012-07-16	8.69
2012-07-17	8.69
2012-07-18	8.58
2012-07-19	8.73
2012-07-20	8.48
2012-07-23	8.48
2012-07-24	8.5
2012-07-25	8.9
2012-07-26	9.1
2012-07-27	9.31
2012-07-30	9.21
2012-07-31	8.98
2012-08-01	8.99
2012-08-02	8.94
2012-08-03	9.0
2012-08-06	9.0
2012-08-07	9.22
2012-08-08	9.35
2012-08-09	9.3
2012-08-10	9.35
2012-08-13	9.31
2012-08-14	9.22
2012-08-15	9.32
2012-08-16	9.52
2012-08-17	9.91
2012-08-20	10.3
2012-08-21	10.98
2012-08-22	10.82
2012-08-23	9.57
2012-08-24	9.77
2012-08-27	9.7
2012-08-28	9.76
2012-08-29	9.71
2012-08-30	9.52
2012-08-31	9.75
2012-09-04	9.77
2012-09-05	9.77
2012-09-06	9.86
2012-09-07	10.16
2012-09-10	10.1
2012-09-11	10.12
2012-09-12	10.09
2012-09-13	10.31
2012-09-14	10.69
2012-09-17	10.78
2012-09-18	11.29
2012-09-19	12.08
2012-09-20	11.82
2012-09-21	12.6
2012-09-24	12.55
2012-09-25	12.19
2012-09-26	12.33
2012-09-27	12.7
2012-09-28	12.86
2012-10-01	13.4
2012-10-02	13.46
2012-10-03	13.38
2012-10-04	14.23
2012-10-05	14.73
2012-10-08	15.07
2012-10-09	14.02
2012-10-10	13.65
2012-10-11	14.0
2012-10-12	13.62
2012-10-15	13.56
2012-10-16	13.75
2012-10-17	13.94
2012-10-18	13.75
2012-10-19	13.59
2012-10-22	13.68
2012-10-23	13.5
2012-10-24	13.54
2012-10-25	13.85
2012-10-26	13.74
2012-10-31	14.04
2012-11-01	13.95
2012-11-02	13.69
2012-11-05	13.5
2012-11-06	13.46
2012-11-07	13.86
2012-11-08	14.24
2012-11-09	14.26
2012-11-12	14.48
2012-11-13	13.78
2012-11-14	12.53
2012-11-15	10.99
2012-11-16	11.24
2012-11-19	11.9
2012-11-20	11.83
2012-11-21	11.87
2012-11-23	12.26
2012-11-26	12.23
2012-11-27	12.34
2012-11-28	12.19
2012-11-29	12.35
2012-11-30	12.28
2012-12-03	12.09
2012-12-04	11.76
2012-12-05	11.59
2012-12-06	11.58
2012-12-07	11.78
2012-12-10	12.15
2012-12-11	12.09
2012-12-12	12.43
2012-12-13	12.36
2012-12-14	12.55
2012-12-17	11.99
2012-12-18	11.55
2012-12-19	11.5
2012-12-20	11.39
2012-12-21	11.89
2012-12-24	11.65
2012-12-26	11.73
2012-12-27	11.7
2012-12-28	11.46
2012-12-31	11.8
2013-01-02	12.37
2013-01-03	11.78
2013-01-04	11.74
2013-01-07	11.66
2013-01-08	11.95
2013-01-09	12.29
2013-01-10	12.41
2013-01-11	12.45
2013-01-14	12.68
2013-01-15	12.87
2013-01-16	12.76
2013-01-17	13.11
2013-01-18	13.11
2013-01-22	13.13
2013-01-23	12.66
2013-01-24	12.18
2013-01-25	11.91
2013-01-28	11.53
2013-01-29	11.71
2013-01-30	11.87
2013-01-31	12.12
2013-02-01	12.16
2013-02-04	12.4
2013-02-05	12.2
2013-02-06	12.3
2013-02-07	12.42
2013-02-08	12.31
2013-02-11	11.93
2013-02-12	12.08
2013-02-13	11.98
2013-02-14	11.86
2013-02-15	10.86
2013-02-19	10.02
2013-02-20	9.16
2013-02-21	9.41
2013-02-22	9.44
2013-02-25	9.82
2013-02-26	9.63
2013-02-27	9.45
2013-02-28	9.4
2013-03-01	9.14
2013-03-04	8.4
2013-03-05	8.53
2013-03-06	8.82
2013-03-07	8.85
2013-03-08	9.26
2013-03-11	9.61
2013-03-12	9.96
2013-03-13	9.7
2013-03-14	9.76
2013-03-15	10.08
2013-03-18	9.91
2013-03-19	9.84
2013-03-20	9.8
2013-03-21	9.94
2013-03-22	9.83
2013-03-25	9.71
2013-03-26	9.33
2013-03-27	9.63
2013-03-28	9.45
2013-04-01	9.24
2013-04-02	8.95
2013-04-03	8.54
2013-04-04	9.0
2013-04-05	9.21
2013-04-08	9.0
2013-04-09	9.28
2013-04-10	9.04
2013-04-11	8.96
2013-04-12	8.2
2013-04-15	7.0
2013-04-16	6.95
2013-04-17	6.34
2013-04-18	7.02
2013-04-19	7.08
2013-04-22	7.44
2013-04-23	7.36
2013-04-24	7.79
2013-04-25	8.1
2013-04-26	7.8
2013-04-29	7.94
2013-04-30	8.07
2013-05-01	7.82
2013-05-02	7.89
2013-05-03	7.7
2013-05-06	7.87
2013-05-07	7.33
2013-05-08	7.67
2013-05-09	7.41
2013-05-10	7.71
2013-05-13	7.56
2013-05-14	7.42
2013-05-15	6.88
2013-05-16	6.88
2013-05-17	6.7
2013-05-20	7.0
2013-05-21	6.78
2013-05-22	6.95
2013-05-23	7.16
2013-05-24	7.08
2013-05-28	6.98
2013-05-29	7.16
2013-05-30	7.51
2013-05-31	7.48
2013-06-03	8.05
2013-06-04	7.94
2013-06-05	7.94
2013-06-06	8.04
2013-06-07	7.68
2013-06-10	7.69
2013-06-11	7.33
2013-06-12	7.26
2013-06-13	7.41
2013-06-14	7.41
2013-06-17	7.29
2013-06-18	7.17
2013-06-19	6.95
2013-06-20	6.56
2013-06-21	6.4
2013-06-24	5.89
2013-06-25	5.67
2013-06-26	5.17
2013-06-27	4.89
2013-06-28	5.85
2013-07-01	6.15
2013-07-02	5.74
2013-07-03	5.97
2013-07-05	5.72
2013-07-08	5.81
2013-07-09	5.94
2013-07-10	6.1
2013-07-11	6.65
2013-07-12	6.51
2013-07-15	6.28
2013-07-16	6.17
2013-07-17	6.06
2013-07-18	5.98
2013-07-19	5.96
2013-07-22	6.45
2013-07-23	6.66
2013-07-24	6.09
2013-07-25	5.96
2013-07-26	5.93
2013-07-29	5.92
2013-07-30	5.8
2013-07-31	5.73
2013-08-01	5.5
2013-08-02	5.25
2013-08-05	5.35
2013-08-06	5.18
2013-08-07	5.03
2013-08-08	5.44
2013-08-09	5.55
2013-08-12	5.93
2013-08-13	6.01
2013-08-14	6.01
2013-08-15	6.5
2013-08-16	6.69
2013-08-19	6.42
2013-08-20	6.55
2013-08-21	6.49
2013-08-22	6.48
2013-08-23	6.84
2013-08-26	7.13
2013-08-27	6.86
2013-08-28	6.71
2013-08-29	6.63
2013-08-30	6.54
2013-09-03	6.43
2013-09-04	6.4
2013-09-05	6.12
2013-09-06	6.26
2013-09-09	6.29
2013-09-10	5.91
2013-09-11	5.85
2013-09-12	5.37
2013-09-13	5.51
2013-09-16	5.34
2013-09-17	5.5
2013-09-18	5.99
2013-09-19	5.9
2013-09-20	5.48
2013-09-23	5.28
2013-09-24	5.49
2013-09-25	5.5
2013-09-26	5.44
2013-09-27	5.42
2013-09-30	5.38
2013-10-01	5.22
2013-10-02	5.23
2013-10-03	5.07
2013-10-04	5.12
2013-10-07	5.02
2013-10-08	4.93
2013-10-09	4.96
2013-10-10	4.92
2013-10-11	4.74
2013-10-14	4.8
2013-10-15	4.9
2013-10-16	4.9
2013-10-17	5.1
2013-10-18	5.02
2013-10-21	5.19
2013-10-22	5.51
2013-10-23	5.45
2013-10-24	5.74
2013-10-25	5.71
2013-10-28	5.8
2013-10-29	5.38
2013-10-30	5.39
2013-10-31	5.39
2013-11-01	5.24
2013-11-04	5.51
2013-11-05	5.4
2013-11-06	5.4
2013-11-07	5.12
2013-11-08	5.43
2013-11-11	5.37
2013-11-12	5.19
2013-11-13	5.25
2013-11-14	5.35
2013-11-15	5.11
2013-11-18	5.06
2013-11-19	4.92
2013-11-20	4.64
2013-11-21	4.46
2013-11-22	4.41
2013-11-25	4.32
2013-11-26	4.21
2013-11-27	4.23
2013-11-29	4.56
2013-12-02	4.2
2013-12-03	4.2
2013-12-04	4.39
2013-12-05	4.24
2013-12-06	4.01
2013-12-09	4.09
2013-12-10	4.18
2013-12-11	4.09
2013-12-12	4.21
2013-12-13	4.2
2013-12-16	4.37
2013-12-17	4.26
2013-12-18	4.18
2013-12-19	4.08
2013-12-20	4.18
2013-12-23	4.0
2013-12-24	4.0
2013-12-26	4.06
2013-12-27	4.21
2013-12-30	4.12
2013-12-31	4.27
2014-01-02	4.58
2014-01-03	4.54
2014-01-06	4.47
2014-01-07	4.46
2014-01-08	4.29
2014-01-09	4.26
2014-01-10	4.32
2014-01-13	4.52
2014-01-14	4.36
2014-01-15	4.52
2014-01-16	5.0
2014-01-17	5.21
2014-01-21	5.27
2014-01-22	5.12
2014-01-23	5.18
2014-01-24	5.29
2014-01-27	4.98
2014-01-28	5.03
2014-01-29	5.19
2014-01-30	5.03
2014-01-31	5.01
2014-02-03	5.12
2014-02-04	4.99
2014-02-05	5.03
2014-02-06	4.97
2014-02-07	5.16
2014-02-10	5.38
2014-02-11	5.65
2014-02-12	5.48
2014-02-13	5.61
2014-02-14	5.83
2014-02-18	5.86
2014-02-19	5.55
2014-02-20	5.79
2014-02-21	5.71
2014-02-24	5.77
2014-02-25	5.58
2014-02-26	5.35
2014-02-27	5.38
2014-02-28	5.28
2014-03-03	5.5
2014-03-04	5.4
2014-03-05	5.26
2014-03-06	5.36
2014-03-07	5.31
2014-03-10	5.2
2014-03-11	5.49
2014-03-12	6.13
2014-03-13	6.76
2014-03-14	6.71
2014-03-17	6.45
2014-03-18	6.39
2014-03-19	6.07
2014-03-20	6.22
2014-03-21	6.23
2014-03-24	5.75
2014-03-25	5.81
2014-03-26	5.57
2014-03-27	5.62
2014-03-28	5.78
2014-03-31	5.57
2014-04-01	5.56
2014-04-02	5.88
2014-04-03	5.84
2014-04-04	5.94
2014-04-07	5.78
2014-04-08	5.92
2014-04-09	5.93
2014-04-10	5.97
2014-04-11	5.74
2014-04-14	5.78
2014-04-15	5.51
2014-04-16	5.51
2014-04-17	5.37
2014-04-21	5.45
2014-04-22	5.26
2014-04-23	5.37
2014-04-24	5.27
2014-04-25	5.53
2014-04-28	5.4
2014-04-29	5.57
2014-04-30	5.61
2014-05-01	5.45
2014-05-02	5.91
2014-05-05	5.86
2014-05-06	5.85
2014-05-07	5.69
2014-05-08	5.82
2014-05-09	5.75
2014-05-12	5.83
2014-05-13	5.74
2014-05-14	5.82
2014-05-15	5.63
2014-05-16	5.57
2014-05-19	5.56
2014-05-20	5.55
2014-05-21	5.57
2014-05-22	5.63
2014-05-23	5.59
2014-05-27	5.42
2014-05-28	5.24
2014-05-29	5.26
2014-05-30	5.31
2014-06-02	5.23
2014-06-03	5.23
2014-06-04	5.21
2014-06-05	5.28
2014-06-06	5.25
2014-06-09	5.16
2014-06-10	5.38
2014-06-11	5.63
2014-06-12	6.12
2014-06-13	6.13
2014-06-16	6.26
2014-06-17	6.39
2014-06-18	6.66
2014-06-19	7.09
2014-06-20	6.98
2014-06-23	7.14
2014-06-24	6.83
2014-06-25	6.89
2014-06-26	6.78
2014-06-27	6.68
2014-06-30	6.92
2014-07-01	6.81
2014-07-02	6.95
2014-07-03	7.1
2014-07-07	6.92
2014-07-08	7.14
2014-07-09	7.54
2014-07-10	7.09
2014-07-11	7.27
2014-07-14	7.0
2014-07-15	6.7
2014-07-16	6.63
2014-07-17	7.01
2014-07-18	6.84
2014-07-21	6.94
2014-07-22	6.84
2014-07-23	6.67
2014-07-24	6.46
2014-07-25	6.88
2014-07-28	6.99
2014-07-29	6.84
2014-07-30	6.85
2014-07-31	6.79
2014-08-01	6.85
2014-08-04	6.59
2014-08-05	6.72
2014-08-06	6.25
2014-08-07	5.99
2014-08-08	5.89
2014-08-11	5.92
2014-08-12	6.08
2014-08-13	6.02
2014-08-14	5.86
2014-08-15	5.94
2014-08-18	6.08
2014-08-19	5.96
2014-08-20	5.86
2014-08-21	5.82
2014-08-22	5.88
2014-08-25	5.79
2014-08-26	5.79
2014-08-27	5.82
2014-08-28	5.92
2014-08-29	5.94
2014-09-02	5.6
2014-09-03	5.46
2014-09-04	5.22
2014-09-05	5.27
2014-09-08	5.11
2014-09-09	5.2
2014-09-10	5.12
2014-09-11	5.1
2014-09-12	4.88
2014-09-15	5.08
2014-09-16	5.17
2014-09-17	4.91
2014-09-18	4.75
2014-09-19	4.63
2014-09-22	4.27
2014-09-23	4.24
2014-09-24	4.19
2014-09-25	4.55
2014-09-26	4.45
2014-09-29	4.36
2014-09-30	4.3
2014-10-01	4.34
2014-10-02	4.35
2014-10-03	4.04
2014-10-06	4.25
2014-10-07	3.97
2014-10-08	4.3
2014-10-09	4.08
2014-10-10	3.96
2014-10-13	4.17
2014-10-14	4.31
2014-10-15	4.39
2014-10-16	4.46
2014-10-17	4.13
2014-10-20	4.19
2014-10-21	4.13
2014-10-22	3.86
2014-10-23	4.02
2014-10-24	3.81
2014-10-27	3.72
2014-10-28	3.78
2014-10-29	3.49
2014-10-30	2.91
2014-10-31	2.89
2014-11-03	2.89
2014-11-04	2.6
2014-11-05	2.45
2014-11-06	2.55
2014-11-07	2.7
2014-11-10	2.55
2014-11-11	2.91
2014-11-12	2.62
2014-11-13	2.58
2014-11-14	2.89
2014-11-17	3.11
2014-11-18	3.26
2014-11-19	2.86
2014-11-20	3.05
2014-11-21	3.09
2014-11-24	3.06
2014-11-25	3.15
2014-11-26	2.99
2014-11-28	2.66
2014-12-01	3.0
2014-12-02	2.75
2014-12-03	3.03
2014-12-04	2.87
2014-12-05	2.84
2014-12-08	2.97
2014-12-09	3.22
2014-12-10	3.28
2014-12-11	3.05
2014-12-12	2.95
2014-12-15	2.75
2014-12-16	2.71
2014-12-17	2.86
2014-12-18	3.21
2014-12-19	3.1
2014-12-22	2.92
2014-12-23	2.87
2014-12-24	3.19
2014-12-26	3.25
2014-12-29	3.14
2014-12-30	3.43
2014-12-31	3.4
2015-01-02	3.74
2015-01-05	3.78
2015-01-06	4.01
2015-01-07	3.8
2015-01-08	3.68
2015-01-09	3.78
2015-01-12	3.98
2015-01-13	3.77
2015-01-14	3.77
2015-01-15	3.98
2015-01-16	4.06
2015-01-20	4.23
2015-01-21	4.15
2015-01-22	4.09
2015-01-23	3.87
2015-01-26	3.98
2015-01-27	4.15
2015-01-28	3.92
2015-01-29	3.91
2015-01-30	4.04
2015-02-02	4.0
2015-02-03	3.9
2015-02-04	4.02
2015-02-05	4.1
2015-02-06	3.85
2015-02-09	3.93
2015-02-10	3.82
2015-02-11	3.68
2015-02-12	3.6
2015-02-13	3.74
2015-02-17	3.62
2015-02-18	3.55
2015-02-19	3.49
2015-02-20	3.31
2015-02-23	3.42
2015-02-24	3.39
2015-02-25	3.53
2015-02-26	3.55
2015-02-27	3.62
2015-03-02	3.4
2015-03-03	3.33
2015-03-04	3.19
2015-03-05	3.14
2015-03-06	2.97
2015-03-09	2.76
2015-03-10	2.74
2015-03-11	2.86
2015-03-12	2.77
2015-03-13	2.93
2015-03-16	2.94
2015-03-17	2.96
2015-03-18	3.11
2015-03-19	3.13
2015-03-20	3.3
2015-03-23	3.31
2015-03-24	3.37
2015-03-25	3.45
2015-03-26	3.36
2015-03-27	3.38
2015-03-30	3.29
2015-03-31	3.28
2015-04-01	3.44
2015-04-02	3.49
2015-04-06	3.68
2015-04-07	3.72
2015-04-08	3.54
2015-04-09	3.57
2015-04-10	3.7
2015-04-13	3.58
2015-04-14	3.51
2015-04-15	3.66
2015-04-16	3.58
2015-04-17	3.61
2015-04-20	3.56
2015-04-21	3.64
2015-04-22	3.53
2015-04-23	3.57
2015-04-24	3.41
2015-04-27	3.53
2015-04-28	3.66
2015-04-29	3.65
2015-04-30	3.58
2015-05-01	3.46
2015-05-04	3.46
2015-05-05	3.32
2015-05-06	3.34
2015-05-07	3.28
2015-05-08	3.45
2015-05-11	3.35
2015-05-12	3.51
2015-05-13	3.58
2015-05-14	3.62
2015-05-15	3.6
2015-05-18	3.59
2015-05-19	3.35
2015-05-20	3.44
2015-05-21	3.39
2015-05-22	3.37
2015-05-26	3.22
2015-05-27	3.2
2015-05-28	3.24
2015-05-29	3.32
2015-06-01	3.25
2015-06-02	3.32
2015-06-03	3.24
2015-06-04	3.18
2015-06-05	3.15
2015-06-08	3.33
2015-06-09	3.2
2015-06-10	3.3
2015-06-11	3.2
2015-06-12	3.16
2015-06-15	3.18
2015-06-16	3.11
2015-06-17	3.15
2015-06-18	3.23
2015-06-19	3.03
2015-06-22	3.06
2015-06-23	3.01
2015-06-24	3.0
2015-06-25	3.06
2015-06-26	3.0
2015-06-29	3.04
2015-06-30	2.94
2015-07-01	2.87
2015-07-02	3.2
2015-07-06	3.29
2015-07-07	3.16
2015-07-08	3.07
2015-07-09	3.04
2015-07-10	3.03
2015-07-13	3.11
2015-07-14	3.02
2015-07-15	3.03
2015-07-16	3.13
2015-07-17	2.96
2015-07-20	2.65
2015-07-21	2.6
2015-07-22	2.51
2015-07-23	2.3
2015-07-24	2.5
2015-07-27	2.35
2015-07-28	2.42
2015-07-29	2.45
2015-07-30	2.43
2015-07-31	2.55
2015-08-03	2.44
2015-08-04	2.5
2015-08-05	2.3
2015-08-06	2.49
2015-08-07	2.45
2015-08-10	2.7
2015-08-11	2.83
2015-08-12	3.09
2015-08-13	2.89
2015-08-14	2.83
2015-08-17	2.89
2015-08-18	2.9
2015-08-19	2.96
2015-08-20	3.02
2015-08-21	2.95
2015-08-24	2.8
2015-08-25	2.65
2015-08-26	2.5
2015-08-27	2.69
2015-08-28	2.84
2015-08-31	2.73
2015-09-01	2.64
2015-09-02	2.62
2015-09-03	2.62
2015-09-04	2.61
2015-09-08	2.53
2015-09-09	2.49
2015-09-10	2.52
2015-09-11	2.55
2015-09-14	2.64
2015-09-15	2.51
2015-09-16	2.71
2015-09-17	2.87
2015-09-18	2.85
2015-09-21	2.85
2015-09-22	2.76
2015-09-23	2.73
2015-09-24	2.9
2015-09-25	2.78
2015-09-28	2.64
2015-09-29	2.62
2015-09-30	2.67
2015-10-01	2.57
2015-10-02	2.83
2015-10-05	2.95
2015-10-06	2.9
2015-10-07	2.89
2015-10-08	2.81
2015-10-09	3.02
2015-10-12	2.96
2015-10-13	2.9
2015-10-14	3.05
2015-10-15	3.1
2015-10-16	3.03
2015-10-19	2.94
2015-10-20	2.98
2015-10-21	2.9
2015-10-22	2.99
2015-10-23	3.04
2015-10-26	3.0
2015-10-27	2.68
2015-10-28	2.66
2015-10-29	2.65
2015-10-30	2.65
2015-11-02	2.65
2015-11-03	2.69
2015-11-04	2.76
2015-11-05	2.72
2015-11-06	2.67
2015-11-09	2.7
2015-11-10	2.66
2015-11-11	2.7
2015-11-12	2.68
2015-11-13	2.65
2015-11-16	2.67
2015-11-17	2.53
2015-11-18	2.65
2015-11-19	2.7
2015-11-20	2.59
2015-11-23	2.64
2015-11-24	2.64
2015-11-25	2.66
2015-11-27	2.59
2015-11-30	2.64
2015-12-01	2.73
2015-12-02	2.66
2015-12-03	2.68
2015-12-04	2.88
2015-12-07	2.76
2015-12-08	2.65
2015-12-09	2.67
2015-12-10	2.64
2015-12-11	2.66
2015-12-14	2.61
2015-12-15	2.57
2015-12-16	2.69
2015-12-17	2.54
2015-12-18	2.63
2015-12-21	2.63
2015-12-22	2.61
2015-12-23	2.75
2015-12-24	2.74
2015-12-28	2.69
2015-12-29	2.62
2015-12-30	2.57
2015-12-31	2.63
2016-01-04	2.59
2016-01-05	2.62
2016-01-06	2.65
2016-01-07	2.69
2016-01-08	2.68
2016-01-11	2.55
2016-01-12	2.38
2016-01-13	2.4
2016-01-14	2.31
2016-01-15	2.23
2016-01-19	2.05
2016-01-20	2.02
2016-01-21	2.07
2016-01-22	2.05
2016-01-25	2.06
2016-01-26	2.14
2016-01-27	2.22
2016-01-28	2.23
2016-01-29	2.28
2016-02-01	2.31
2016-02-02	2.24
2016-02-03	2.4
2016-02-04	2.46
2016-02-05	2.57
2016-02-08	2.72
2016-02-09	2.58
2016-02-10	2.54
2016-02-11	2.77
2016-02-12	2.81
2016-02-16	2.66
2016-02-17	2.65
2016-02-18	2.9
2016-02-19	2.82
2016-02-22	2.83
2016-02-23	2.81
2016-02-24	2.86
2016-02-25	2.91
2016-02-26	2.85
2016-02-29	2.97
2016-03-01	2.8
2016-03-02	3.04
2016-03-03	3.27
2016-03-04	3.11
2016-03-07	3.17
2016-03-08	3.0
2016-03-09	3.04
2016-03-10	3.21
2016-03-11	3.11
2016-03-14	3.14
2016-03-15	3.14
2016-03-16	3.33
2016-03-17	3.34
2016-03-18	3.38
2016-03-21	3.33
2016-03-22	3.35
2016-03-23	3.15
2016-03-24	3.14
2016-03-28	3.08
2016-03-29	3.31
2016-03-30	3.27
2016-03-31	3.29
2016-04-01	3.34
2016-04-04	3.18
2016-04-05	3.35
2016-04-06	3.32
2016-04-07	3.34
2016-04-08	3.54
2016-04-11	3.85
2016-04-12	3.89
2016-04-13	3.91
2016-04-14	3.83
2016-04-15	3.89
2016-04-18	3.93
2016-04-19	4.18
2016-04-20	3.91
2016-04-21	4.04
2016-04-22	3.98
2016-04-25	3.8
2016-04-26	3.96
2016-04-27	3.91
2016-04-28	4.12
2016-04-29	4.27
2016-05-02	4.17
2016-05-03	4.05
2016-05-04	3.88
2016-05-05	3.92
2016-05-06	4.17
2016-05-09	3.92
2016-05-10	4.1
2016-05-11	4.3
2016-05-12	4.22
2016-05-13	4.19
2016-05-16	4.29
2016-05-17	4.39
2016-05-18	4.15
2016-05-19	4.14
2016-05-20	3.93
2016-05-23	3.93
2016-05-24	3.57
2016-05-25	3.75
2016-05-26	3.71
2016-05-27	3.49
2016-05-31	3.59
2016-06-01	3.55
2016-06-02	3.55
2016-06-03	3.99
2016-06-06	4.09
2016-06-07	4.07
2016-06-08	4.15
2016-06-09	4.3
2016-06-10	4.21
2016-06-13	4.2
2016-06-14	4.11
2016-06-15	4.35
2016-06-16	4.39
2016-06-17	4.55
2016-06-20	4.61
2016-06-21	4.45
2016-06-22	4.38
2016-06-23	4.46
2016-06-24	4.83
2016-06-27	4.82
2016-06-28	4.36
2016-06-29	4.41
2016-06-30	4.46
2016-07-01	4.64
2016-07-05	4.8
2016-07-06	5.04
2016-07-07	4.72
2016-07-08	4.9
2016-07-11	5.14
2016-07-12	4.93
2016-07-13	5.21
2016-07-14	5.23
2016-07-15	5.17
2016-07-18	5.22
2016-07-19	5.14
2016-07-20	4.8
2016-07-21	5.15
2016-07-22	5.18
2016-07-25	4.98
2016-07-26	5.12
2016-07-27	5.35
2016-07-28	5.42
2016-07-29	5.68
2016-08-01	5.9
2016-08-02	5.78
2016-08-03	5.82
2016-08-04	5.94
2016-08-05	5.77
2016-08-08	5.84
2016-08-09	6.18
2016-08-10	6.43
2016-08-11	6.44
2016-08-12	6.53
2016-08-15	6.53
2016-08-16	6.54
2016-08-17	6.4
2016-08-18	6.5
2016-08-19	6.22
2016-08-22	6.21
2016-08-23	6.05
2016-08-24	5.39
2016-08-25	5.61
2016-08-26	5.61
2016-08-29	5.72
2016-08-30	5.43
2016-08-31	5.27
2016-09-01	5.71
2016-09-02	6.01
2016-09-06	6.54
2016-09-07	6.52
2016-09-08	6.45
2016-09-09	6.09
2016-09-12	6.4
2016-09-13	6.21
2016-09-14	6.06
2016-09-15	5.71
2016-09-16	5.38
2016-09-19	5.38
2016-09-20	5.27
2016-09-21	5.56
2016-09-22	5.31
2016-09-23	5.06
2016-09-26	5.02
2016-09-27	4.93
2016-09-28	5.14
2016-09-29	5.05
2016-09-30	5.03
2016-10-03	5.06
2016-10-04	4.59
2016-10-05	4.55
2016-10-06	4.43
2016-10-07	4.5
2016-10-10	4.63
2016-10-11	4.49
2016-10-12	4.54
2016-10-13	4.68
2016-10-14	4.58
2016-10-17	4.63
2016-10-18	4.95
2016-10-19	5.0
2016-10-20	4.98
2016-10-21	4.93
2016-10-24	4.8
2016-10-25	4.89
2016-10-26	4.76
2016-10-27	4.64
2016-10-28	4.68
2016-10-31	4.82
2016-11-01	4.99
2016-11-02	4.8
2016-11-03	4.96
2016-11-04	4.88
2016-11-07	4.67
2016-11-08	4.64
2016-11-09	4.64
2016-11-10	4.16
2016-11-11	3.75
2016-11-14	3.87
2016-11-15	4.03
2016-11-16	3.94
2016-11-17	3.78
2016-11-18	3.75
2016-11-21	3.88
2016-11-22	3.89
2016-11-23	3.68
2016-11-25	3.66
2016-11-28	3.81
2016-11-29	3.76
2016-11-30	3.7
2016-12-01	3.74
2016-12-02	3.92
2016-12-05	3.96
2016-12-06	3.9
2016-12-07	3.99
2016-12-08	4.02
2016-12-09	3.84
2016-12-12	3.78
2016-12-13	3.76
2016-12-14	3.6
2016-12-15	3.38
2016-12-16	3.28
2016-12-19	3.34
2016-12-20	3.38
2016-12-21	3.37
2016-12-22	3.41
2016-12-23	3.48
2016-12-27	3.55
2016-12-28	3.77
2016-12-29	4.13
2016-12-30	3.9
2017-01-03	4.16
2017-01-04	4.2
2017-01-05	4.42
2017-01-06	4.16
2017-01-09	4.27
2017-01-10	4.31
2017-01-11	4.36
2017-01-12	4.3
2017-01-13	4.3
2017-01-17	4.51
2017-01-18	4.36
2017-01-19	4.33
2017-01-20	4.41
2017-01-23	4.46
2017-01-24	4.37
2017-01-25	4.32
2017-01-26	4.23
2017-01-27	4.31
2017-01-30	4.29
2017-01-31	4.42
2017-02-01	4.5
2017-02-02	4.39
2017-02-03	4.56
2017-02-06	4.94
2017-02-07	4.9
2017-02-08	5.01
2017-02-09	4.81
2017-02-10	4.82
2017-02-13	4.84
2017-02-14	4.82
2017-02-15	4.77
2017-02-16	4.91
2017-02-17	4.66
2017-02-21	4.68
2017-02-22	4.61
2017-02-23	4.64
2017-02-24	4.54
2017-02-27	4.17
2017-02-28	4.19
2017-03-01	4.3
2017-03-02	4.03
2017-03-03	4.2
2017-03-06	4.08
2017-03-07	4.08
2017-03-08	4.03
2017-03-09	3.98
2017-03-10	4.15
2017-03-13	4.4
2017-03-14	4.18
2017-03-15	4.45
2017-03-16	4.38
2017-03-17	4.11
2017-03-20	4.3
2017-03-21	4.36
2017-03-22	4.35
2017-03-23	4.29
2017-03-24	4.29
2017-03-27	4.42
2017-03-28	4.35
2017-03-29	4.34
2017-03-30	4.22
2017-03-31	4.27
2017-04-03	4.42
2017-04-04	4.48
2017-04-05	4.48
2017-04-06	4.48
2017-04-07	4.41
2017-04-10	4.45
2017-04-11	4.47
2017-04-12	4.59
2017-04-13	4.49
2017-04-17	4.55
2017-04-18	4.56
2017-04-19	4.34
2017-04-20	4.29
2017-04-21	4.37
2017-04-24	4.12
2017-04-25	4.04
2017-04-26	3.64
2017-04-27	3.55
2017-04-28	3.48
2017-05-01	3.44
2017-05-02	3.43
2017-05-03	3.36
2017-05-04	3.22
2017-05-05	3.33
2017-05-08	3.38
2017-05-09	3.39
2017-05-10	3.52
2017-05-11	3.59
2017-05-12	3.61
2017-05-15	3.64
2017-05-16	3.68
2017-05-17	3.7
2017-05-18	3.55
2017-05-19	3.54
2017-05-22	3.64
2017-05-23	3.53
2017-05-24	3.45
2017-05-25	3.42
2017-05-26	3.45
2017-05-30	3.4
2017-05-31	3.39
2017-06-01	3.42
2017-06-02	3.45
2017-06-05	3.61
2017-06-06	3.81
2017-06-07	3.95
2017-06-08	3.79
2017-06-09	3.63
2017-06-12	3.81
2017-06-13	3.84
2017-06-14	3.64
2017-06-15	3.63
2017-06-16	3.55
2017-06-19	3.62
2017-06-20	3.61
2017-06-21	3.63
2017-06-22	3.61
2017-06-23	3.71
2017-06-26	3.72
2017-06-27	3.73
2017-06-28	3.84
2017-06-29	3.83
2017-06-30	3.87
2017-07-03	3.75
2017-07-05	3.81
2017-07-06	3.87
2017-07-07	3.84
2017-07-10	4.14
2017-07-11	4.13
2017-07-12	4.21
2017-07-13	4.11
2017-07-14	4.16
2017-07-17	4.11
2017-07-18	4.11
2017-07-19	4.14
2017-07-20	4.25
2017-07-21	4.18
2017-07-24	4.03
2017-07-25	4.03
2017-07-26	4.23
2017-07-27	4.02
2017-07-28	4.18
2017-07-31	4.13
2017-08-01	4.14
2017-08-02	4.05
2017-08-03	4.02
2017-08-04	3.87
2017-08-07	4.04
2017-08-08	4.03
2017-08-09	4.23
2017-08-10	4.33
2017-08-11	4.34
2017-08-14	4.36
2017-08-15	4.28
2017-08-16	4.44
2017-08-17	4.4
2017-08-18	4.42
2017-08-21	4.41
2017-08-22	4.38
2017-08-23	4.44
2017-08-24	4.4
2017-08-25	4.62
2017-08-28	4.75
2017-08-29	4.69
2017-08-30	4.62
2017-08-31	4.74
2017-09-01	4.75
2017-09-05	4.89
2017-09-06	4.84
2017-09-07	4.95
2017-09-08	4.85
2017-09-11	4.78
2017-09-12	4.84
2017-09-13	4.71
2017-09-14	4.8
2017-09-15	4.79
2017-09-18	4.58
2017-09-19	4.72
2017-09-20	4.61
2017-09-21	4.6
2017-09-22	4.72
2017-09-25	4.67
2017-09-26	4.6
2017-09-27	4.54
2017-09-28	4.55
2017-09-29	4.54
2017-10-02	4.6
2017-10-03	4.61
2017-10-04	4.66
2017-10-05	4.59
2017-10-06	4.73
2017-10-09	4.82
2017-10-10	4.72
2017-10-11	4.76
2017-10-12	4.71
2017-10-13	4.63
2017-10-16	4.5
2017-10-17	4.5
2017-10-18	4.41
2017-10-19	4.41
2017-10-20	4.4
2017-10-23	4.38
2017-10-24	4.33
2017-10-25	4.38
2017-10-26	4.25
2017-10-27	4.35
2017-10-30	4.38
2017-10-31	4.31
2017-11-01	4.25
2017-11-02	4.48
2017-11-03	4.4
2017-11-06	4.41
2017-11-07	4.41
2017-11-08	4.42
2017-11-09	4.49
2017-11-10	4.38
2017-11-13	4.38
2017-11-14	4.34
2017-11-15	4.47
2017-11-16	4.43
2017-11-17	4.53
2017-11-20	4.47
2017-11-21	4.58
2017-11-22	4.58
2017-11-24	4.53
2017-11-27	4.49
2017-11-28	4.44
2017-11-29	4.43
2017-11-30	4.36
2017-12-01	4.43
2017-12-04	4.38
2017-12-05	4.3
2017-12-06	4.35
2017-12-07	4.25
2017-12-08	4.28
2017-12-11	4.33
2017-12-12	4.34
2017-12-13	4.55
2017-12-14	4.72
2017-12-15	4.58
2017-12-18	4.65
2017-12-19	4.69
2017-12-20	4.85
2017-12-21	4.83
2017-12-22	5.04
2017-12-26	5.21
2017-12-27	5.16
2017-12-28	5.01
2017-12-29	4.99
2018-01-02	5.04
2018-01-03	4.99
2018-01-04	5.28
2018-01-05	5.24
2018-01-08	5.05
2018-01-09	5.02
2018-01-10	5.08
2018-01-11	5.06
2018-01-12	5.17
2018-01-16	5.25
2018-01-17	5.09
2018-01-18	5.05
2018-01-19	5.15
2018-01-22	5.13
2018-01-23	5.35
2018-01-24	5.55
2018-01-25	5.29
2018-01-26	5.37
2018-01-29	5.11
2018-01-30	5.08
2018-01-31	5.25
2018-02-01	5.15
2018-02-02	4.9
2018-02-05	4.97
2018-02-06	4.8
2018-02-07	4.76
2018-02-08	4.82
2018-02-09	4.58
2018-02-12	4.84
2018-02-13	4.81
2018-02-14	5.1
2018-02-15	5.14
2018-02-16	4.83
2018-02-20	4.57
2018-02-21	4.64
2018-02-22	4.63
2018-02-23	4.66
2018-02-26	4.81
2018-02-27	4.65
2018-02-28	4.6
2018-03-01	4.67
2018-03-02	4.68
2018-03-05	4.71
2018-03-06	4.82
2018-03-07	4.61
2018-03-08	4.61
2018-03-09	4.62
2018-03-12	4.55
2018-03-13	4.52
2018-03-14	4.52
2018-03-15	4.46
2018-03-16	4.46
2018-03-19	4.46
2018-03-20	4.62
2018-03-21	4.72
2018-03-22	4.66
2018-03-23	4.82
2018-03-26	4.91
2018-03-27	4.84
2018-03-28	4.72
2018-03-29	4.76
2018-04-02	4.92
2018-04-03	4.79
2018-04-04	4.74
2018-04-05	4.69
2018-04-06	4.71
2018-04-09	4.76
2018-04-10	4.77
2018-04-11	4.81
2018-04-12	4.71
2018-04-13	4.77
2018-04-16	4.72
2018-04-17	4.72
2018-04-18	4.81
2018-04-19	4.73
2018-04-20	4.66
2018-04-23	4.51
2018-04-24	4.58
2018-04-25	4.54
2018-04-26	4.62
2018-04-27	4.65
2018-04-30	4.63
2018-05-01	4.67
2018-05-02	4.76
2018-05-03	4.75
2018-05-04	4.74
2018-05-07	4.73
2018-05-08	4.78
2018-05-09	4.74
2018-05-10	4.79
2018-05-11	4.81
2018-05-14	4.71
2018-05-15	4.51
2018-05-16	4.46
2018-05-17	4.43
2018-05-18	4.54
2018-05-21	4.48
2018-05-22	4.57
2018-05-23	4.59
2018-05-24	4.67
2018-05-25	4.63
2018-05-29	4.62
2018-05-30	4.57
2018-05-31	4.53
2018-06-01	4.53
2018-06-04	4.47
2018-06-05	4.51
2018-06-06	4.51
2018-06-07	4.46
2018-06-08	4.44
2018-06-11	4.43
2018-06-12	4.44
2018-06-13	4.52
2018-06-14	4.55
2018-06-15	4.56
2018-06-18	4.53
2018-06-19	4.5
2018-06-20	4.5
2018-06-21	4.48
2018-06-22	4.42
2018-06-25	4.34
2018-06-26	4.41
2018-06-27	4.44
2018-06-28	4.45
2018-06-29	4.5
2018-07-02	4.46
2018-07-03	4.57
2018-07-05	4.57
2018-07-06	4.67
2018-07-09	4.58
2018-07-10	4.53
2018-07-11	4.42
2018-07-12	4.39
2018-07-13	4.39
2018-07-16	4.44
2018-07-17	4.44
2018-07-18	4.43
2018-07-19	4.47
2018-07-20	4.48
2018-07-23	4.39
2018-07-24	4.35
2018-07-25	4.47
2018-07-26	4.44
2018-07-27	4.4
2018-07-30	4.35
2018-07-31	4.44
2018-08-01	4.35
2018-08-02	4.26
2018-08-03	4.28
2018-08-06	4.32
2018-08-07	4.24
2018-08-08	4.25
2018-08-09	4.25
2018-08-10	4.22
2018-08-13	4.07
2018-08-14	3.99
2018-08-15	3.69
2018-08-16	3.54
2018-08-17	3.58
2018-08-20	3.69
2018-08-21	3.69
2018-08-22	3.73
2018-08-23	3.56
2018-08-24	3.76
2018-08-27	3.89
2018-08-28	3.83
2018-08-29	3.83
2018-08-30	3.85
2018-08-31	3.86
2018-09-04	3.74
2018-09-05	3.79
2018-09-06	3.82
2018-09-07	3.84
2018-09-10	3.8
2018-09-11	3.75
2018-09-12	3.82
2018-09-13	3.77
2018-09-14	3.68
2018-09-17	3.77
2018-09-18	3.75
2018-09-19	3.81
2018-09-20	3.83
2018-09-21	3.75
2018-09-24	3.77
2018-09-25	3.86
2018-09-26	3.76
2018-09-27	3.71
2018-09-28	3.73
2018-10-01	3.75
2018-10-02	3.87
2018-10-03	3.82
2018-10-04	3.88
2018-10-05	3.84
2018-10-08	3.91
2018-10-09	3.8
2018-10-10	3.84
2018-10-11	4.09
2018-10-12	4.11
2018-10-15	4.12
2018-10-16	4.07
2018-10-17	4.14
2018-10-18	4.1
2018-10-19	4.16
2018-10-22	4.03
2018-10-23	4.03
2018-10-24	3.9
2018-10-25	3.75
2018-10-26	3.79
2018-10-29	3.76
2018-10-30	3.79
2018-10-31	3.67
2018-11-01	3.84
2018-11-02	3.82
2018-11-05	3.76
2018-11-06	3.79
2018-11-07	3.71
2018-11-08	3.68
2018-11-09	3.74
2018-11-12	3.58
2018-11-13	3.5
2018-11-14	3.68
2018-11-15	3.9
2018-11-16	3.94
2018-11-19	3.97
2018-11-20	3.98
2018-11-21	4.12
2018-11-23	4.12
2018-11-26	4.01
2018-11-27	4.01
2018-11-28	4.14
2018-11-29	4.15
2018-11-30	4.19
2018-12-03	4.25
2018-12-04	4.23
2018-12-06	4.17
2018-12-07	4.34
2018-12-10	4.33
2018-12-11	4.33
2018-12-12	4.4
2018-12-13	4.43
2018-12-14	4.36
2018-12-17	4.45
2018-12-18	4.58
2018-12-19	4.4
2018-12-20	4.49
2018-12-21	4.56
2018-12-24	4.57
2018-12-26	4.56
2018-12-27	4.54
2018-12-28	4.53
2018-12-31	4.61
2019-01-02	4.63
2019-01-03	4.77
2019-01-04	4.79
2019-01-07	4.66
2019-01-08	4.66
2019-01-09	4.79
2019-01-10	4.74
2019-01-11	4.71
2019-01-14	4.75
2019-01-15	4.63
2019-01-16	4.55
2019-01-17	4.52
2019-01-18	4.41
2019-01-22	4.52
2019-01-23	4.54
2019-01-24	4.58
2019-01-25	4.74
2019-01-28	4.82
2019-01-29	4.99
2019-01-30	5.05
2019-01-31	5.25
2019-02-01	5.25
2019-02-04	5.24
2019-02-05	5.29
2019-02-06	5.31
2019-02-07	5.35
2019-02-08	5.52
2019-02-11	5.39
2019-02-12	5.4
2019-02-13	5.39
2019-02-14	5.42
2019-02-15	5.49
2019-02-19	5.63
2019-02-20	5.62
2019-02-21	5.78
2019-02-22	5.8
2019-02-25	5.68
2019-02-26	5.8
2019-02-27	5.67
2019-02-28	5.62
2019-03-01	5.46
2019-03-04	5.45
2019-03-05	5.47
2019-03-06	5.43
2019-03-07	5.46
2019-03-08	5.68
2019-03-11	5.57
2019-03-12	5.71
2019-03-13	5.79
2019-03-14	5.65
2019-03-15	5.62
2019-03-18	5.57
2019-03-19	5.64
2019-03-20	5.74
2019-03-21	5.75
2019-03-22	5.72
2019-03-25	5.81
2019-03-26	5.82
2019-03-27	5.71
2019-03-28	5.58
2019-03-29	5.48
2019-04-01	5.4
2019-04-02	5.42
2019-04-03	5.38
2019-04-04	5.49
2019-04-05	5.57
2019-04-08	5.62
2019-04-09	5.7
2019-04-10	5.62
2019-04-11	5.59
2019-04-12	5.53
2019-04-15	5.63
2019-04-16	5.45
2019-04-17	5.52
2019-04-18	5.47
2019-04-22	5.32
2019-04-23	5.17
2019-04-24	5.25
2019-04-25	5.15
2019-04-26	5.39
2019-04-29	5.26
2019-04-30	5.37
2019-05-01	5.21
2019-05-02	5.14
2019-05-03	5.15
2019-05-06	5.18
2019-05-07	5.3
2019-05-08	5.12
2019-05-09	5.11
2019-05-10	5.07
2019-05-13	5.22
2019-05-14	5.17
2019-05-15	5.17
2019-05-16	5.18
2019-05-17	5.21
2019-05-20	5.13
2019-05-21	5.14
2019-05-22	5.07
2019-05-23	5.07
2019-05-24	5.07
2019-05-28	5.0
2019-05-29	5.0
2019-05-30	5.12
2019-05-31	5.45
2019-06-03	5.61
2019-06-04	5.57
2019-06-05	5.54
2019-06-06	5.56
2019-06-07	5.47
2019-06-10	5.35
2019-06-11	5.3
2019-06-12	5.43
2019-06-13	5.45
2019-06-14	5.45
2019-06-17	5.52
2019-06-18	5.52
2019-06-19	5.54
2019-06-20	5.66
2019-06-21	5.67
2019-06-24	5.79
2019-06-25	5.81
2019-06-26	5.67
2019-06-27	5.64
2019-06-28	5.54
2019-07-01	5.38
2019-07-02	5.66
2019-07-03	5.65
2019-07-05	5.54
2019-07-08	5.39
2019-07-09	5.49
2019-07-10	5.59
2019-07-11	5.58
2019-07-12	5.69
2019-07-15	5.68
2019-07-16	5.65
2019-07-17	5.9
2019-07-18	6.43
2019-07-19	6.52
2019-07-22	6.52
2019-07-23	6.47
2019-07-24	6.82
2019-07-25	6.48
2019-07-26	6.45
2019-07-29	6.5
2019-07-30	6.62
2019-07-31	6.14
2019-08-01	6.47
2019-08-02	6.2
2019-08-05	6.76
2019-08-06	6.54
2019-08-07	6.58
2019-08-08	6.6
2019-08-09	6.56
2019-08-12	6.52
2019-08-13	6.34
2019-08-14	6.21
2019-08-15	6.3
2019-08-16	6.0
2019-08-19	6.05
2019-08-20	6.31
2019-08-21	6.28
2019-08-22	6.21
2019-08-23	6.48
2019-08-26	6.42
2019-08-27	6.52
2019-08-28	6.47
2019-08-29	6.24
2019-08-30	6.23
2019-09-03	6.34
2019-09-04	6.32
2019-09-05	5.9
2019-09-06	5.79
2019-09-09	5.64
2019-09-10	5.63
2019-09-11	5.7
2019-09-12	5.58
2019-09-13	5.58
2019-09-16	5.63
2019-09-17	5.83
2019-09-18	5.69
2019-09-19	5.83
2019-09-20	5.91
2019-09-23	6.1
2019-09-24	6.18
2019-09-25	5.91
2019-09-26	5.85
2019-09-27	5.85
2019-09-30	5.64
2019-10-01	5.67
2019-10-02	5.69
2019-10-03	5.68
2019-10-04	5.88
2019-10-07	5.83
2019-10-08	5.98
2019-10-09	5.84
2019-10-10	5.91
2019-10-11	5.78
2019-10-14	5.92
2019-10-15	5.64
2019-10-16	5.71
2019-10-17	5.88
2019-10-18	5.87
2019-10-21	5.77
2019-10-22	5.87
2019-10-23	5.79
2019-10-24	6.02
2019-10-25	6.1
2019-10-28	6.01
2019-10-29	6.18
2019-10-30	6.35
2019-10-31	7.1
2019-11-01	7.04
2019-11-04	6.96
2019-11-05	6.76
2019-11-06	6.85
2019-11-07	6.61
2019-11-08	6.53
2019-11-11	6.44
2019-11-12	6.61
2019-11-13	6.68
2019-11-14	6.84
2019-11-15	6.67
2019-11-18	6.74
2019-11-19	6.73
2019-11-20	6.83
2019-11-21	6.58
2019-11-22	6.56
2019-11-25	6.49
2019-11-26	6.64
2019-11-27	6.58
2019-11-29	6.73
2019-12-02	6.72
2019-12-03	6.92
2019-12-04	6.8
2019-12-05	6.88
2019-12-06	6.66
2019-12-09	6.65
2019-12-10	6.75
2019-12-11	6.89
2019-12-12	6.83
2019-12-13	6.92
2019-12-16	6.8
2019-12-17	6.78
2019-12-18	6.79
2019-12-19	6.9
2019-12-20	6.67
2019-12-23	7.11
2019-12-24	7.31
2019-12-26	7.45
2019-12-27	7.34
2019-12-30	7.53
2019-12-31	7.45
2020-01-02	7.45
2020-01-03	7.34
2020-01-06	7.04
2020-01-07	7.2
2020-01-08	6.86
2020-01-09	6.78
2020-01-10	6.88
2020-01-13	6.68
2020-01-14	6.8
2020-01-15	6.98
2020-01-16	6.99
2020-01-17	6.9
2020-01-21	6.88
2020-01-22	6.8
2020-01-23	6.85
2020-01-24	6.98
2020-01-27	6.89
2020-01-28	6.75
2020-01-29	6.9
2020-01-30	6.85
2020-01-31	6.86
2020-02-03	6.67
2020-02-04	6.58
2020-02-05	6.6
2020-02-06	6.79
2020-02-07	6.71
2020-02-10	6.84
2020-02-11	6.88
2020-02-12	6.83
2020-02-13	6.9
2020-02-14	7.13
2020-02-18	7.26
2020-02-19	7.22
2020-02-20	7.19
2020-02-21	7.57
2020-02-24	7.66
2020-02-25	7.42
2020-02-26	7.39
2020-02-27	6.8
2020-02-28	5.93
2020-03-02	6.06
2020-03-03	6.26
2020-03-04	6.16
2020-03-05	6.34
2020-03-06	6.32
2020-03-09	5.79
2020-03-10	5.74
2020-03-11	5.12
2020-03-12	4.26
2020-03-13	3.88
2020-03-16	4.67
2020-03-17	5.69
2020-03-18	4.78
2020-03-19	4.95
2020-03-20	4.52
2020-03-23	4.99
2020-03-24	5.38
2020-03-25	5.75
2020-03-26	5.89
2020-03-27	5.34
2020-03-30	5.13
2020-03-31	5.01
2020-04-01	5.26
2020-04-02	5.49
2020-04-03	5.32
2020-04-06	5.72
2020-04-07	5.69
2020-04-08	5.63
2020-04-09	5.79
2020-04-13	6.54
2020-04-14	6.56
2020-04-15	6.49
2020-04-16	6.66
2020-04-17	6.42
